date,candidate_id,key,family,verdict,p,recent_p
2026-06-22,cal_11bf800cae,world_cup_year_nasdaq,calendar,faded,0.000999,0.135864
2026-06-22,cal_146a3e8961,dow_nasdaq,calendar,faded,0.000999,0.597403
2026-06-22,cal_2a991b85ee,sell_in_may_nasdaq,calendar,dead,0.040959,0.512488
2026-06-22,cal_2e5f17d421,month_nasdaq,calendar,inconclusive,0.315684,0.609391
2026-06-22,cal_6a08a2ccb6,pre_holiday_nasdaq,calendar,dead,0.125874,0.203796
2026-06-22,cal_7114c0729a,month_sp500,calendar,inconclusive,0.015984,0.13986
2026-06-22,cal_79870937ed,world_cup_year_sp500,calendar,dead,0.014985,0.171828
2026-06-22,cal_82e1f1d8c9,pre_holiday_sp500,calendar,dead,0.074925,0.142857
2026-06-22,cal_85cc7cc6d7,dow_sp500,calendar,faded,0.000999,0.819181
2026-06-22,cal_8d5125126b,term_year3_sp500,calendar,inconclusive,0.04995,
2026-06-22,cal_8fe611a742,santa_nasdaq,calendar,dead,0.007992,0.222777
2026-06-22,cal_94c08fa012,santa_sp500,calendar,faded,0.000999,0.18981
2026-06-22,cal_bbcc723bdf,decade_digit_sp500,calendar,inconclusive,0.163836,
2026-06-22,cal_bc77212229,sell_in_may_sp500,calendar,dead,0.082917,0.248751
2026-06-22,cal_ec09c00a99,presidential_cycle_sp500,calendar,inconclusive,0.300699,
2026-06-22,fac_4beec74249,BTC_mom20_neg,factor,dead,0.006,0.006
2026-06-22,fac_70486895ee,dxy_rising,factor,dead,0.506,0.963
2026-06-22,fac_7578b1d58f,vix_backwardation,factor,dead,0.827,0.701
2026-06-22,fac_778b84a969,NASDAQ_mom20_neg,factor,dead,0.047,0.465
2026-06-22,fac_79cf4a9a7b,NASDAQ_above_ma200,factor,dead,0.008,0.06
2026-06-22,fac_a1bf6a105c,nasdaq_rsi_overbought,factor,dead,0.276,0.465
2026-06-22,fac_ab89704768,nasdaq_high_vol,factor,faded,0.004,0.992
2026-06-22,fac_bed960d3e2,NASDAQ_mom20_pos,factor,dead,0.428,0.737
2026-06-22,fac_c872e5eb69,BTC_above_ma200,factor,dead,0.165,0.142
2026-06-22,fac_cc60102eac,dxy_falling,factor,dead,0.723,0.694
2026-06-22,fac_d738a0c3fd,nasdaq_low_vol,factor,dead,0.269,0.56
2026-06-22,fac_d8a4f38258,overnight_mom_neg,factor,dead,0.272,0.345
2026-06-22,fac_dcbd9f57b5,overnight_mom_pos,factor,dead,0.272,0.345
2026-06-22,fac_e2be6309e8,nasdaq_rsi_oversold,factor,dead,0.51,0.349
2026-06-22,fac_f834dcf2c0,BTC_mom20_pos,factor,survive,0.0,0.004
2026-06-22,reb_018df927fb,p1_h5_sp500,rebound,dead,0.288,0.613
2026-06-22,reb_0b54f655e4,p10_h1_nasdaq,rebound,faded,0.0,0.411
2026-06-22,reb_183bf3c31c,p5_h1_sp500,rebound,dead,0.906,0.261
2026-06-22,reb_2617209d72,p10_h5_nasdaq,rebound,faded,0.001,0.265
2026-06-22,reb_2b218993db,p1_h5_nasdaq,rebound,dead,0.544,0.89
2026-06-22,reb_7155c924ca,p10_h1_sp500,rebound,dead,0.25,0.09
2026-06-22,reb_7e3e4a8d62,p1_h1_sp500,rebound,dead,0.263,0.544
2026-06-22,reb_8055fe6f4a,p1_h1_nasdaq,rebound,dead,0.222,0.482
2026-06-22,reb_91f1615526,p10_h5_sp500,rebound,dead,0.028,0.73
2026-06-22,reb_9adb2feef5,p5_h1_nasdaq,rebound,faded,0.0,0.102
2026-06-22,reb_b016e921c3,p5_h5_sp500,rebound,dead,0.34,0.643
2026-06-22,reb_b61bcf84d2,p5_h5_nasdaq,rebound,dead,0.045,0.06
2026-06-23,cal_11bf800cae,world_cup_year_nasdaq,calendar,faded,0.002997,0.118881
2026-06-23,cal_146a3e8961,dow_nasdaq,calendar,faded,0.000999,0.628372
2026-06-23,cal_2a991b85ee,sell_in_may_nasdaq,calendar,dead,0.033966,0.497502
2026-06-23,cal_2e5f17d421,month_nasdaq,calendar,inconclusive,0.311688,0.616384
2026-06-23,cal_6a08a2ccb6,pre_holiday_nasdaq,calendar,dead,0.120879,0.171828
2026-06-23,cal_7114c0729a,month_sp500,calendar,inconclusive,0.016983,0.137862
2026-06-23,cal_79870937ed,world_cup_year_sp500,calendar,dead,0.010989,0.16983
2026-06-23,cal_82e1f1d8c9,pre_holiday_sp500,calendar,dead,0.061938,0.143856
2026-06-23,cal_85cc7cc6d7,dow_sp500,calendar,faded,0.000999,0.85015
2026-06-23,cal_8d5125126b,term_year3_sp500,calendar,inconclusive,0.04995,
2026-06-23,cal_8fe611a742,santa_nasdaq,calendar,faded,0.005994,0.220779
2026-06-23,cal_94c08fa012,santa_sp500,calendar,faded,0.001998,0.196803
2026-06-23,cal_bbcc723bdf,decade_digit_sp500,calendar,inconclusive,0.163836,
2026-06-23,cal_bc77212229,sell_in_may_sp500,calendar,dead,0.073926,0.242757
2026-06-23,cal_ec09c00a99,presidential_cycle_sp500,calendar,inconclusive,0.300699,
2026-06-23,fac_4beec74249,BTC_mom20_neg,factor,survive,0.005,0.005
2026-06-23,fac_70486895ee,dxy_rising,factor,dead,0.492,0.998
2026-06-23,fac_7578b1d58f,vix_backwardation,factor,dead,0.832,0.694
2026-06-23,fac_778b84a969,NASDAQ_mom20_neg,factor,dead,0.047,0.469
2026-06-23,fac_79cf4a9a7b,NASDAQ_above_ma200,factor,dead,0.007,0.068
2026-06-23,fac_a1bf6a105c,nasdaq_rsi_overbought,factor,dead,0.28,0.458
2026-06-23,fac_ab89704768,nasdaq_high_vol,factor,faded,0.005,0.989
2026-06-23,fac_bed960d3e2,NASDAQ_mom20_pos,factor,dead,0.437,0.729
2026-06-23,fac_c872e5eb69,BTC_above_ma200,factor,dead,0.179,0.137
2026-06-23,fac_cc60102eac,dxy_falling,factor,dead,0.729,0.725
2026-06-23,fac_d738a0c3fd,nasdaq_low_vol,factor,dead,0.283,0.564
2026-06-23,fac_d8a4f38258,overnight_mom_neg,factor,dead,0.271,0.357
2026-06-23,fac_dcbd9f57b5,overnight_mom_pos,factor,dead,0.271,0.357
2026-06-23,fac_e2be6309e8,nasdaq_rsi_oversold,factor,dead,0.513,0.342
2026-06-23,fac_f834dcf2c0,BTC_mom20_pos,factor,survive,0.0,0.005
2026-06-23,reb_018df927fb,p1_h5_sp500,rebound,dead,0.273,0.6
2026-06-23,reb_0b54f655e4,p10_h1_nasdaq,rebound,faded,0.0,0.418
2026-06-23,reb_183bf3c31c,p5_h1_sp500,rebound,dead,0.882,0.239
2026-06-23,reb_2617209d72,p10_h5_nasdaq,rebound,faded,0.001,0.266
2026-06-23,reb_2b218993db,p1_h5_nasdaq,rebound,dead,0.54,0.904
2026-06-23,reb_7155c924ca,p10_h1_sp500,rebound,dead,0.248,0.086
2026-06-23,reb_7e3e4a8d62,p1_h1_sp500,rebound,dead,0.263,0.542
2026-06-23,reb_8055fe6f4a,p1_h1_nasdaq,rebound,dead,0.218,0.506
2026-06-23,reb_91f1615526,p10_h5_sp500,rebound,dead,0.026,0.714
2026-06-23,reb_9adb2feef5,p5_h1_nasdaq,rebound,faded,0.001,0.102
2026-06-23,reb_b016e921c3,p5_h5_sp500,rebound,dead,0.353,0.657
2026-06-23,reb_b61bcf84d2,p5_h5_nasdaq,rebound,dead,0.036,0.068
2026-06-24,cal_11bf800cae,world_cup_year_nasdaq,calendar,faded,0.002997,0.118881
2026-06-24,cal_146a3e8961,dow_nasdaq,calendar,faded,0.000999,0.631369
2026-06-24,cal_2a991b85ee,sell_in_may_nasdaq,calendar,dead,0.033966,0.496503
2026-06-24,cal_2e5f17d421,month_nasdaq,calendar,inconclusive,0.311688,0.615385
2026-06-24,cal_6a08a2ccb6,pre_holiday_nasdaq,calendar,dead,0.120879,0.171828
2026-06-24,cal_7114c0729a,month_sp500,calendar,inconclusive,0.016983,0.136863
2026-06-24,cal_79870937ed,world_cup_year_sp500,calendar,dead,0.010989,0.16983
2026-06-24,cal_82e1f1d8c9,pre_holiday_sp500,calendar,dead,0.061938,0.143856
2026-06-24,cal_85cc7cc6d7,dow_sp500,calendar,faded,0.000999,0.853147
2026-06-24,cal_8d5125126b,term_year3_sp500,calendar,inconclusive,0.04995,
2026-06-24,cal_8fe611a742,santa_nasdaq,calendar,faded,0.005994,0.220779
2026-06-24,cal_94c08fa012,santa_sp500,calendar,faded,0.001998,0.196803
2026-06-24,cal_bbcc723bdf,decade_digit_sp500,calendar,inconclusive,0.163836,
2026-06-24,cal_bc77212229,sell_in_may_sp500,calendar,dead,0.073926,0.242757
2026-06-24,cal_ec09c00a99,presidential_cycle_sp500,calendar,inconclusive,0.300699,
2026-06-24,fac_4beec74249,BTC_mom20_neg,factor,survive,0.005,0.005
2026-06-24,fac_70486895ee,dxy_rising,factor,dead,0.492,0.998
2026-06-24,fac_7578b1d58f,vix_backwardation,factor,dead,0.832,0.694
2026-06-24,fac_778b84a969,NASDAQ_mom20_neg,factor,dead,0.047,0.469
2026-06-24,fac_79cf4a9a7b,NASDAQ_above_ma200,factor,dead,0.007,0.068
2026-06-24,fac_a1bf6a105c,nasdaq_rsi_overbought,factor,dead,0.28,0.458
2026-06-24,fac_ab89704768,nasdaq_high_vol,factor,faded,0.005,0.989
2026-06-24,fac_bed960d3e2,NASDAQ_mom20_pos,factor,dead,0.437,0.729
2026-06-24,fac_c872e5eb69,BTC_above_ma200,factor,dead,0.179,0.137
2026-06-24,fac_cc60102eac,dxy_falling,factor,dead,0.729,0.725
2026-06-24,fac_d738a0c3fd,nasdaq_low_vol,factor,dead,0.283,0.564
2026-06-24,fac_d8a4f38258,overnight_mom_neg,factor,dead,0.271,0.357
2026-06-24,fac_dcbd9f57b5,overnight_mom_pos,factor,dead,0.271,0.357
2026-06-24,fac_e2be6309e8,nasdaq_rsi_oversold,factor,dead,0.513,0.342
2026-06-24,fac_f834dcf2c0,BTC_mom20_pos,factor,survive,0.0,0.005
2026-06-24,reb_018df927fb,p1_h5_sp500,rebound,dead,0.273,0.6
2026-06-24,reb_0b54f655e4,p10_h1_nasdaq,rebound,faded,0.0,0.418
2026-06-24,reb_183bf3c31c,p5_h1_sp500,rebound,dead,0.882,0.239
2026-06-24,reb_2617209d72,p10_h5_nasdaq,rebound,faded,0.001,0.266
2026-06-24,reb_2b218993db,p1_h5_nasdaq,rebound,dead,0.54,0.904
2026-06-24,reb_7155c924ca,p10_h1_sp500,rebound,dead,0.248,0.086
2026-06-24,reb_7e3e4a8d62,p1_h1_sp500,rebound,dead,0.263,0.542
2026-06-24,reb_8055fe6f4a,p1_h1_nasdaq,rebound,dead,0.218,0.506
2026-06-24,reb_91f1615526,p10_h5_sp500,rebound,dead,0.026,0.714
2026-06-24,reb_9adb2feef5,p5_h1_nasdaq,rebound,faded,0.001,0.102
2026-06-24,reb_b016e921c3,p5_h5_sp500,rebound,dead,0.353,0.657
2026-06-24,reb_b61bcf84d2,p5_h5_nasdaq,rebound,dead,0.036,0.068
2026-06-26,cal_021d07d02a,monthof_10_sp500,calendar,dead,0.924076,0.485514
2026-06-26,cal_02b889c7e0,monthof_8_sp500,calendar,dead,0.928072,0.65035
2026-06-26,cal_0662569f50,monthof_12_nasdaq,calendar,dead,0.485514,0.671329
2026-06-26,cal_11bf800cae,world_cup_year_nasdaq,calendar,faded,0.001998,0.12987
2026-06-26,cal_146a3e8961,dow_nasdaq,calendar,faded,0.000999,0.62038
2026-06-26,cal_19104677ae,monthof_6_sp500,calendar,dead,0.853147,0.440559
2026-06-26,cal_216be59585,monthof_11_nasdaq,calendar,dead,0.187812,0.362637
2026-06-26,cal_2a991b85ee,sell_in_may_nasdaq,calendar,dead,0.031968,0.496503
2026-06-26,cal_2bf2b4d53f,monthof_9_sp500,calendar,survive,0.000999,0.07992
2026-06-26,cal_2de632e38b,monthof_6_nasdaq,calendar,dead,0.937063,0.942058
2026-06-26,cal_2e5f17d421,month_nasdaq,calendar,inconclusive,0.312687,0.615385
2026-06-26,cal_2e7a9a5ca1,monthof_3_sp500,calendar,dead,0.683317,0.735265
2026-06-26,cal_345031f898,monthof_5_nasdaq,calendar,dead,0.603397,0.623377
2026-06-26,cal_456e8c2d5e,monthof_12_sp500,calendar,dead,0.258741,0.979021
2026-06-26,cal_4a891b25f0,monthof_8_nasdaq,calendar,dead,0.345654,0.815185
2026-06-26,cal_4aa242d26e,monthof_5_sp500,calendar,dead,0.261738,0.828172
2026-06-26,cal_4bf363bd79,monthof_7_sp500,calendar,dead,0.070929,0.394605
2026-06-26,cal_527d0ae2db,monthof_1_nasdaq,calendar,dead,0.052947,0.932068
2026-06-26,cal_579e6e1355,monthof_2_nasdaq,calendar,dead,0.438561,0.2997
2026-06-26,cal_597774dc60,monthof_1_sp500,calendar,dead,0.301698,0.536464
2026-06-26,cal_5a22160179,turn_of_month_sp500,calendar,faded,0.000999,0.234765
2026-06-26,cal_6a08a2ccb6,pre_holiday_nasdaq,calendar,dead,0.131868,0.186813
2026-06-26,cal_6ebedbd943,monthof_10_nasdaq,calendar,dead,0.652348,0.352647
2026-06-26,cal_7114c0729a,month_sp500,calendar,inconclusive,0.016983,0.136863
2026-06-26,cal_7738ecb1bc,turn_of_month_nasdaq,calendar,faded,0.001998,0.168831
2026-06-26,cal_79870937ed,world_cup_year_sp500,calendar,dead,0.010989,0.181818
2026-06-26,cal_7ded9a48d4,monthof_2_sp500,calendar,dead,0.196803,0.274725
2026-06-26,cal_82e1f1d8c9,pre_holiday_sp500,calendar,dead,0.075924,0.145854
2026-06-26,cal_85cc7cc6d7,dow_sp500,calendar,faded,0.000999,0.85015
2026-06-26,cal_8669d8c09d,monthof_11_sp500,calendar,dead,0.431568,0.145854
2026-06-26,cal_87670427d9,january_sp500,calendar,dead,0.144855,0.724276
2026-06-26,cal_8d5125126b,term_year3_sp500,calendar,inconclusive,0.04995,
2026-06-26,cal_8fe611a742,santa_nasdaq,calendar,dead,0.005994,0.205794
2026-06-26,cal_94c08fa012,santa_sp500,calendar,faded,0.001998,0.235764
2026-06-26,cal_bbcc723bdf,decade_digit_sp500,calendar,inconclusive,0.163836,
2026-06-26,cal_bc77212229,sell_in_may_sp500,calendar,dead,0.085914,0.231768
2026-06-26,cal_c3a33a6db5,monthof_4_sp500,calendar,dead,0.208791,0.17982
2026-06-26,cal_c8b0832b2e,monthof_7_nasdaq,calendar,dead,0.907093,0.509491
2026-06-26,cal_d4de5634d3,september_nasdaq,calendar,dead,0.00999,0.022977
2026-06-26,cal_e041ed5979,monthof_3_nasdaq,calendar,dead,0.615385,0.797203
2026-06-26,cal_e3052fad5c,monthof_4_nasdaq,calendar,dead,0.421578,0.532468
2026-06-26,cal_ec09c00a99,presidential_cycle_sp500,calendar,inconclusive,0.300699,
2026-06-26,cal_f70ee53794,monthof_9_nasdaq,calendar,dead,0.015984,0.048951
2026-06-26,cal_f80dd36a7a,january_nasdaq,calendar,dead,0.024975,0.480519
2026-06-26,cal_f923f81493,september_sp500,calendar,survive,0.001998,0.024975
2026-06-26,fac_4beec74249,BTC_mom20_neg,factor,survive,0.003,0.003
2026-06-26,fac_70486895ee,dxy_rising,factor,dead,0.486,0.928
2026-06-26,fac_7578b1d58f,vix_backwardation,factor,dead,0.82,0.65
2026-06-26,fac_778b84a969,NASDAQ_mom20_neg,factor,dead,0.045,0.508
2026-06-26,fac_79cf4a9a7b,NASDAQ_above_ma200,factor,dead,0.005,0.061
2026-06-26,fac_a1bf6a105c,nasdaq_rsi_overbought,factor,dead,0.265,0.42
2026-06-26,fac_ab89704768,nasdaq_high_vol,factor,faded,0.003,0.955
2026-06-26,fac_bed960d3e2,NASDAQ_mom20_pos,factor,dead,0.394,0.711
2026-06-26,fac_c872e5eb69,BTC_above_ma200,factor,dead,0.164,0.125
2026-06-26,fac_cc60102eac,dxy_falling,factor,dead,0.742,0.754
2026-06-26,fac_d738a0c3fd,nasdaq_low_vol,factor,dead,0.272,0.616
2026-06-26,fac_d8a4f38258,overnight_mom_neg,factor,dead,0.278,0.404
2026-06-26,fac_dcbd9f57b5,overnight_mom_pos,factor,dead,0.278,0.404
2026-06-26,fac_e2be6309e8,nasdaq_rsi_oversold,factor,dead,0.547,0.375
2026-06-26,fac_f834dcf2c0,BTC_mom20_pos,factor,survive,0.0,0.004
2026-06-26,reb_018df927fb,p1_h5_sp500,rebound,dead,0.274,0.574
2026-06-26,reb_0b54f655e4,p10_h1_nasdaq,rebound,faded,0.0,0.345
2026-06-26,reb_183bf3c31c,p5_h1_sp500,rebound,dead,0.892,0.249
2026-06-26,reb_2617209d72,p10_h5_nasdaq,rebound,faded,0.0,0.232
2026-06-26,reb_2b218993db,p1_h5_nasdaq,rebound,dead,0.545,0.885
2026-06-26,reb_7155c924ca,p10_h1_sp500,rebound,dead,0.268,0.081
2026-06-26,reb_7e3e4a8d62,p1_h1_sp500,rebound,dead,0.266,0.517
2026-06-26,reb_8055fe6f4a,p1_h1_nasdaq,rebound,dead,0.225,0.496
2026-06-26,reb_91f1615526,p10_h5_sp500,rebound,dead,0.026,0.732
2026-06-26,reb_9adb2feef5,p5_h1_nasdaq,rebound,survive,0.0,0.089
2026-06-26,reb_b016e921c3,p5_h5_sp500,rebound,dead,0.379,0.643
2026-06-26,reb_b61bcf84d2,p5_h5_nasdaq,rebound,dead,0.035,0.058
2026-06-26,reg_74448026aa,golden_cross_sp500,regime,survive,0.002,0.024
2026-06-26,reg_9c0efb465b,golden_cross_nasdaq,regime,dead,0.053,0.06
2026-06-29,cal_021d07d02a,monthof_10_sp500,calendar,dead,0.924076,0.46953
2026-06-29,cal_02b889c7e0,monthof_8_sp500,calendar,dead,0.939061,0.674326
2026-06-29,cal_0662569f50,monthof_12_nasdaq,calendar,dead,0.476523,0.649351
2026-06-29,cal_11bf800cae,world_cup_year_nasdaq,calendar,faded,0.002997,0.120879
2026-06-29,cal_146a3e8961,dow_nasdaq,calendar,faded,0.000999,0.613387
2026-06-29,cal_19104677ae,monthof_6_sp500,calendar,dead,0.84016,0.461538
2026-06-29,cal_216be59585,monthof_11_nasdaq,calendar,dead,0.174825,0.353646
2026-06-29,cal_2a991b85ee,sell_in_may_nasdaq,calendar,dead,0.030969,0.507493
2026-06-29,cal_2bf2b4d53f,monthof_9_sp500,calendar,survive,0.000999,0.066933
2026-06-29,cal_2de632e38b,monthof_6_nasdaq,calendar,dead,0.962038,0.921079
2026-06-29,cal_2e5f17d421,month_nasdaq,calendar,inconclusive,0.311688,0.615385
2026-06-29,cal_2e7a9a5ca1,monthof_3_sp500,calendar,dead,0.661339,0.75025
2026-06-29,cal_345031f898,monthof_5_nasdaq,calendar,dead,0.612388,0.625375
2026-06-29,cal_456e8c2d5e,monthof_12_sp500,calendar,dead,0.223776,0.977023
2026-06-29,cal_4a891b25f0,monthof_8_nasdaq,calendar,dead,0.32967,0.825175
2026-06-29,cal_4aa242d26e,monthof_5_sp500,calendar,dead,0.296703,0.853147
2026-06-29,cal_4bf363bd79,monthof_7_sp500,calendar,dead,0.04995,0.371628
2026-06-29,cal_527d0ae2db,monthof_1_nasdaq,calendar,dead,0.038961,0.948052
2026-06-29,cal_579e6e1355,monthof_2_nasdaq,calendar,dead,0.413586,0.32967
2026-06-29,cal_597774dc60,monthof_1_sp500,calendar,dead,0.273726,0.543457
2026-06-29,cal_5a22160179,turn_of_month_sp500,calendar,faded,0.000999,0.240759
2026-06-29,cal_6a08a2ccb6,pre_holiday_nasdaq,calendar,dead,0.148851,0.18981
2026-06-29,cal_6ebedbd943,monthof_10_nasdaq,calendar,dead,0.677323,0.355644
2026-06-29,cal_7114c0729a,month_sp500,calendar,inconclusive,0.016983,0.137862
2026-06-29,cal_7738ecb1bc,turn_of_month_nasdaq,calendar,faded,0.001998,0.16983
2026-06-29,cal_79870937ed,world_cup_year_sp500,calendar,dead,0.012987,0.171828
2026-06-29,cal_7ded9a48d4,monthof_2_sp500,calendar,dead,0.170829,0.267732
2026-06-29,cal_82e1f1d8c9,pre_holiday_sp500,calendar,dead,0.073926,0.131868
2026-06-29,cal_85cc7cc6d7,dow_sp500,calendar,faded,0.000999,0.855145
2026-06-29,cal_8669d8c09d,monthof_11_sp500,calendar,dead,0.442557,0.141858
2026-06-29,cal_87670427d9,january_sp500,calendar,dead,0.155844,0.714286
2026-06-29,cal_8d5125126b,term_year3_sp500,calendar,inconclusive,0.04995,
2026-06-29,cal_8fe611a742,santa_nasdaq,calendar,dead,0.005994,0.233766
2026-06-29,cal_94c08fa012,santa_sp500,calendar,faded,0.000999,0.212787
2026-06-29,cal_bbcc723bdf,decade_digit_sp500,calendar,inconclusive,0.163836,
2026-06-29,cal_bc77212229,sell_in_may_sp500,calendar,dead,0.084915,0.237762
2026-06-29,cal_c3a33a6db5,monthof_4_sp500,calendar,dead,0.212787,0.212787
2026-06-29,cal_c8b0832b2e,monthof_7_nasdaq,calendar,dead,0.897103,0.519481
2026-06-29,cal_d4de5634d3,september_nasdaq,calendar,dead,0.007992,0.016983
2026-06-29,cal_e041ed5979,monthof_3_nasdaq,calendar,dead,0.571429,0.794206
2026-06-29,cal_e3052fad5c,monthof_4_nasdaq,calendar,dead,0.400599,0.561439
2026-06-29,cal_ec09c00a99,presidential_cycle_sp500,calendar,inconclusive,0.300699,
2026-06-29,cal_f70ee53794,monthof_9_nasdaq,calendar,dead,0.011988,0.054945
2026-06-29,cal_f80dd36a7a,january_nasdaq,calendar,dead,0.022977,0.45954
2026-06-29,cal_f923f81493,september_sp500,calendar,survive,0.000999,0.024975
2026-06-29,fac_4beec74249,BTC_mom20_neg,factor,survive,0.002,0.003
2026-06-29,fac_70486895ee,dxy_rising,factor,dead,0.489,0.917
2026-06-29,fac_7578b1d58f,vix_backwardation,factor,dead,0.813,0.635
2026-06-29,fac_778b84a969,NASDAQ_mom20_neg,factor,dead,0.041,0.503
2026-06-29,fac_79cf4a9a7b,NASDAQ_above_ma200,factor,dead,0.005,0.06
2026-06-29,fac_a1bf6a105c,nasdaq_rsi_overbought,factor,dead,0.276,0.442
2026-06-29,fac_ab89704768,nasdaq_high_vol,factor,faded,0.003,0.947
2026-06-29,fac_bed960d3e2,NASDAQ_mom20_pos,factor,dead,0.411,0.716
2026-06-29,fac_c872e5eb69,BTC_above_ma200,factor,dead,0.161,0.131
2026-06-29,fac_cc60102eac,dxy_falling,factor,dead,0.753,0.765
2026-06-29,fac_d738a0c3fd,nasdaq_low_vol,factor,dead,0.278,0.627
2026-06-29,fac_d8a4f38258,overnight_mom_neg,factor,dead,0.272,0.418
2026-06-29,fac_dcbd9f57b5,overnight_mom_pos,factor,dead,0.272,0.418
2026-06-29,fac_e2be6309e8,nasdaq_rsi_oversold,factor,dead,0.558,0.38
2026-06-29,fac_f834dcf2c0,BTC_mom20_pos,factor,survive,0.0,0.003
2026-06-29,reb_018df927fb,p1_h5_sp500,rebound,dead,0.297,0.572
2026-06-29,reb_0b54f655e4,p10_h1_nasdaq,rebound,faded,0.0,0.388
2026-06-29,reb_183bf3c31c,p5_h1_sp500,rebound,dead,0.883,0.252
2026-06-29,reb_2617209d72,p10_h5_nasdaq,rebound,faded,0.0,0.236
2026-06-29,reb_2b218993db,p1_h5_nasdaq,rebound,dead,0.554,0.916
2026-06-29,reb_7155c924ca,p10_h1_sp500,rebound,dead,0.252,0.092
2026-06-29,reb_7e3e4a8d62,p1_h1_sp500,rebound,dead,0.232,0.525
2026-06-29,reb_8055fe6f4a,p1_h1_nasdaq,rebound,dead,0.257,0.512
2026-06-29,reb_91f1615526,p10_h5_sp500,rebound,dead,0.027,0.733
2026-06-29,reb_9adb2feef5,p5_h1_nasdaq,rebound,survive,0.0,0.094
2026-06-29,reb_b016e921c3,p5_h5_sp500,rebound,dead,0.382,0.621
2026-06-29,reb_b61bcf84d2,p5_h5_nasdaq,rebound,dead,0.041,0.065
2026-06-29,reg_74448026aa,golden_cross_sp500,regime,survive,0.002,0.03
2026-06-29,reg_9c0efb465b,golden_cross_nasdaq,regime,dead,0.054,0.075
2026-06-30,cal_021d07d02a,monthof_10_sp500,calendar,dead,0.94006,0.509491
2026-06-30,cal_02b889c7e0,monthof_8_sp500,calendar,dead,0.929071,0.68032
2026-06-30,cal_05facdcc22,quarter_end_sp500,calendar,dead,0.799201,0.716284
2026-06-30,cal_0662569f50,monthof_12_nasdaq,calendar,dead,0.537463,0.669331
2026-06-30,cal_116d0565a8,quarter_end_nasdaq,calendar,dead,0.893107,0.455544
2026-06-30,cal_11bf800cae,world_cup_year_nasdaq,calendar,survive,0.000999,0.095904
2026-06-30,cal_146a3e8961,dow_nasdaq,calendar,faded,0.000999,0.594406
2026-06-30,cal_19104677ae,monthof_6_sp500,calendar,dead,0.821179,0.466533
2026-06-30,cal_216be59585,monthof_11_nasdaq,calendar,dead,0.153846,0.380619
2026-06-30,cal_2a991b85ee,sell_in_may_nasdaq,calendar,dead,0.023976,0.524476
2026-06-30,cal_2bf2b4d53f,monthof_9_sp500,calendar,survive,0.000999,0.068931
2026-06-30,cal_2de632e38b,monthof_6_nasdaq,calendar,dead,0.998002,0.888112
2026-06-30,cal_2e5f17d421,month_nasdaq,calendar,inconclusive,0.313686,0.612388
2026-06-30,cal_2e7a9a5ca1,monthof_3_sp500,calendar,dead,0.665335,0.748252
2026-06-30,cal_345031f898,monthof_5_nasdaq,calendar,dead,0.604396,0.636364
2026-06-30,cal_398f5c0e31,opex_week_nasdaq,calendar,dead,0.614386,0.721279
2026-06-30,cal_433ee46bbe,opex_week_sp500,calendar,dead,0.257742,0.74026
2026-06-30,cal_456e8c2d5e,monthof_12_sp500,calendar,dead,0.236763,0.979021
2026-06-30,cal_4a891b25f0,monthof_8_nasdaq,calendar,dead,0.312687,0.815185
2026-06-30,cal_4aa242d26e,monthof_5_sp500,calendar,dead,0.301698,0.824176
2026-06-30,cal_4bf363bd79,monthof_7_sp500,calendar,dead,0.065934,0.398601
2026-06-30,cal_527d0ae2db,monthof_1_nasdaq,calendar,dead,0.041958,0.919081
2026-06-30,cal_579e6e1355,monthof_2_nasdaq,calendar,dead,0.440559,0.326673
2026-06-30,cal_597774dc60,monthof_1_sp500,calendar,dead,0.324675,0.55045
2026-06-30,cal_5a22160179,turn_of_month_sp500,calendar,faded,0.000999,0.21978
2026-06-30,cal_6a08a2ccb6,pre_holiday_nasdaq,calendar,dead,0.122877,0.17982
2026-06-30,cal_6ebedbd943,monthof_10_nasdaq,calendar,dead,0.647353,0.36963
2026-06-30,cal_6f4b839635,pre_fomc_nasdaq,calendar,dead,0.293706,0.2997
2026-06-30,cal_7114c0729a,month_sp500,calendar,inconclusive,0.015984,0.138861
2026-06-30,cal_7738ecb1bc,turn_of_month_nasdaq,calendar,faded,0.001998,0.164835
2026-06-30,cal_79870937ed,world_cup_year_sp500,calendar,dead,0.008991,0.152847
2026-06-30,cal_7ded9a48d4,monthof_2_sp500,calendar,dead,0.178821,0.270729
2026-06-30,cal_82e1f1d8c9,pre_holiday_sp500,calendar,dead,0.07992,0.147852
2026-06-30,cal_85cc7cc6d7,dow_sp500,calendar,faded,0.000999,0.838162
2026-06-30,cal_8669d8c09d,monthof_11_sp500,calendar,dead,0.444555,0.135864
2026-06-30,cal_87670427d9,january_sp500,calendar,dead,0.168831,0.734266
2026-06-30,cal_8d5125126b,term_year3_sp500,calendar,inconclusive,0.04995,
2026-06-30,cal_8fe611a742,santa_nasdaq,calendar,dead,0.008991,0.207792
2026-06-30,cal_94c08fa012,santa_sp500,calendar,faded,0.001998,0.177822
2026-06-30,cal_ba8471031e,pre_fomc_sp500,calendar,dead,0.12987,0.150849
2026-06-30,cal_bbcc723bdf,decade_digit_sp500,calendar,inconclusive,0.163836,
2026-06-30,cal_bc77212229,sell_in_may_sp500,calendar,dead,0.073926,0.238761
2026-06-30,cal_c3a33a6db5,monthof_4_sp500,calendar,dead,0.201798,0.213786
2026-06-30,cal_c8b0832b2e,monthof_7_nasdaq,calendar,dead,0.902098,0.477522
2026-06-30,cal_d4de5634d3,september_nasdaq,calendar,dead,0.006993,0.032967
2026-06-30,cal_e041ed5979,monthof_3_nasdaq,calendar,dead,0.59041,0.779221
2026-06-30,cal_e3052fad5c,monthof_4_nasdaq,calendar,dead,0.382617,0.546454
2026-06-30,cal_ec09c00a99,presidential_cycle_sp500,calendar,inconclusive,0.300699,
2026-06-30,cal_f70ee53794,monthof_9_nasdaq,calendar,dead,0.022977,0.051948
2026-06-30,cal_f80dd36a7a,january_nasdaq,calendar,dead,0.030969,0.467532
2026-06-30,cal_f923f81493,september_sp500,calendar,survive,0.000999,0.031968
2026-06-30,fac_4beec74249,BTC_mom20_neg,factor,survive,0.002,0.006
2026-06-30,fac_70486895ee,dxy_rising,factor,dead,0.497,0.905
2026-06-30,fac_7578b1d58f,vix_backwardation,factor,dead,0.814,0.63
2026-06-30,fac_778b84a969,NASDAQ_mom20_neg,factor,dead,0.043,0.496
2026-06-30,fac_79cf4a9a7b,NASDAQ_above_ma200,factor,survive,0.004,0.076
2026-06-30,fac_a1bf6a105c,nasdaq_rsi_overbought,factor,dead,0.286,0.455
2026-06-30,fac_ab89704768,nasdaq_high_vol,factor,faded,0.004,0.936
2026-06-30,fac_bed960d3e2,NASDAQ_mom20_pos,factor,dead,0.412,0.726
2026-06-30,fac_c872e5eb69,BTC_above_ma200,factor,dead,0.156,0.128
2026-06-30,fac_cc60102eac,dxy_falling,factor,dead,0.751,0.797
2026-06-30,fac_d738a0c3fd,nasdaq_low_vol,factor,dead,0.27,0.634
2026-06-30,fac_d8a4f38258,overnight_mom_neg,factor,dead,0.278,0.432
2026-06-30,fac_dcbd9f57b5,overnight_mom_pos,factor,dead,0.278,0.432
2026-06-30,fac_e2be6309e8,nasdaq_rsi_oversold,factor,dead,0.55,0.382
2026-06-30,fac_f834dcf2c0,BTC_mom20_pos,factor,survive,0.0,0.003
2026-06-30,reb_018df927fb,p1_h5_sp500,rebound,dead,0.301,0.584
2026-06-30,reb_0b54f655e4,p10_h1_nasdaq,rebound,faded,0.0,0.351
2026-06-30,reb_183bf3c31c,p5_h1_sp500,rebound,dead,0.897,0.262
2026-06-30,reb_2617209d72,p10_h5_nasdaq,rebound,faded,0.0,0.245
2026-06-30,reb_2b218993db,p1_h5_nasdaq,rebound,dead,0.551,0.91
2026-06-30,reb_7155c924ca,p10_h1_sp500,rebound,dead,0.269,0.109
2026-06-30,reb_7e3e4a8d62,p1_h1_sp500,rebound,dead,0.232,0.544
2026-06-30,reb_8055fe6f4a,p1_h1_nasdaq,rebound,dead,0.221,0.487
2026-06-30,reb_91f1615526,p10_h5_sp500,rebound,dead,0.035,0.716
2026-06-30,reb_9adb2feef5,p5_h1_nasdaq,rebound,survive,0.0,0.081
2026-06-30,reb_b016e921c3,p5_h5_sp500,rebound,dead,0.401,0.64
2026-06-30,reb_b61bcf84d2,p5_h5_nasdaq,rebound,dead,0.037,0.075
2026-06-30,reg_74448026aa,golden_cross_sp500,regime,survive,0.002,0.028
2026-06-30,reg_9c0efb465b,golden_cross_nasdaq,regime,dead,0.056,0.081
2026-07-01,cal_021d07d02a,monthof_10_sp500,calendar,dead,0.927073,0.513487
2026-07-01,cal_02b889c7e0,monthof_8_sp500,calendar,dead,0.924076,0.664336
2026-07-01,cal_05facdcc22,quarter_end_sp500,calendar,dead,0.776224,0.725275
2026-07-01,cal_0662569f50,monthof_12_nasdaq,calendar,dead,0.506494,0.663337
2026-07-01,cal_116d0565a8,quarter_end_nasdaq,calendar,dead,0.882118,0.458541
2026-07-01,cal_11bf800cae,world_cup_year_nasdaq,calendar,survive,0.003996,0.073926
2026-07-01,cal_146a3e8961,dow_nasdaq,calendar,faded,0.000999,0.601399
2026-07-01,cal_19104677ae,monthof_6_sp500,calendar,dead,0.829171,0.487512
2026-07-01,cal_216be59585,monthof_11_nasdaq,calendar,dead,0.166833,0.364635
2026-07-01,cal_2a991b85ee,sell_in_may_nasdaq,calendar,dead,0.030969,0.53047
2026-07-01,cal_2bf2b4d53f,monthof_9_sp500,calendar,survive,0.001998,0.066933
2026-07-01,cal_2de632e38b,monthof_6_nasdaq,calendar,dead,0.995005,0.88012
2026-07-01,cal_2e5f17d421,month_nasdaq,calendar,inconclusive,0.333666,0.599401
2026-07-01,cal_2e7a9a5ca1,monthof_3_sp500,calendar,dead,0.638362,0.792208
2026-07-01,cal_345031f898,monthof_5_nasdaq,calendar,dead,0.617383,0.616384
2026-07-01,cal_398f5c0e31,opex_week_nasdaq,calendar,dead,0.64036,0.708292
2026-07-01,cal_433ee46bbe,opex_week_sp500,calendar,dead,0.254745,0.738262
2026-07-01,cal_456e8c2d5e,monthof_12_sp500,calendar,dead,0.244755,0.975025
2026-07-01,cal_4a891b25f0,monthof_8_nasdaq,calendar,dead,0.338661,0.81019
2026-07-01,cal_4aa242d26e,monthof_5_sp500,calendar,dead,0.277722,0.84016
2026-07-01,cal_4bf363bd79,monthof_7_sp500,calendar,dead,0.07992,0.378621
2026-07-01,cal_527d0ae2db,monthof_1_nasdaq,calendar,dead,0.058941,0.936064
2026-07-01,cal_579e6e1355,monthof_2_nasdaq,calendar,dead,0.428571,0.326673
2026-07-01,cal_597774dc60,monthof_1_sp500,calendar,dead,0.302697,0.536464
2026-07-01,cal_5a22160179,turn_of_month_sp500,calendar,faded,0.000999,0.217782
2026-07-01,cal_6a08a2ccb6,pre_holiday_nasdaq,calendar,dead,0.11988,0.202797
2026-07-01,cal_6ebedbd943,monthof_10_nasdaq,calendar,dead,0.659341,0.357642
2026-07-01,cal_6f4b839635,pre_fomc_nasdaq,calendar,dead,0.285714,0.308691
2026-07-01,cal_7114c0729a,month_sp500,calendar,inconclusive,0.022977,0.141858
2026-07-01,cal_7738ecb1bc,turn_of_month_nasdaq,calendar,faded,0.000999,0.178821
2026-07-01,cal_79870937ed,world_cup_year_sp500,calendar,dead,0.016983,0.153846
2026-07-01,cal_7ded9a48d4,monthof_2_sp500,calendar,dead,0.170829,0.256743
2026-07-01,cal_82e1f1d8c9,pre_holiday_sp500,calendar,dead,0.078921,0.145854
2026-07-01,cal_85cc7cc6d7,dow_sp500,calendar,faded,0.000999,0.842158
2026-07-01,cal_8669d8c09d,monthof_11_sp500,calendar,dead,0.450549,0.152847
2026-07-01,cal_87670427d9,january_sp500,calendar,dead,0.136863,0.736264
2026-07-01,cal_8d5125126b,term_year3_sp500,calendar,inconclusive,0.04995,
2026-07-01,cal_8fe611a742,santa_nasdaq,calendar,faded,0.003996,0.213786
2026-07-01,cal_94c08fa012,santa_sp500,calendar,faded,0.001998,0.196803
2026-07-01,cal_ba8471031e,pre_fomc_sp500,calendar,dead,0.137862,0.151848
2026-07-01,cal_bbcc723bdf,decade_digit_sp500,calendar,inconclusive,0.163836,
2026-07-01,cal_bc77212229,sell_in_may_sp500,calendar,dead,0.055944,0.224775
2026-07-01,cal_c3a33a6db5,monthof_4_sp500,calendar,dead,0.188811,0.237762
2026-07-01,cal_c8b0832b2e,monthof_7_nasdaq,calendar,dead,0.905095,0.496503
2026-07-01,cal_d4de5634d3,september_nasdaq,calendar,dead,0.010989,0.023976
2026-07-01,cal_e041ed5979,monthof_3_nasdaq,calendar,dead,0.585415,0.785215
2026-07-01,cal_e3052fad5c,monthof_4_nasdaq,calendar,dead,0.412587,0.516484
2026-07-01,cal_ec09c00a99,presidential_cycle_sp500,calendar,inconclusive,0.300699,
2026-07-01,cal_f70ee53794,monthof_9_nasdaq,calendar,dead,0.013986,0.056943
2026-07-01,cal_f80dd36a7a,january_nasdaq,calendar,dead,0.025974,0.464535
2026-07-01,cal_f923f81493,september_sp500,calendar,survive,0.001998,0.030969
2026-07-01,fac_4beec74249,BTC_mom20_neg,factor,survive,0.002,0.005
2026-07-01,fac_70486895ee,dxy_rising,factor,dead,0.493,0.922
2026-07-01,fac_7578b1d58f,vix_backwardation,factor,dead,0.817,0.645
2026-07-01,fac_778b84a969,NASDAQ_mom20_neg,factor,dead,0.045,0.502
2026-07-01,fac_79cf4a9a7b,NASDAQ_above_ma200,factor,dead,0.006,0.073
2026-07-01,fac_a1bf6a105c,nasdaq_rsi_overbought,factor,dead,0.295,0.461
2026-07-01,fac_ab89704768,nasdaq_high_vol,factor,faded,0.004,0.948
2026-07-01,fac_bed960d3e2,NASDAQ_mom20_pos,factor,dead,0.419,0.726
2026-07-01,fac_c872e5eb69,BTC_above_ma200,factor,dead,0.149,0.133
2026-07-01,fac_cc60102eac,dxy_falling,factor,dead,0.753,0.796
2026-07-01,fac_d738a0c3fd,nasdaq_low_vol,factor,dead,0.274,0.643
2026-07-01,fac_d8a4f38258,overnight_mom_neg,factor,dead,0.276,0.456
2026-07-01,fac_dcbd9f57b5,overnight_mom_pos,factor,dead,0.276,0.456
2026-07-01,fac_e2be6309e8,nasdaq_rsi_oversold,factor,dead,0.555,0.387
2026-07-01,fac_f834dcf2c0,BTC_mom20_pos,factor,survive,0.0,0.003
2026-07-01,reb_018df927fb,p1_h5_sp500,rebound,dead,0.288,0.586
2026-07-01,reb_0b54f655e4,p10_h1_nasdaq,rebound,faded,0.0,0.388
2026-07-01,reb_183bf3c31c,p5_h1_sp500,rebound,dead,0.921,0.263
2026-07-01,reb_2617209d72,p10_h5_nasdaq,rebound,faded,0.002,0.27
2026-07-01,reb_2b218993db,p1_h5_nasdaq,rebound,dead,0.55,0.916
2026-07-01,reb_7155c924ca,p10_h1_sp500,rebound,dead,0.252,0.109
2026-07-01,reb_7e3e4a8d62,p1_h1_sp500,rebound,dead,0.231,0.503
2026-07-01,reb_8055fe6f4a,p1_h1_nasdaq,rebound,dead,0.247,0.45
2026-07-01,reb_91f1615526,p10_h5_sp500,rebound,dead,0.03,0.728
2026-07-01,reb_9adb2feef5,p5_h1_nasdaq,rebound,survive,0.0,0.092
2026-07-01,reb_b016e921c3,p5_h5_sp500,rebound,dead,0.381,0.639
2026-07-01,reb_b61bcf84d2,p5_h5_nasdaq,rebound,dead,0.056,0.071
2026-07-01,reg_74448026aa,golden_cross_sp500,regime,survive,0.002,0.028
2026-07-01,reg_9c0efb465b,golden_cross_nasdaq,regime,dead,0.054,0.08
2026-07-02,cal_021d07d02a,monthof_10_sp500,calendar,dead,0.926074,0.480519
2026-07-02,cal_02b889c7e0,monthof_8_sp500,calendar,dead,0.929071,0.683317
2026-07-02,cal_05facdcc22,quarter_end_sp500,calendar,dead,0.799201,0.722278
2026-07-02,cal_0662569f50,monthof_12_nasdaq,calendar,dead,0.508492,0.661339
2026-07-02,cal_116d0565a8,quarter_end_nasdaq,calendar,dead,0.872128,0.437562
2026-07-02,cal_11bf800cae,world_cup_year_nasdaq,calendar,survive,0.000999,0.061938
2026-07-02,cal_146a3e8961,dow_nasdaq,calendar,faded,0.000999,0.609391
2026-07-02,cal_19104677ae,monthof_6_sp500,calendar,dead,0.808192,0.464535
2026-07-02,cal_216be59585,monthof_11_nasdaq,calendar,dead,0.192807,0.37962
2026-07-02,cal_2a991b85ee,sell_in_may_nasdaq,calendar,dead,0.031968,0.497502
2026-07-02,cal_2bf2b4d53f,monthof_9_sp500,calendar,survive,0.002997,0.072927
2026-07-02,cal_2de632e38b,monthof_6_nasdaq,calendar,dead,0.994006,0.868132
2026-07-02,cal_2e5f17d421,month_nasdaq,calendar,inconclusive,0.332667,0.605395
2026-07-02,cal_2e7a9a5ca1,monthof_3_sp500,calendar,dead,0.659341,0.765235
2026-07-02,cal_345031f898,monthof_5_nasdaq,calendar,dead,0.63037,0.621379
2026-07-02,cal_398f5c0e31,opex_week_nasdaq,calendar,dead,0.606394,0.727273
2026-07-02,cal_433ee46bbe,opex_week_sp500,calendar,dead,0.244755,0.736264
2026-07-02,cal_456e8c2d5e,monthof_12_sp500,calendar,dead,0.246753,0.981019
2026-07-02,cal_4a891b25f0,monthof_8_nasdaq,calendar,dead,0.33966,0.817183
2026-07-02,cal_4aa242d26e,monthof_5_sp500,calendar,dead,0.27972,0.833167
2026-07-02,cal_4bf363bd79,monthof_7_sp500,calendar,dead,0.065934,0.383616
2026-07-02,cal_527d0ae2db,monthof_1_nasdaq,calendar,dead,0.055944,0.947053
2026-07-02,cal_579e6e1355,monthof_2_nasdaq,calendar,dead,0.441558,0.301698
2026-07-02,cal_597774dc60,monthof_1_sp500,calendar,dead,0.317682,0.53047
2026-07-02,cal_5a22160179,turn_of_month_sp500,calendar,faded,0.000999,0.234765
2026-07-02,cal_6a08a2ccb6,pre_holiday_nasdaq,calendar,dead,0.143856,0.226773
2026-07-02,cal_6ebedbd943,monthof_10_nasdaq,calendar,dead,0.664336,0.397602
2026-07-02,cal_6f4b839635,pre_fomc_nasdaq,calendar,dead,0.278721,0.300699
2026-07-02,cal_7114c0729a,month_sp500,calendar,inconclusive,0.022977,0.142857
2026-07-02,cal_7738ecb1bc,turn_of_month_nasdaq,calendar,faded,0.001998,0.177822
2026-07-02,cal_79870937ed,world_cup_year_sp500,calendar,dead,0.010989,0.14985
2026-07-02,cal_7ded9a48d4,monthof_2_sp500,calendar,dead,0.188811,0.264735
2026-07-02,cal_82e1f1d8c9,pre_holiday_sp500,calendar,dead,0.083916,0.145854
2026-07-02,cal_85cc7cc6d7,dow_sp500,calendar,faded,0.000999,0.855145
2026-07-02,cal_8669d8c09d,monthof_11_sp500,calendar,dead,0.42957,0.15984
2026-07-02,cal_87670427d9,january_sp500,calendar,dead,0.142857,0.75025
2026-07-02,cal_8d5125126b,term_year3_sp500,calendar,inconclusive,0.04995,
2026-07-02,cal_8fe611a742,santa_nasdaq,calendar,dead,0.007992,0.210789
2026-07-02,cal_94c08fa012,santa_sp500,calendar,faded,0.000999,0.178821
2026-07-02,cal_ba8471031e,pre_fomc_sp500,calendar,dead,0.148851,0.14985
2026-07-02,cal_bbcc723bdf,decade_digit_sp500,calendar,inconclusive,0.163836,
2026-07-02,cal_bc77212229,sell_in_may_sp500,calendar,dead,0.077922,0.216783
2026-07-02,cal_c3a33a6db5,monthof_4_sp500,calendar,dead,0.185814,0.226773
2026-07-02,cal_c8b0832b2e,monthof_7_nasdaq,calendar,dead,0.867133,0.545455
2026-07-02,cal_d4de5634d3,september_nasdaq,calendar,dead,0.004995,0.021978
2026-07-02,cal_e041ed5979,monthof_3_nasdaq,calendar,dead,0.596404,0.801199
2026-07-02,cal_e3052fad5c,monthof_4_nasdaq,calendar,dead,0.405594,0.501499
2026-07-02,cal_ec09c00a99,presidential_cycle_sp500,calendar,inconclusive,0.300699,
2026-07-02,cal_f70ee53794,monthof_9_nasdaq,calendar,dead,0.015984,0.046953
2026-07-02,cal_f80dd36a7a,january_nasdaq,calendar,dead,0.02997,0.490509
2026-07-02,cal_f923f81493,september_sp500,calendar,survive,0.001998,0.031968
2026-07-02,fac_4beec74249,BTC_mom20_neg,factor,dead,0.004,0.004
2026-07-02,fac_70486895ee,dxy_rising,factor,dead,0.498,0.936
2026-07-02,fac_7578b1d58f,vix_backwardation,factor,dead,0.828,0.647
2026-07-02,fac_778b84a969,NASDAQ_mom20_neg,factor,dead,0.045,0.511
2026-07-02,fac_79cf4a9a7b,NASDAQ_above_ma200,factor,dead,0.005,0.072
2026-07-02,fac_a1bf6a105c,nasdaq_rsi_overbought,factor,dead,0.305,0.484
2026-07-02,fac_ab89704768,nasdaq_high_vol,factor,dead,0.004,0.934
2026-07-02,fac_bed960d3e2,NASDAQ_mom20_pos,factor,dead,0.418,0.721
2026-07-02,fac_c872e5eb69,BTC_above_ma200,factor,dead,0.143,0.126
2026-07-02,fac_cc60102eac,dxy_falling,factor,dead,0.751,0.806
2026-07-02,fac_d738a0c3fd,nasdaq_low_vol,factor,dead,0.273,0.648
2026-07-02,fac_d8a4f38258,overnight_mom_neg,factor,dead,0.283,0.465
2026-07-02,fac_dcbd9f57b5,overnight_mom_pos,factor,dead,0.283,0.465
2026-07-02,fac_e2be6309e8,nasdaq_rsi_oversold,factor,dead,0.56,0.39
2026-07-02,fac_f834dcf2c0,BTC_mom20_pos,factor,survive,0.0,0.003
2026-07-02,reb_018df927fb,p1_h5_sp500,rebound,dead,0.264,0.581
2026-07-02,reb_0b54f655e4,p10_h1_nasdaq,rebound,faded,0.0,0.355
2026-07-02,reb_183bf3c31c,p5_h1_sp500,rebound,dead,0.913,0.256
2026-07-02,reb_2617209d72,p10_h5_nasdaq,rebound,dead,0.004,0.259
2026-07-02,reb_2b218993db,p1_h5_nasdaq,rebound,dead,0.53,0.898
2026-07-02,reb_7155c924ca,p10_h1_sp500,rebound,dead,0.28,0.093
2026-07-02,reb_7e3e4a8d62,p1_h1_sp500,rebound,dead,0.25,0.511
2026-07-02,reb_8055fe6f4a,p1_h1_nasdaq,rebound,dead,0.216,0.447
2026-07-02,reb_91f1615526,p10_h5_sp500,rebound,dead,0.025,0.722
2026-07-02,reb_9adb2feef5,p5_h1_nasdaq,rebound,survive,0.0,0.087
2026-07-02,reb_b016e921c3,p5_h5_sp500,rebound,dead,0.37,0.635
2026-07-02,reb_b61bcf84d2,p5_h5_nasdaq,rebound,dead,0.054,0.063
2026-07-02,reg_74448026aa,golden_cross_sp500,regime,survive,0.002,0.028
2026-07-02,reg_9c0efb465b,golden_cross_nasdaq,regime,dead,0.055,0.08
2026-07-03,cal_021d07d02a,monthof_10_sp500,calendar,dead,0.926074,0.480519
2026-07-03,cal_02b889c7e0,monthof_8_sp500,calendar,dead,0.927073,0.684316
2026-07-03,cal_05facdcc22,quarter_end_sp500,calendar,dead,0.799201,0.721279
2026-07-03,cal_0662569f50,monthof_12_nasdaq,calendar,dead,0.508492,0.661339
2026-07-03,cal_116d0565a8,quarter_end_nasdaq,calendar,dead,0.872128,0.437562
2026-07-03,cal_11bf800cae,world_cup_year_nasdaq,calendar,survive,0.000999,0.061938
2026-07-03,cal_146a3e8961,dow_nasdaq,calendar,faded,0.000999,0.609391
2026-07-03,cal_19104677ae,monthof_6_sp500,calendar,dead,0.808192,0.465534
2026-07-03,cal_216be59585,monthof_11_nasdaq,calendar,dead,0.192807,0.37962
2026-07-03,cal_2a991b85ee,sell_in_may_nasdaq,calendar,dead,0.031968,0.497502
2026-07-03,cal_2bf2b4d53f,monthof_9_sp500,calendar,survive,0.002997,0.072927
2026-07-03,cal_2de632e38b,monthof_6_nasdaq,calendar,dead,0.994006,0.868132
2026-07-03,cal_2e5f17d421,month_nasdaq,calendar,inconclusive,0.332667,0.604396
2026-07-03,cal_2e7a9a5ca1,monthof_3_sp500,calendar,dead,0.659341,0.765235
2026-07-03,cal_345031f898,monthof_5_nasdaq,calendar,dead,0.63037,0.621379
2026-07-03,cal_398f5c0e31,opex_week_nasdaq,calendar,dead,0.606394,0.727273
2026-07-03,cal_433ee46bbe,opex_week_sp500,calendar,dead,0.244755,0.736264
2026-07-03,cal_456e8c2d5e,monthof_12_sp500,calendar,dead,0.246753,0.982018
2026-07-03,cal_4a891b25f0,monthof_8_nasdaq,calendar,dead,0.33966,0.817183
2026-07-03,cal_4aa242d26e,monthof_5_sp500,calendar,dead,0.27972,0.833167
2026-07-03,cal_4bf363bd79,monthof_7_sp500,calendar,dead,0.065934,0.37962
2026-07-03,cal_527d0ae2db,monthof_1_nasdaq,calendar,dead,0.055944,0.947053
2026-07-03,cal_579e6e1355,monthof_2_nasdaq,calendar,dead,0.440559,0.301698
2026-07-03,cal_597774dc60,monthof_1_sp500,calendar,dead,0.317682,0.529471
2026-07-03,cal_5a22160179,turn_of_month_sp500,calendar,faded,0.000999,0.234765
2026-07-03,cal_6a08a2ccb6,pre_holiday_nasdaq,calendar,dead,0.141858,0.226773
2026-07-03,cal_6ebedbd943,monthof_10_nasdaq,calendar,dead,0.664336,0.397602
2026-07-03,cal_6f4b839635,pre_fomc_nasdaq,calendar,dead,0.278721,0.300699
2026-07-03,cal_7114c0729a,month_sp500,calendar,inconclusive,0.022977,0.142857
2026-07-03,cal_7738ecb1bc,turn_of_month_nasdaq,calendar,faded,0.001998,0.177822
2026-07-03,cal_79870937ed,world_cup_year_sp500,calendar,dead,0.010989,0.150849
2026-07-03,cal_7ded9a48d4,monthof_2_sp500,calendar,dead,0.187812,0.264735
2026-07-03,cal_82e1f1d8c9,pre_holiday_sp500,calendar,dead,0.083916,0.145854
2026-07-03,cal_85cc7cc6d7,dow_sp500,calendar,faded,0.000999,0.855145
2026-07-03,cal_8669d8c09d,monthof_11_sp500,calendar,dead,0.42957,0.15984
2026-07-03,cal_87670427d9,january_sp500,calendar,dead,0.142857,0.75025
2026-07-03,cal_8d5125126b,term_year3_sp500,calendar,inconclusive,0.04995,
2026-07-03,cal_8fe611a742,santa_nasdaq,calendar,dead,0.007992,0.210789
2026-07-03,cal_94c08fa012,santa_sp500,calendar,faded,0.000999,0.178821
2026-07-03,cal_ba8471031e,pre_fomc_sp500,calendar,dead,0.148851,0.14985
2026-07-03,cal_bbcc723bdf,decade_digit_sp500,calendar,inconclusive,0.163836,
2026-07-03,cal_bc77212229,sell_in_may_sp500,calendar,dead,0.077922,0.217782
2026-07-03,cal_c3a33a6db5,monthof_4_sp500,calendar,dead,0.185814,0.227772
2026-07-03,cal_c8b0832b2e,monthof_7_nasdaq,calendar,dead,0.867133,0.545455
2026-07-03,cal_d4de5634d3,september_nasdaq,calendar,dead,0.004995,0.021978
2026-07-03,cal_e041ed5979,monthof_3_nasdaq,calendar,dead,0.596404,0.801199
2026-07-03,cal_e3052fad5c,monthof_4_nasdaq,calendar,dead,0.405594,0.501499
2026-07-03,cal_ec09c00a99,presidential_cycle_sp500,calendar,inconclusive,0.300699,
2026-07-03,cal_f70ee53794,monthof_9_nasdaq,calendar,dead,0.015984,0.046953
2026-07-03,cal_f80dd36a7a,january_nasdaq,calendar,dead,0.02997,0.490509
2026-07-03,cal_f923f81493,september_sp500,calendar,survive,0.001998,0.031968
2026-07-03,fac_4beec74249,BTC_mom20_neg,factor,dead,0.004,0.004
2026-07-03,fac_70486895ee,dxy_rising,factor,dead,0.498,0.936
2026-07-03,fac_7578b1d58f,vix_backwardation,factor,dead,0.828,0.647
2026-07-03,fac_778b84a969,NASDAQ_mom20_neg,factor,dead,0.045,0.511
2026-07-03,fac_79cf4a9a7b,NASDAQ_above_ma200,factor,dead,0.005,0.072
2026-07-03,fac_a1bf6a105c,nasdaq_rsi_overbought,factor,dead,0.305,0.484
2026-07-03,fac_ab89704768,nasdaq_high_vol,factor,dead,0.004,0.934
2026-07-03,fac_bed960d3e2,NASDAQ_mom20_pos,factor,dead,0.418,0.721
2026-07-03,fac_c872e5eb69,BTC_above_ma200,factor,dead,0.143,0.126
2026-07-03,fac_cc60102eac,dxy_falling,factor,dead,0.751,0.806
2026-07-03,fac_d738a0c3fd,nasdaq_low_vol,factor,dead,0.273,0.648
2026-07-03,fac_d8a4f38258,overnight_mom_neg,factor,dead,0.283,0.465
2026-07-03,fac_dcbd9f57b5,overnight_mom_pos,factor,dead,0.283,0.465
2026-07-03,fac_e2be6309e8,nasdaq_rsi_oversold,factor,dead,0.56,0.39
2026-07-03,fac_f834dcf2c0,BTC_mom20_pos,factor,survive,0.0,0.003
2026-07-03,reb_018df927fb,p1_h5_sp500,rebound,dead,0.264,0.581
2026-07-03,reb_0b54f655e4,p10_h1_nasdaq,rebound,faded,0.0,0.355
2026-07-03,reb_183bf3c31c,p5_h1_sp500,rebound,dead,0.91,0.258
2026-07-03,reb_2617209d72,p10_h5_nasdaq,rebound,dead,0.004,0.259
2026-07-03,reb_2b218993db,p1_h5_nasdaq,rebound,dead,0.53,0.898
2026-07-03,reb_7155c924ca,p10_h1_sp500,rebound,dead,0.275,0.093
2026-07-03,reb_7e3e4a8d62,p1_h1_sp500,rebound,dead,0.25,0.511
2026-07-03,reb_8055fe6f4a,p1_h1_nasdaq,rebound,dead,0.216,0.447
2026-07-03,reb_91f1615526,p10_h5_sp500,rebound,dead,0.025,0.722
2026-07-03,reb_9adb2feef5,p5_h1_nasdaq,rebound,survive,0.0,0.087
2026-07-03,reb_b016e921c3,p5_h5_sp500,rebound,dead,0.37,0.635
2026-07-03,reb_b61bcf84d2,p5_h5_nasdaq,rebound,dead,0.054,0.063
2026-07-03,reg_74448026aa,golden_cross_sp500,regime,survive,0.002,0.028
2026-07-03,reg_9c0efb465b,golden_cross_nasdaq,regime,dead,0.055,0.08
2026-07-07,cal_021d07d02a,monthof_10_sp500,calendar,dead,0.918082,0.503497
2026-07-07,cal_02b889c7e0,monthof_8_sp500,calendar,dead,0.931069,0.665335
2026-07-07,cal_05facdcc22,quarter_end_sp500,calendar,dead,0.764236,0.718282
2026-07-07,cal_0662569f50,monthof_12_nasdaq,calendar,dead,0.511489,0.659341
2026-07-07,cal_116d0565a8,quarter_end_nasdaq,calendar,dead,0.884116,0.440559
2026-07-07,cal_11bf800cae,world_cup_year_nasdaq,calendar,survive,0.000999,0.078921
2026-07-07,cal_146a3e8961,dow_nasdaq,calendar,faded,0.000999,0.632368
2026-07-07,cal_19104677ae,monthof_6_sp500,calendar,dead,0.794206,0.460539
2026-07-07,cal_216be59585,monthof_11_nasdaq,calendar,dead,0.178821,0.351648
2026-07-07,cal_2a991b85ee,sell_in_may_nasdaq,calendar,dead,0.033966,0.498501
2026-07-07,cal_2bf2b4d53f,monthof_9_sp500,calendar,survive,0.000999,0.065934
2026-07-07,cal_2de632e38b,monthof_6_nasdaq,calendar,dead,0.998002,0.854146
2026-07-07,cal_2e5f17d421,month_nasdaq,calendar,inconclusive,0.333666,0.599401
2026-07-07,cal_2e7a9a5ca1,monthof_3_sp500,calendar,dead,0.67033,0.777223
2026-07-07,cal_345031f898,monthof_5_nasdaq,calendar,dead,0.613387,0.659341
2026-07-07,cal_398f5c0e31,opex_week_nasdaq,calendar,dead,0.638362,0.709291
2026-07-07,cal_433ee46bbe,opex_week_sp500,calendar,dead,0.264735,0.723277
2026-07-07,cal_456e8c2d5e,monthof_12_sp500,calendar,dead,0.214785,0.971029
2026-07-07,cal_4a891b25f0,monthof_8_nasdaq,calendar,dead,0.33966,0.845155
2026-07-07,cal_4aa242d26e,monthof_5_sp500,calendar,dead,0.266733,0.867133
2026-07-07,cal_4bf363bd79,monthof_7_sp500,calendar,dead,0.046953,0.388611
2026-07-07,cal_527d0ae2db,monthof_1_nasdaq,calendar,dead,0.051948,0.947053
2026-07-07,cal_579e6e1355,monthof_2_nasdaq,calendar,dead,0.450549,0.318681
2026-07-07,cal_597774dc60,monthof_1_sp500,calendar,dead,0.281718,0.557443
2026-07-07,cal_5a22160179,turn_of_month_sp500,calendar,faded,0.000999,0.25974
2026-07-07,cal_6a08a2ccb6,pre_holiday_nasdaq,calendar,dead,0.141858,0.226773
2026-07-07,cal_6ebedbd943,monthof_10_nasdaq,calendar,dead,0.665335,0.370629
2026-07-07,cal_6f4b839635,pre_fomc_nasdaq,calendar,dead,0.258741,0.284715
2026-07-07,cal_7114c0729a,month_sp500,calendar,inconclusive,0.022977,0.13986
2026-07-07,cal_7738ecb1bc,turn_of_month_nasdaq,calendar,faded,0.001998,0.187812
2026-07-07,cal_79870937ed,world_cup_year_sp500,calendar,dead,0.015984,0.154845
2026-07-07,cal_7ded9a48d4,monthof_2_sp500,calendar,dead,0.146853,0.248751
2026-07-07,cal_82e1f1d8c9,pre_holiday_sp500,calendar,dead,0.085914,0.154845
2026-07-07,cal_85cc7cc6d7,dow_sp500,calendar,faded,0.000999,0.824176
2026-07-07,cal_8669d8c09d,monthof_11_sp500,calendar,dead,0.396603,0.141858
2026-07-07,cal_87670427d9,january_sp500,calendar,dead,0.161838,0.711289
2026-07-07,cal_8d5125126b,term_year3_sp500,calendar,inconclusive,0.04995,
2026-07-07,cal_8fe611a742,santa_nasdaq,calendar,dead,0.007992,0.220779
2026-07-07,cal_94c08fa012,santa_sp500,calendar,faded,0.000999,0.196803
2026-07-07,cal_ba8471031e,pre_fomc_sp500,calendar,dead,0.148851,0.141858
2026-07-07,cal_bbcc723bdf,decade_digit_sp500,calendar,inconclusive,0.163836,
2026-07-07,cal_bc77212229,sell_in_may_sp500,calendar,dead,0.088911,0.222777
2026-07-07,cal_c3a33a6db5,monthof_4_sp500,calendar,dead,0.21978,0.227772
2026-07-07,cal_c8b0832b2e,monthof_7_nasdaq,calendar,dead,0.889111,0.549451
2026-07-07,cal_d4de5634d3,september_nasdaq,calendar,dead,0.007992,0.023976
2026-07-07,cal_e041ed5979,monthof_3_nasdaq,calendar,dead,0.58042,0.797203
2026-07-07,cal_e3052fad5c,monthof_4_nasdaq,calendar,dead,0.418581,0.509491
2026-07-07,cal_ec09c00a99,presidential_cycle_sp500,calendar,inconclusive,0.300699,
2026-07-07,cal_f70ee53794,monthof_9_nasdaq,calendar,dead,0.018981,0.046953
2026-07-07,cal_f80dd36a7a,january_nasdaq,calendar,dead,0.023976,0.482517
2026-07-07,cal_f923f81493,september_sp500,calendar,survive,0.000999,0.028971
2026-07-07,fac_4beec74249,BTC_mom20_neg,factor,survive,0.002,0.005
2026-07-07,fac_70486895ee,dxy_rising,factor,dead,0.497,0.949
2026-07-07,fac_7578b1d58f,vix_backwardation,factor,dead,0.821,0.654
2026-07-07,fac_778b84a969,NASDAQ_mom20_neg,factor,dead,0.045,0.518
2026-07-07,fac_79cf4a9a7b,NASDAQ_above_ma200,factor,dead,0.006,0.074
2026-07-07,fac_a1bf6a105c,nasdaq_rsi_overbought,factor,dead,0.314,0.515
2026-07-07,fac_ab89704768,nasdaq_high_vol,factor,dead,0.004,0.931
2026-07-07,fac_bed960d3e2,NASDAQ_mom20_pos,factor,dead,0.409,0.716
2026-07-07,fac_c872e5eb69,BTC_above_ma200,factor,dead,0.146,0.124
2026-07-07,fac_cc60102eac,dxy_falling,factor,dead,0.757,0.826
2026-07-07,fac_d738a0c3fd,nasdaq_low_vol,factor,dead,0.268,0.673
2026-07-07,fac_d8a4f38258,overnight_mom_neg,factor,dead,0.278,0.451
2026-07-07,fac_dcbd9f57b5,overnight_mom_pos,factor,dead,0.278,0.451
2026-07-07,fac_e2be6309e8,nasdaq_rsi_oversold,factor,dead,0.561,0.391
2026-07-07,fac_f834dcf2c0,BTC_mom20_pos,factor,survive,0.0,0.002
2026-07-07,opt_13e0620c3f,total_pc_lo_h10,options_sentiment,dead,0.612,0.612
2026-07-07,opt_2bdac60949,total_pc_hi_h10,options_sentiment,dead,0.81,0.81
2026-07-07,opt_6b7c040f34,equity_pc_hi_h20,options_sentiment,dead,0.914,0.914
2026-07-07,opt_706c7e01ed,equity_pc_lo_h20,options_sentiment,dead,0.155,0.155
2026-07-07,opt_aad2768b05,total_pc_hi_h20,options_sentiment,dead,0.448,0.448
2026-07-07,opt_c8998dbbe6,equity_pc_lo_h10,options_sentiment,dead,0.76,0.76
2026-07-07,opt_d6053cc7a0,total_pc_lo_h20,options_sentiment,dead,0.418,0.418
2026-07-07,opt_f09bd225c9,equity_pc_hi_h10,options_sentiment,dead,0.499,0.499
2026-07-07,pos_0e8203cb20,legacy_noncomm_pct_oi_hi_h20_sp500,positioning,dead,0.784,0.784
2026-07-07,pos_3b1f2f7be5,legacy_noncomm_pct_oi_lo_h60_nasdaq100,positioning,survive,0.0,0.0
2026-07-07,pos_4503921189,legacy_noncomm_pct_oi_lo_h20_sp500,positioning,dead,0.305,0.305
2026-07-07,pos_46e606b679,tff_lev_net_pct_oi_hi_h60_sp500,positioning,dead,0.803,0.803
2026-07-07,pos_4f52a87fc8,tff_lev_net_pct_oi_hi_h20_sp500,positioning,dead,0.671,0.671
2026-07-07,pos_5618fa6478,tff_lev_net_pct_oi_lo_h60_nasdaq100,positioning,dead,0.006,0.006
2026-07-07,pos_566a8459e8,tff_lev_net_pct_oi_lo_h20_nasdaq100,positioning,dead,0.489,0.489
2026-07-07,pos_69b292d2ff,legacy_noncomm_pct_oi_lo_h20_nasdaq100,positioning,dead,0.072,0.072
2026-07-07,pos_74c61491cb,legacy_noncomm_pct_oi_hi_h20_nasdaq100,positioning,dead,0.201,0.201
2026-07-07,pos_771e2a7ea4,tff_lev_net_pct_oi_lo_h20_sp500,positioning,dead,0.016,0.016
2026-07-07,pos_951ab21851,tff_lev_net_pct_oi_lo_h60_sp500,positioning,dead,0.182,0.182
2026-07-07,pos_ad633d4d56,tff_lev_net_pct_oi_hi_h60_nasdaq100,positioning,dead,0.112,0.112
2026-07-07,pos_c5297400c9,legacy_noncomm_pct_oi_lo_h60_sp500,positioning,dead,0.643,0.643
2026-07-07,pos_d898f33d4c,tff_lev_net_pct_oi_hi_h20_nasdaq100,positioning,dead,0.193,0.193
2026-07-07,pos_f7aa0cde34,legacy_noncomm_pct_oi_hi_h60_sp500,positioning,dead,0.513,0.513
2026-07-07,pos_fb69e287a1,legacy_noncomm_pct_oi_hi_h60_nasdaq100,positioning,dead,0.932,0.932
2026-07-07,reb_018df927fb,p1_h5_sp500,rebound,dead,0.26,0.576
2026-07-07,reb_0b54f655e4,p10_h1_nasdaq,rebound,faded,0.0,0.362
2026-07-07,reb_183bf3c31c,p5_h1_sp500,rebound,dead,0.963,0.241
2026-07-07,reb_2617209d72,p10_h5_nasdaq,rebound,faded,0.002,0.262
2026-07-07,reb_2b218993db,p1_h5_nasdaq,rebound,dead,0.552,0.896
2026-07-07,reb_7155c924ca,p10_h1_sp500,rebound,dead,0.261,0.088
2026-07-07,reb_7e3e4a8d62,p1_h1_sp500,rebound,dead,0.242,0.5
2026-07-07,reb_8055fe6f4a,p1_h1_nasdaq,rebound,dead,0.241,0.474
2026-07-07,reb_91f1615526,p10_h5_sp500,rebound,dead,0.031,0.704
2026-07-07,reb_9adb2feef5,p5_h1_nasdaq,rebound,survive,0.0,0.075
2026-07-07,reb_b016e921c3,p5_h5_sp500,rebound,dead,0.357,0.614
2026-07-07,reb_b61bcf84d2,p5_h5_nasdaq,rebound,dead,0.058,0.07
2026-07-07,reg_74448026aa,golden_cross_sp500,regime,survive,0.0,0.022
2026-07-07,reg_9c0efb465b,golden_cross_nasdaq,regime,dead,0.058,0.075
2026-07-08,cal_021d07d02a,monthof_10_sp500,calendar,dead,0.925075,0.541459
2026-07-08,cal_02b889c7e0,monthof_8_sp500,calendar,dead,0.938062,0.671329
2026-07-08,cal_05facdcc22,quarter_end_sp500,calendar,dead,0.774226,0.723277
2026-07-08,cal_0662569f50,monthof_12_nasdaq,calendar,dead,0.507493,0.661339
2026-07-08,cal_116d0565a8,quarter_end_nasdaq,calendar,dead,0.881119,0.42957
2026-07-08,cal_11bf800cae,world_cup_year_nasdaq,calendar,survive,0.000999,0.078921
2026-07-08,cal_146a3e8961,dow_nasdaq,calendar,faded,0.000999,0.643357
2026-07-08,cal_19104677ae,monthof_6_sp500,calendar,dead,0.802198,0.484515
2026-07-08,cal_216be59585,monthof_11_nasdaq,calendar,dead,0.186813,0.376623
2026-07-08,cal_2a991b85ee,sell_in_may_nasdaq,calendar,dead,0.034965,0.515485
2026-07-08,cal_2bf2b4d53f,monthof_9_sp500,calendar,survive,0.000999,0.061938
2026-07-08,cal_2de632e38b,monthof_6_nasdaq,calendar,dead,0.99001,0.861139
2026-07-08,cal_2e5f17d421,month_nasdaq,calendar,inconclusive,0.331668,0.607393
2026-07-08,cal_2e7a9a5ca1,monthof_3_sp500,calendar,dead,0.669331,0.747253
2026-07-08,cal_345031f898,monthof_5_nasdaq,calendar,dead,0.609391,0.663337
2026-07-08,cal_398f5c0e31,opex_week_nasdaq,calendar,dead,0.645355,0.736264
2026-07-08,cal_433ee46bbe,opex_week_sp500,calendar,dead,0.22977,0.745255
2026-07-08,cal_456e8c2d5e,monthof_12_sp500,calendar,dead,0.216783,0.983017
2026-07-08,cal_4a891b25f0,monthof_8_nasdaq,calendar,dead,0.295704,0.825175
2026-07-08,cal_4aa242d26e,monthof_5_sp500,calendar,dead,0.278721,0.837163
2026-07-08,cal_4bf363bd79,monthof_7_sp500,calendar,dead,0.060939,0.423576
2026-07-08,cal_527d0ae2db,monthof_1_nasdaq,calendar,dead,0.066933,0.933067
2026-07-08,cal_579e6e1355,monthof_2_nasdaq,calendar,dead,0.424575,0.334665
2026-07-08,cal_597774dc60,monthof_1_sp500,calendar,dead,0.306693,0.517483
2026-07-08,cal_5a22160179,turn_of_month_sp500,calendar,faded,0.000999,0.230769
2026-07-08,cal_6a08a2ccb6,pre_holiday_nasdaq,calendar,dead,0.124875,0.201798
2026-07-08,cal_6ebedbd943,monthof_10_nasdaq,calendar,dead,0.675325,0.368631
2026-07-08,cal_6f4b839635,pre_fomc_nasdaq,calendar,dead,0.273726,0.315684
2026-07-08,cal_7114c0729a,month_sp500,calendar,inconclusive,0.022977,0.143856
2026-07-08,cal_7738ecb1bc,turn_of_month_nasdaq,calendar,faded,0.000999,0.171828
2026-07-08,cal_79870937ed,world_cup_year_sp500,calendar,dead,0.012987,0.14985
2026-07-08,cal_7ded9a48d4,monthof_2_sp500,calendar,dead,0.187812,0.258741
2026-07-08,cal_82e1f1d8c9,pre_holiday_sp500,calendar,dead,0.07992,0.13986
2026-07-08,cal_85cc7cc6d7,dow_sp500,calendar,faded,0.000999,0.845155
2026-07-08,cal_8669d8c09d,monthof_11_sp500,calendar,dead,0.436563,0.125874
2026-07-08,cal_87670427d9,january_sp500,calendar,dead,0.137862,0.753247
2026-07-08,cal_8d5125126b,term_year3_sp500,calendar,inconclusive,0.04995,
2026-07-08,cal_8fe611a742,santa_nasdaq,calendar,dead,0.007992,0.201798
2026-07-08,cal_94c08fa012,santa_sp500,calendar,faded,0.001998,0.197802
2026-07-08,cal_ba8471031e,pre_fomc_sp500,calendar,dead,0.158841,0.158841
2026-07-08,cal_bbcc723bdf,decade_digit_sp500,calendar,inconclusive,0.163836,
2026-07-08,cal_bc77212229,sell_in_may_sp500,calendar,dead,0.101898,0.244755
2026-07-08,cal_c3a33a6db5,monthof_4_sp500,calendar,dead,0.206793,0.225774
2026-07-08,cal_c8b0832b2e,monthof_7_nasdaq,calendar,dead,0.864136,0.541459
2026-07-08,cal_d4de5634d3,september_nasdaq,calendar,dead,0.00999,0.025974
2026-07-08,cal_e041ed5979,monthof_3_nasdaq,calendar,dead,0.611389,0.782218
2026-07-08,cal_e3052fad5c,monthof_4_nasdaq,calendar,dead,0.38961,0.5005
2026-07-08,cal_ec09c00a99,presidential_cycle_sp500,calendar,inconclusive,0.300699,
2026-07-08,cal_f70ee53794,monthof_9_nasdaq,calendar,dead,0.016983,0.053946
2026-07-08,cal_f80dd36a7a,january_nasdaq,calendar,dead,0.024975,0.468531
2026-07-08,cal_f923f81493,september_sp500,calendar,survive,0.000999,0.044955
2026-07-08,fac_4beec74249,BTC_mom20_neg,factor,survive,0.002,0.004
2026-07-08,fac_70486895ee,dxy_rising,factor,dead,0.503,0.935
2026-07-08,fac_7578b1d58f,vix_backwardation,factor,dead,0.837,0.66
2026-07-08,fac_778b84a969,NASDAQ_mom20_neg,factor,dead,0.045,0.498
2026-07-08,fac_79cf4a9a7b,NASDAQ_above_ma200,factor,dead,0.006,0.067
2026-07-08,fac_a1bf6a105c,nasdaq_rsi_overbought,factor,dead,0.305,0.44
2026-07-08,fac_ab89704768,nasdaq_high_vol,factor,dead,0.005,0.945
2026-07-08,fac_bed960d3e2,NASDAQ_mom20_pos,factor,dead,0.426,0.72
2026-07-08,fac_c872e5eb69,BTC_above_ma200,factor,dead,0.148,0.127
2026-07-08,fac_cc60102eac,dxy_falling,factor,dead,0.77,0.81
2026-07-08,fac_d738a0c3fd,nasdaq_low_vol,factor,dead,0.265,0.649
2026-07-08,fac_d8a4f38258,overnight_mom_neg,factor,dead,0.286,0.426
2026-07-08,fac_dcbd9f57b5,overnight_mom_pos,factor,dead,0.286,0.426
2026-07-08,fac_e2be6309e8,nasdaq_rsi_oversold,factor,dead,0.552,0.399
2026-07-08,fac_f834dcf2c0,BTC_mom20_pos,factor,survive,0.0,0.002
2026-07-08,opt_13e0620c3f,total_pc_lo_h10,options_sentiment,dead,0.616,0.616
2026-07-08,opt_2bdac60949,total_pc_hi_h10,options_sentiment,dead,0.795,0.795
2026-07-08,opt_6b7c040f34,equity_pc_hi_h20,options_sentiment,dead,0.919,0.919
2026-07-08,opt_706c7e01ed,equity_pc_lo_h20,options_sentiment,dead,0.148,0.148
2026-07-08,opt_aad2768b05,total_pc_hi_h20,options_sentiment,dead,0.453,0.453
2026-07-08,opt_c8998dbbe6,equity_pc_lo_h10,options_sentiment,dead,0.748,0.748
2026-07-08,opt_d6053cc7a0,total_pc_lo_h20,options_sentiment,dead,0.421,0.421
2026-07-08,opt_f09bd225c9,equity_pc_hi_h10,options_sentiment,dead,0.497,0.497
2026-07-08,pos_0e8203cb20,legacy_noncomm_pct_oi_hi_h20_sp500,positioning,dead,0.783,0.783
2026-07-08,pos_3b1f2f7be5,legacy_noncomm_pct_oi_lo_h60_nasdaq100,positioning,survive,0.0,0.0
2026-07-08,pos_4503921189,legacy_noncomm_pct_oi_lo_h20_sp500,positioning,dead,0.309,0.309
2026-07-08,pos_46e606b679,tff_lev_net_pct_oi_hi_h60_sp500,positioning,dead,0.805,0.805
2026-07-08,pos_4f52a87fc8,tff_lev_net_pct_oi_hi_h20_sp500,positioning,dead,0.663,0.663
2026-07-08,pos_5618fa6478,tff_lev_net_pct_oi_lo_h60_nasdaq100,positioning,dead,0.007,0.007
2026-07-08,pos_566a8459e8,tff_lev_net_pct_oi_lo_h20_nasdaq100,positioning,dead,0.48,0.48
2026-07-08,pos_69b292d2ff,legacy_noncomm_pct_oi_lo_h20_nasdaq100,positioning,dead,0.074,0.074
2026-07-08,pos_74c61491cb,legacy_noncomm_pct_oi_hi_h20_nasdaq100,positioning,dead,0.209,0.209
2026-07-08,pos_771e2a7ea4,tff_lev_net_pct_oi_lo_h20_sp500,positioning,dead,0.018,0.018
2026-07-08,pos_951ab21851,tff_lev_net_pct_oi_lo_h60_sp500,positioning,dead,0.177,0.177
2026-07-08,pos_ad633d4d56,tff_lev_net_pct_oi_hi_h60_nasdaq100,positioning,dead,0.112,0.112
2026-07-08,pos_c5297400c9,legacy_noncomm_pct_oi_lo_h60_sp500,positioning,dead,0.641,0.641
2026-07-08,pos_d898f33d4c,tff_lev_net_pct_oi_hi_h20_nasdaq100,positioning,dead,0.195,0.195
2026-07-08,pos_f7aa0cde34,legacy_noncomm_pct_oi_hi_h60_sp500,positioning,dead,0.506,0.506
2026-07-08,pos_fb69e287a1,legacy_noncomm_pct_oi_hi_h60_nasdaq100,positioning,dead,0.925,0.925
2026-07-08,reb_018df927fb,p1_h5_sp500,rebound,dead,0.267,0.592
2026-07-08,reb_0b54f655e4,p10_h1_nasdaq,rebound,faded,0.0,0.362
2026-07-08,reb_183bf3c31c,p5_h1_sp500,rebound,dead,0.939,0.258
2026-07-08,reb_2617209d72,p10_h5_nasdaq,rebound,dead,0.003,0.273
2026-07-08,reb_2b218993db,p1_h5_nasdaq,rebound,dead,0.541,0.894
2026-07-08,reb_7155c924ca,p10_h1_sp500,rebound,dead,0.266,0.101
2026-07-08,reb_7e3e4a8d62,p1_h1_sp500,rebound,dead,0.26,0.542
2026-07-08,reb_8055fe6f4a,p1_h1_nasdaq,rebound,dead,0.256,0.454
2026-07-08,reb_91f1615526,p10_h5_sp500,rebound,dead,0.028,0.731
2026-07-08,reb_9adb2feef5,p5_h1_nasdaq,rebound,survive,0.0,0.084
2026-07-08,reb_b016e921c3,p5_h5_sp500,rebound,dead,0.387,0.659
2026-07-08,reb_b61bcf84d2,p5_h5_nasdaq,rebound,dead,0.054,0.072
2026-07-08,reg_74448026aa,golden_cross_sp500,regime,survive,0.0,0.025
2026-07-08,reg_9c0efb465b,golden_cross_nasdaq,regime,dead,0.059,0.07
2026-07-09,cal_021d07d02a,monthof_10_sp500,calendar,dead,0.933067,0.526474
2026-07-09,cal_02b889c7e0,monthof_8_sp500,calendar,dead,0.937063,0.669331
2026-07-09,cal_05facdcc22,quarter_end_sp500,calendar,dead,0.786214,0.698302
2026-07-09,cal_0662569f50,monthof_12_nasdaq,calendar,dead,0.512488,0.675325
2026-07-09,cal_116d0565a8,quarter_end_nasdaq,calendar,dead,0.867133,0.420579
2026-07-09,cal_11bf800cae,world_cup_year_nasdaq,calendar,survive,0.001998,0.094905
2026-07-09,cal_146a3e8961,dow_nasdaq,calendar,faded,0.000999,0.629371
2026-07-09,cal_19104677ae,monthof_6_sp500,calendar,dead,0.825175,0.521479
2026-07-09,cal_216be59585,monthof_11_nasdaq,calendar,dead,0.168831,0.331668
2026-07-09,cal_2a991b85ee,sell_in_may_nasdaq,calendar,dead,0.032967,0.504496
2026-07-09,cal_2bf2b4d53f,monthof_9_sp500,calendar,survive,0.000999,0.066933
2026-07-09,cal_2de632e38b,monthof_6_nasdaq,calendar,dead,0.996004,0.879121
2026-07-09,cal_2e5f17d421,month_nasdaq,calendar,inconclusive,0.333666,0.6004
2026-07-09,cal_2e7a9a5ca1,monthof_3_sp500,calendar,dead,0.651349,0.753247
2026-07-09,cal_345031f898,monthof_5_nasdaq,calendar,dead,0.631369,0.622378
2026-07-09,cal_398f5c0e31,opex_week_nasdaq,calendar,dead,0.66034,0.7003
2026-07-09,cal_433ee46bbe,opex_week_sp500,calendar,dead,0.246753,0.712288
2026-07-09,cal_456e8c2d5e,monthof_12_sp500,calendar,dead,0.242757,0.979021
2026-07-09,cal_4a891b25f0,monthof_8_nasdaq,calendar,dead,0.322677,0.82018
2026-07-09,cal_4aa242d26e,monthof_5_sp500,calendar,dead,0.272727,0.863137
2026-07-09,cal_4bf363bd79,monthof_7_sp500,calendar,dead,0.054945,0.400599
2026-07-09,cal_527d0ae2db,monthof_1_nasdaq,calendar,dead,0.056943,0.939061
2026-07-09,cal_579e6e1355,monthof_2_nasdaq,calendar,dead,0.423576,0.317682
2026-07-09,cal_597774dc60,monthof_1_sp500,calendar,dead,0.283716,0.535465
2026-07-09,cal_5a22160179,turn_of_month_sp500,calendar,faded,0.000999,0.220779
2026-07-09,cal_6a08a2ccb6,pre_holiday_nasdaq,calendar,dead,0.134865,0.21978
2026-07-09,cal_6ebedbd943,monthof_10_nasdaq,calendar,dead,0.657343,0.423576
2026-07-09,cal_6f4b839635,pre_fomc_nasdaq,calendar,dead,0.264735,0.292707
2026-07-09,cal_7114c0729a,month_sp500,calendar,inconclusive,0.022977,0.140859
2026-07-09,cal_7738ecb1bc,turn_of_month_nasdaq,calendar,faded,0.000999,0.191808
2026-07-09,cal_79870937ed,world_cup_year_sp500,calendar,dead,0.014985,0.165834
2026-07-09,cal_7ded9a48d4,monthof_2_sp500,calendar,dead,0.165834,0.266733
2026-07-09,cal_82e1f1d8c9,pre_holiday_sp500,calendar,dead,0.06993,0.134865
2026-07-09,cal_85cc7cc6d7,dow_sp500,calendar,faded,0.000999,0.841159
2026-07-09,cal_8669d8c09d,monthof_11_sp500,calendar,dead,0.460539,0.143856
2026-07-09,cal_87670427d9,january_sp500,calendar,dead,0.141858,0.727273
2026-07-09,cal_8d5125126b,term_year3_sp500,calendar,inconclusive,0.04995,
2026-07-09,cal_8fe611a742,santa_nasdaq,calendar,dead,0.006993,0.200799
2026-07-09,cal_94c08fa012,santa_sp500,calendar,faded,0.000999,0.211788
2026-07-09,cal_ba8471031e,pre_fomc_sp500,calendar,dead,0.151848,0.173826
2026-07-09,cal_bbcc723bdf,decade_digit_sp500,calendar,inconclusive,0.163836,
2026-07-09,cal_bc77212229,sell_in_may_sp500,calendar,dead,0.081918,0.238761
2026-07-09,cal_c3a33a6db5,monthof_4_sp500,calendar,dead,0.227772,0.201798
2026-07-09,cal_c8b0832b2e,monthof_7_nasdaq,calendar,dead,0.885115,0.533467
2026-07-09,cal_d4de5634d3,september_nasdaq,calendar,dead,0.008991,0.024975
2026-07-09,cal_e041ed5979,monthof_3_nasdaq,calendar,dead,0.598402,0.803197
2026-07-09,cal_e3052fad5c,monthof_4_nasdaq,calendar,dead,0.437562,0.52048
2026-07-09,cal_ec09c00a99,presidential_cycle_sp500,calendar,inconclusive,0.300699,
2026-07-09,cal_f70ee53794,monthof_9_nasdaq,calendar,dead,0.021978,0.055944
2026-07-09,cal_f80dd36a7a,january_nasdaq,calendar,dead,0.021978,0.488511
2026-07-09,cal_f923f81493,september_sp500,calendar,survive,0.001998,0.030969
2026-07-09,fac_4beec74249,BTC_mom20_neg,factor,survive,0.002,0.006
2026-07-09,fac_70486895ee,dxy_rising,factor,dead,0.5,0.939
2026-07-09,fac_7578b1d58f,vix_backwardation,factor,dead,0.833,0.674
2026-07-09,fac_778b84a969,NASDAQ_mom20_neg,factor,dead,0.044,0.492
2026-07-09,fac_79cf4a9a7b,NASDAQ_above_ma200,factor,dead,0.005,0.071
2026-07-09,fac_a1bf6a105c,nasdaq_rsi_overbought,factor,dead,0.299,0.434
2026-07-09,fac_ab89704768,nasdaq_high_vol,factor,dead,0.004,0.959
2026-07-09,fac_bed960d3e2,NASDAQ_mom20_pos,factor,dead,0.429,0.706
2026-07-09,fac_c872e5eb69,BTC_above_ma200,factor,dead,0.148,0.121
2026-07-09,fac_cc60102eac,dxy_falling,factor,dead,0.772,0.827
2026-07-09,fac_d738a0c3fd,nasdaq_low_vol,factor,dead,0.271,0.639
2026-07-09,fac_d8a4f38258,overnight_mom_neg,factor,dead,0.29,0.413
2026-07-09,fac_dcbd9f57b5,overnight_mom_pos,factor,dead,0.29,0.413
2026-07-09,fac_e2be6309e8,nasdaq_rsi_oversold,factor,dead,0.544,0.406
2026-07-09,fac_f834dcf2c0,BTC_mom20_pos,factor,survive,0.0,0.003
2026-07-09,opt_13e0620c3f,total_pc_lo_h10,options_sentiment,dead,0.612,0.612
2026-07-09,opt_2bdac60949,total_pc_hi_h10,options_sentiment,dead,0.802,0.802
2026-07-09,opt_6b7c040f34,equity_pc_hi_h20,options_sentiment,dead,0.939,0.939
2026-07-09,opt_706c7e01ed,equity_pc_lo_h20,options_sentiment,dead,0.146,0.146
2026-07-09,opt_aad2768b05,total_pc_hi_h20,options_sentiment,dead,0.449,0.449
2026-07-09,opt_c8998dbbe6,equity_pc_lo_h10,options_sentiment,dead,0.738,0.738
2026-07-09,opt_d6053cc7a0,total_pc_lo_h20,options_sentiment,dead,0.425,0.425
2026-07-09,opt_f09bd225c9,equity_pc_hi_h10,options_sentiment,dead,0.493,0.493
2026-07-09,pos_0e8203cb20,legacy_noncomm_pct_oi_hi_h20_sp500,positioning,dead,0.783,0.783
2026-07-09,pos_3b1f2f7be5,legacy_noncomm_pct_oi_lo_h60_nasdaq100,positioning,survive,0.0,0.0
2026-07-09,pos_4503921189,legacy_noncomm_pct_oi_lo_h20_sp500,positioning,dead,0.302,0.302
2026-07-09,pos_46e606b679,tff_lev_net_pct_oi_hi_h60_sp500,positioning,dead,0.804,0.804
2026-07-09,pos_4f52a87fc8,tff_lev_net_pct_oi_hi_h20_sp500,positioning,dead,0.671,0.671
2026-07-09,pos_5618fa6478,tff_lev_net_pct_oi_lo_h60_nasdaq100,positioning,dead,0.007,0.007
2026-07-09,pos_566a8459e8,tff_lev_net_pct_oi_lo_h20_nasdaq100,positioning,dead,0.486,0.486
2026-07-09,pos_69b292d2ff,legacy_noncomm_pct_oi_lo_h20_nasdaq100,positioning,dead,0.07,0.07
2026-07-09,pos_74c61491cb,legacy_noncomm_pct_oi_hi_h20_nasdaq100,positioning,dead,0.211,0.211
2026-07-09,pos_771e2a7ea4,tff_lev_net_pct_oi_lo_h20_sp500,positioning,dead,0.017,0.017
2026-07-09,pos_951ab21851,tff_lev_net_pct_oi_lo_h60_sp500,positioning,dead,0.179,0.179
2026-07-09,pos_ad633d4d56,tff_lev_net_pct_oi_hi_h60_nasdaq100,positioning,dead,0.114,0.114
2026-07-09,pos_c5297400c9,legacy_noncomm_pct_oi_lo_h60_sp500,positioning,dead,0.644,0.644
2026-07-09,pos_d898f33d4c,tff_lev_net_pct_oi_hi_h20_nasdaq100,positioning,dead,0.197,0.197
2026-07-09,pos_f7aa0cde34,legacy_noncomm_pct_oi_hi_h60_sp500,positioning,dead,0.504,0.504
2026-07-09,pos_fb69e287a1,legacy_noncomm_pct_oi_hi_h60_nasdaq100,positioning,dead,0.932,0.932
2026-07-09,reb_018df927fb,p1_h5_sp500,rebound,dead,0.266,0.61
2026-07-09,reb_0b54f655e4,p10_h1_nasdaq,rebound,faded,0.0,0.376
2026-07-09,reb_183bf3c31c,p5_h1_sp500,rebound,dead,0.937,0.209
2026-07-09,reb_2617209d72,p10_h5_nasdaq,rebound,faded,0.0,0.284
2026-07-09,reb_2b218993db,p1_h5_nasdaq,rebound,dead,0.558,0.888
2026-07-09,reb_7155c924ca,p10_h1_sp500,rebound,dead,0.247,0.081
2026-07-09,reb_7e3e4a8d62,p1_h1_sp500,rebound,dead,0.233,0.541
2026-07-09,reb_8055fe6f4a,p1_h1_nasdaq,rebound,dead,0.227,0.448
2026-07-09,reb_91f1615526,p10_h5_sp500,rebound,dead,0.033,0.721
2026-07-09,reb_9adb2feef5,p5_h1_nasdaq,rebound,survive,0.0,0.074
2026-07-09,reb_b016e921c3,p5_h5_sp500,rebound,dead,0.36,0.659
2026-07-09,reb_b61bcf84d2,p5_h5_nasdaq,rebound,dead,0.054,0.067
2026-07-09,reg_74448026aa,golden_cross_sp500,regime,survive,0.0,0.026
2026-07-09,reg_9c0efb465b,golden_cross_nasdaq,regime,dead,0.061,0.075
2026-07-10,cal_021d07d02a,monthof_10_sp500,calendar,dead,0.929071,0.494505
2026-07-10,cal_02b889c7e0,monthof_8_sp500,calendar,dead,0.945055,0.658342
2026-07-10,cal_05facdcc22,quarter_end_sp500,calendar,dead,0.762238,0.703297
2026-07-10,cal_0662569f50,monthof_12_nasdaq,calendar,dead,0.465534,0.646354
2026-07-10,cal_116d0565a8,quarter_end_nasdaq,calendar,dead,0.881119,0.432567
2026-07-10,cal_11bf800cae,world_cup_year_nasdaq,calendar,survive,0.001998,0.083916
2026-07-10,cal_146a3e8961,dow_nasdaq,calendar,faded,0.000999,0.641359
2026-07-10,cal_19104677ae,monthof_6_sp500,calendar,dead,0.821179,0.502498
2026-07-10,cal_216be59585,monthof_11_nasdaq,calendar,dead,0.175824,0.385614
2026-07-10,cal_2a991b85ee,sell_in_may_nasdaq,calendar,dead,0.032967,0.511489
2026-07-10,cal_2bf2b4d53f,monthof_9_sp500,calendar,survive,0.000999,0.054945
2026-07-10,cal_2de632e38b,monthof_6_nasdaq,calendar,dead,0.999001,0.888112
2026-07-10,cal_2e5f17d421,month_nasdaq,calendar,inconclusive,0.333666,0.598402
2026-07-10,cal_2e7a9a5ca1,monthof_3_sp500,calendar,dead,0.655345,0.761239
2026-07-10,cal_345031f898,monthof_5_nasdaq,calendar,dead,0.61039,0.651349
2026-07-10,cal_398f5c0e31,opex_week_nasdaq,calendar,dead,0.602398,0.724276
2026-07-10,cal_433ee46bbe,opex_week_sp500,calendar,dead,0.228771,0.731269
2026-07-10,cal_456e8c2d5e,monthof_12_sp500,calendar,dead,0.234765,0.977023
2026-07-10,cal_4a891b25f0,monthof_8_nasdaq,calendar,dead,0.347652,0.835165
2026-07-10,cal_4aa242d26e,monthof_5_sp500,calendar,dead,0.252747,0.831169
2026-07-10,cal_4bf363bd79,monthof_7_sp500,calendar,dead,0.064935,0.371628
2026-07-10,cal_527d0ae2db,monthof_1_nasdaq,calendar,dead,0.037962,0.937063
2026-07-10,cal_579e6e1355,monthof_2_nasdaq,calendar,dead,0.446553,0.313686
2026-07-10,cal_597774dc60,monthof_1_sp500,calendar,dead,0.304695,0.54046
2026-07-10,cal_5a22160179,turn_of_month_sp500,calendar,faded,0.000999,0.224775
2026-07-10,cal_6a08a2ccb6,pre_holiday_nasdaq,calendar,dead,0.146853,0.232767
2026-07-10,cal_6ebedbd943,monthof_10_nasdaq,calendar,dead,0.641359,0.375624
2026-07-10,cal_6f4b839635,pre_fomc_nasdaq,calendar,dead,0.287712,0.324675
2026-07-10,cal_7114c0729a,month_sp500,calendar,inconclusive,0.022977,0.138861
2026-07-10,cal_7738ecb1bc,turn_of_month_nasdaq,calendar,faded,0.001998,0.173826
2026-07-10,cal_79870937ed,world_cup_year_sp500,calendar,dead,0.012987,0.170829
2026-07-10,cal_7ded9a48d4,monthof_2_sp500,calendar,dead,0.161838,0.238761
2026-07-10,cal_82e1f1d8c9,pre_holiday_sp500,calendar,dead,0.087912,0.163836
2026-07-10,cal_85cc7cc6d7,dow_sp500,calendar,faded,0.000999,0.821179
2026-07-10,cal_8669d8c09d,monthof_11_sp500,calendar,dead,0.438561,0.145854
2026-07-10,cal_87670427d9,january_sp500,calendar,dead,0.13986,0.743257
2026-07-10,cal_8d5125126b,term_year3_sp500,calendar,inconclusive,0.04995,
2026-07-10,cal_8fe611a742,santa_nasdaq,calendar,dead,0.011988,0.200799
2026-07-10,cal_94c08fa012,santa_sp500,calendar,faded,0.000999,0.22977
2026-07-10,cal_ba8471031e,pre_fomc_sp500,calendar,dead,0.152847,0.152847
2026-07-10,cal_bbcc723bdf,decade_digit_sp500,calendar,inconclusive,0.163836,
2026-07-10,cal_bc77212229,sell_in_may_sp500,calendar,dead,0.080919,0.233766
2026-07-10,cal_c3a33a6db5,monthof_4_sp500,calendar,dead,0.224775,0.217782
2026-07-10,cal_c8b0832b2e,monthof_7_nasdaq,calendar,dead,0.882118,0.511489
2026-07-10,cal_d4de5634d3,september_nasdaq,calendar,dead,0.00999,0.023976
2026-07-10,cal_e041ed5979,monthof_3_nasdaq,calendar,dead,0.599401,0.773227
2026-07-10,cal_e3052fad5c,monthof_4_nasdaq,calendar,dead,0.435564,0.535465
2026-07-10,cal_ec09c00a99,presidential_cycle_sp500,calendar,inconclusive,0.300699,
2026-07-10,cal_f70ee53794,monthof_9_nasdaq,calendar,dead,0.008991,0.057942
2026-07-10,cal_f80dd36a7a,january_nasdaq,calendar,dead,0.027972,0.472527
2026-07-10,cal_f923f81493,september_sp500,calendar,survive,0.001998,0.031968
2026-07-10,fac_4beec74249,BTC_mom20_neg,factor,dead,0.003,0.002
2026-07-10,fac_70486895ee,dxy_rising,factor,dead,0.504,0.932
2026-07-10,fac_7578b1d58f,vix_backwardation,factor,dead,0.841,0.673
2026-07-10,fac_778b84a969,NASDAQ_mom20_neg,factor,dead,0.047,0.496
2026-07-10,fac_79cf4a9a7b,NASDAQ_above_ma200,factor,dead,0.006,0.072
2026-07-10,fac_a1bf6a105c,nasdaq_rsi_overbought,factor,dead,0.308,0.426
2026-07-10,fac_ab89704768,nasdaq_high_vol,factor,dead,0.006,0.953
2026-07-10,fac_bed960d3e2,NASDAQ_mom20_pos,factor,dead,0.428,0.716
2026-07-10,fac_c872e5eb69,BTC_above_ma200,factor,dead,0.15,0.125
2026-07-10,fac_cc60102eac,dxy_falling,factor,dead,0.784,0.823
2026-07-10,fac_d738a0c3fd,nasdaq_low_vol,factor,dead,0.267,0.647
2026-07-10,fac_d8a4f38258,overnight_mom_neg,factor,dead,0.281,0.415
2026-07-10,fac_dcbd9f57b5,overnight_mom_pos,factor,dead,0.281,0.415
2026-07-10,fac_e2be6309e8,nasdaq_rsi_oversold,factor,dead,0.574,0.421
2026-07-10,fac_f834dcf2c0,BTC_mom20_pos,factor,survive,0.0,0.003
2026-07-10,opt_13e0620c3f,total_pc_lo_h10,options_sentiment,dead,0.616,0.616
2026-07-10,opt_2bdac60949,total_pc_hi_h10,options_sentiment,dead,0.785,0.785
2026-07-10,opt_6b7c040f34,equity_pc_hi_h20,options_sentiment,dead,0.932,0.932
2026-07-10,opt_706c7e01ed,equity_pc_lo_h20,options_sentiment,dead,0.155,0.155
2026-07-10,opt_aad2768b05,total_pc_hi_h20,options_sentiment,dead,0.433,0.433
2026-07-10,opt_c8998dbbe6,equity_pc_lo_h10,options_sentiment,dead,0.728,0.728
2026-07-10,opt_d6053cc7a0,total_pc_lo_h20,options_sentiment,dead,0.432,0.432
2026-07-10,opt_f09bd225c9,equity_pc_hi_h10,options_sentiment,dead,0.486,0.486
2026-07-10,pos_0e8203cb20,legacy_noncomm_pct_oi_hi_h20_sp500,positioning,dead,0.775,0.775
2026-07-10,pos_3b1f2f7be5,legacy_noncomm_pct_oi_lo_h60_nasdaq100,positioning,survive,0.0,0.0
2026-07-10,pos_4503921189,legacy_noncomm_pct_oi_lo_h20_sp500,positioning,dead,0.297,0.297
2026-07-10,pos_46e606b679,tff_lev_net_pct_oi_hi_h60_sp500,positioning,dead,0.807,0.807
2026-07-10,pos_4f52a87fc8,tff_lev_net_pct_oi_hi_h20_sp500,positioning,dead,0.656,0.656
2026-07-10,pos_5618fa6478,tff_lev_net_pct_oi_lo_h60_nasdaq100,positioning,dead,0.007,0.007
2026-07-10,pos_566a8459e8,tff_lev_net_pct_oi_lo_h20_nasdaq100,positioning,dead,0.496,0.496
2026-07-10,pos_69b292d2ff,legacy_noncomm_pct_oi_lo_h20_nasdaq100,positioning,dead,0.068,0.068
2026-07-10,pos_74c61491cb,legacy_noncomm_pct_oi_hi_h20_nasdaq100,positioning,dead,0.213,0.213
2026-07-10,pos_771e2a7ea4,tff_lev_net_pct_oi_lo_h20_sp500,positioning,dead,0.016,0.016
2026-07-10,pos_951ab21851,tff_lev_net_pct_oi_lo_h60_sp500,positioning,dead,0.178,0.178
2026-07-10,pos_ad633d4d56,tff_lev_net_pct_oi_hi_h60_nasdaq100,positioning,dead,0.113,0.113
2026-07-10,pos_c5297400c9,legacy_noncomm_pct_oi_lo_h60_sp500,positioning,dead,0.648,0.648
2026-07-10,pos_d898f33d4c,tff_lev_net_pct_oi_hi_h20_nasdaq100,positioning,dead,0.192,0.192
2026-07-10,pos_f7aa0cde34,legacy_noncomm_pct_oi_hi_h60_sp500,positioning,dead,0.509,0.509
2026-07-10,pos_fb69e287a1,legacy_noncomm_pct_oi_hi_h60_nasdaq100,positioning,dead,0.918,0.918
2026-07-10,reb_018df927fb,p1_h5_sp500,rebound,dead,0.263,0.626
2026-07-10,reb_0b54f655e4,p10_h1_nasdaq,rebound,faded,0.0,0.38
2026-07-10,reb_183bf3c31c,p5_h1_sp500,rebound,dead,0.953,0.2
2026-07-10,reb_2617209d72,p10_h5_nasdaq,rebound,faded,0.0,0.285
2026-07-10,reb_2b218993db,p1_h5_nasdaq,rebound,dead,0.545,0.865
2026-07-10,reb_7155c924ca,p10_h1_sp500,rebound,dead,0.266,0.099
2026-07-10,reb_7e3e4a8d62,p1_h1_sp500,rebound,dead,0.235,0.525
2026-07-10,reb_8055fe6f4a,p1_h1_nasdaq,rebound,dead,0.225,0.468
2026-07-10,reb_91f1615526,p10_h5_sp500,rebound,dead,0.028,0.714
2026-07-10,reb_9adb2feef5,p5_h1_nasdaq,rebound,survive,0.0,0.098
2026-07-10,reb_b016e921c3,p5_h5_sp500,rebound,dead,0.367,0.706
2026-07-10,reb_b61bcf84d2,p5_h5_nasdaq,rebound,dead,0.046,0.059
2026-07-10,reg_74448026aa,golden_cross_sp500,regime,survive,0.0,0.023
2026-07-10,reg_9c0efb465b,golden_cross_nasdaq,regime,dead,0.062,0.071
2026-07-13,cal_021d07d02a,monthof_10_sp500,calendar,dead,0.908092,0.517483
2026-07-13,cal_02b889c7e0,monthof_8_sp500,calendar,dead,0.922078,0.675325
2026-07-13,cal_05facdcc22,quarter_end_sp500,calendar,dead,0.788212,0.717283
2026-07-13,cal_0662569f50,monthof_12_nasdaq,calendar,dead,0.517483,0.675325
2026-07-13,cal_116d0565a8,quarter_end_nasdaq,calendar,dead,0.885115,0.414585
2026-07-13,cal_11bf800cae,world_cup_year_nasdaq,calendar,dead,0.001998,0.077922
2026-07-13,cal_146a3e8961,dow_nasdaq,calendar,faded,0.000999,0.651349
2026-07-13,cal_19104677ae,monthof_6_sp500,calendar,dead,0.821179,0.482517
2026-07-13,cal_216be59585,monthof_11_nasdaq,calendar,dead,0.17982,0.397602
2026-07-13,cal_2a991b85ee,sell_in_may_nasdaq,calendar,dead,0.030969,0.5005
2026-07-13,cal_2bf2b4d53f,monthof_9_sp500,calendar,survive,0.000999,0.065934
2026-07-13,cal_2de632e38b,monthof_6_nasdaq,calendar,dead,0.99001,0.867133
2026-07-13,cal_2e5f17d421,month_nasdaq,calendar,inconclusive,0.333666,0.6004
2026-07-13,cal_2e7a9a5ca1,monthof_3_sp500,calendar,dead,0.661339,0.748252
2026-07-13,cal_345031f898,monthof_5_nasdaq,calendar,dead,0.61039,0.621379
2026-07-13,cal_398f5c0e31,opex_week_nasdaq,calendar,dead,0.636364,0.716284
2026-07-13,cal_433ee46bbe,opex_week_sp500,calendar,dead,0.258741,0.734266
2026-07-13,cal_456e8c2d5e,monthof_12_sp500,calendar,dead,0.231768,0.969031
2026-07-13,cal_4a891b25f0,monthof_8_nasdaq,calendar,dead,0.344655,0.807193
2026-07-13,cal_4aa242d26e,monthof_5_sp500,calendar,dead,0.295704,0.836164
2026-07-13,cal_4bf363bd79,monthof_7_sp500,calendar,dead,0.067932,0.37962
2026-07-13,cal_527d0ae2db,monthof_1_nasdaq,calendar,dead,0.052947,0.931069
2026-07-13,cal_579e6e1355,monthof_2_nasdaq,calendar,dead,0.442557,0.316683
2026-07-13,cal_597774dc60,monthof_1_sp500,calendar,dead,0.285714,0.51049
2026-07-13,cal_5a22160179,turn_of_month_sp500,calendar,faded,0.000999,0.210789
2026-07-13,cal_6a08a2ccb6,pre_holiday_nasdaq,calendar,dead,0.131868,0.198801
2026-07-13,cal_6ebedbd943,monthof_10_nasdaq,calendar,dead,0.698302,0.377622
2026-07-13,cal_6f4b839635,pre_fomc_nasdaq,calendar,dead,0.303696,0.305694
2026-07-13,cal_7114c0729a,month_sp500,calendar,inconclusive,0.022977,0.13986
2026-07-13,cal_7738ecb1bc,turn_of_month_nasdaq,calendar,faded,0.000999,0.164835
2026-07-13,cal_79870937ed,world_cup_year_sp500,calendar,dead,0.010989,0.163836
2026-07-13,cal_7ded9a48d4,monthof_2_sp500,calendar,dead,0.164835,0.271728
2026-07-13,cal_82e1f1d8c9,pre_holiday_sp500,calendar,dead,0.07992,0.153846
2026-07-13,cal_85cc7cc6d7,dow_sp500,calendar,faded,0.000999,0.847153
2026-07-13,cal_8669d8c09d,monthof_11_sp500,calendar,dead,0.41958,0.130869
2026-07-13,cal_87670427d9,january_sp500,calendar,dead,0.143856,0.751249
2026-07-13,cal_8d5125126b,term_year3_sp500,calendar,inconclusive,0.04995,
2026-07-13,cal_8fe611a742,santa_nasdaq,calendar,dead,0.008991,0.186813
2026-07-13,cal_94c08fa012,santa_sp500,calendar,dead,0.001998,0.17982
2026-07-13,cal_ba8471031e,pre_fomc_sp500,calendar,dead,0.167832,0.13986
2026-07-13,cal_bbcc723bdf,decade_digit_sp500,calendar,inconclusive,0.163836,
2026-07-13,cal_bc77212229,sell_in_may_sp500,calendar,dead,0.082917,0.247752
2026-07-13,cal_c3a33a6db5,monthof_4_sp500,calendar,dead,0.218781,0.222777
2026-07-13,cal_c8b0832b2e,monthof_7_nasdaq,calendar,dead,0.878122,0.513487
2026-07-13,cal_d4de5634d3,september_nasdaq,calendar,dead,0.00999,0.024975
2026-07-13,cal_e041ed5979,monthof_3_nasdaq,calendar,dead,0.587413,0.78022
2026-07-13,cal_e3052fad5c,monthof_4_nasdaq,calendar,dead,0.413586,0.497502
2026-07-13,cal_ec09c00a99,presidential_cycle_sp500,calendar,inconclusive,0.300699,
2026-07-13,cal_f70ee53794,monthof_9_nasdaq,calendar,dead,0.020979,0.048951
2026-07-13,cal_f80dd36a7a,january_nasdaq,calendar,dead,0.021978,0.481518
2026-07-13,cal_f923f81493,september_sp500,calendar,survive,0.000999,0.028971
2026-07-13,fac_4beec74249,BTC_mom20_neg,factor,dead,0.003,0.003
2026-07-13,fac_70486895ee,dxy_rising,factor,dead,0.509,0.928
2026-07-13,fac_7578b1d58f,vix_backwardation,factor,dead,0.826,0.688
2026-07-13,fac_778b84a969,NASDAQ_mom20_neg,factor,dead,0.045,0.495
2026-07-13,fac_79cf4a9a7b,NASDAQ_above_ma200,factor,dead,0.008,0.071
2026-07-13,fac_a1bf6a105c,nasdaq_rsi_overbought,factor,dead,0.303,0.439
2026-07-13,fac_ab89704768,nasdaq_high_vol,factor,dead,0.003,0.967
2026-07-13,fac_bed960d3e2,NASDAQ_mom20_pos,factor,dead,0.426,0.712
2026-07-13,fac_c872e5eb69,BTC_above_ma200,factor,dead,0.153,0.137
2026-07-13,fac_cc60102eac,dxy_falling,factor,dead,0.784,0.812
2026-07-13,fac_d738a0c3fd,nasdaq_low_vol,factor,dead,0.264,0.659
2026-07-13,fac_d8a4f38258,overnight_mom_neg,factor,dead,0.278,0.403
2026-07-13,fac_dcbd9f57b5,overnight_mom_pos,factor,dead,0.278,0.403
2026-07-13,fac_e2be6309e8,nasdaq_rsi_oversold,factor,dead,0.573,0.424
2026-07-13,fac_f834dcf2c0,BTC_mom20_pos,factor,survive,0.0,0.003
2026-07-13,opt_13e0620c3f,total_pc_lo_h10,options_sentiment,dead,0.646,0.646
2026-07-13,opt_2bdac60949,total_pc_hi_h10,options_sentiment,dead,0.786,0.786
2026-07-13,opt_6b7c040f34,equity_pc_hi_h20,options_sentiment,dead,0.934,0.934
2026-07-13,opt_706c7e01ed,equity_pc_lo_h20,options_sentiment,dead,0.157,0.157
2026-07-13,opt_aad2768b05,total_pc_hi_h20,options_sentiment,dead,0.433,0.433
2026-07-13,opt_c8998dbbe6,equity_pc_lo_h10,options_sentiment,dead,0.735,0.735
2026-07-13,opt_d6053cc7a0,total_pc_lo_h20,options_sentiment,dead,0.425,0.425
2026-07-13,opt_f09bd225c9,equity_pc_hi_h10,options_sentiment,dead,0.48,0.48
2026-07-13,pos_0e8203cb20,legacy_noncomm_pct_oi_hi_h20_sp500,positioning,dead,0.77,0.77
2026-07-13,pos_3b1f2f7be5,legacy_noncomm_pct_oi_lo_h60_nasdaq100,positioning,survive,0.0,0.0
2026-07-13,pos_4503921189,legacy_noncomm_pct_oi_lo_h20_sp500,positioning,dead,0.296,0.296
2026-07-13,pos_46e606b679,tff_lev_net_pct_oi_hi_h60_sp500,positioning,dead,0.81,0.81
2026-07-13,pos_4f52a87fc8,tff_lev_net_pct_oi_hi_h20_sp500,positioning,dead,0.664,0.664
2026-07-13,pos_5618fa6478,tff_lev_net_pct_oi_lo_h60_nasdaq100,positioning,dead,0.007,0.007
2026-07-13,pos_566a8459e8,tff_lev_net_pct_oi_lo_h20_nasdaq100,positioning,dead,0.498,0.498
2026-07-13,pos_69b292d2ff,legacy_noncomm_pct_oi_lo_h20_nasdaq100,positioning,dead,0.069,0.069
2026-07-13,pos_74c61491cb,legacy_noncomm_pct_oi_hi_h20_nasdaq100,positioning,dead,0.22,0.22
2026-07-13,pos_771e2a7ea4,tff_lev_net_pct_oi_lo_h20_sp500,positioning,dead,0.018,0.018
2026-07-13,pos_951ab21851,tff_lev_net_pct_oi_lo_h60_sp500,positioning,dead,0.177,0.177
2026-07-13,pos_ad633d4d56,tff_lev_net_pct_oi_hi_h60_nasdaq100,positioning,dead,0.111,0.111
2026-07-13,pos_c5297400c9,legacy_noncomm_pct_oi_lo_h60_sp500,positioning,dead,0.65,0.65
2026-07-13,pos_d898f33d4c,tff_lev_net_pct_oi_hi_h20_nasdaq100,positioning,dead,0.198,0.198
2026-07-13,pos_f7aa0cde34,legacy_noncomm_pct_oi_hi_h60_sp500,positioning,dead,0.504,0.504
2026-07-13,pos_fb69e287a1,legacy_noncomm_pct_oi_hi_h60_nasdaq100,positioning,dead,0.919,0.919
2026-07-13,reb_018df927fb,p1_h5_sp500,rebound,dead,0.272,0.633
2026-07-13,reb_0b54f655e4,p10_h1_nasdaq,rebound,faded,0.0,0.373
2026-07-13,reb_183bf3c31c,p5_h1_sp500,rebound,dead,0.966,0.237
2026-07-13,reb_2617209d72,p10_h5_nasdaq,rebound,faded,0.0,0.277
2026-07-13,reb_2b218993db,p1_h5_nasdaq,rebound,dead,0.56,0.87
2026-07-13,reb_7155c924ca,p10_h1_sp500,rebound,dead,0.238,0.077
2026-07-13,reb_7e3e4a8d62,p1_h1_sp500,rebound,dead,0.23,0.51
2026-07-13,reb_8055fe6f4a,p1_h1_nasdaq,rebound,dead,0.231,0.501
2026-07-13,reb_91f1615526,p10_h5_sp500,rebound,dead,0.029,0.724
2026-07-13,reb_9adb2feef5,p5_h1_nasdaq,rebound,faded,0.0,0.1
2026-07-13,reb_b016e921c3,p5_h5_sp500,rebound,dead,0.349,0.716
2026-07-13,reb_b61bcf84d2,p5_h5_nasdaq,rebound,dead,0.043,0.068
2026-07-13,reg_74448026aa,golden_cross_sp500,regime,survive,0.0,0.026
2026-07-13,reg_9c0efb465b,golden_cross_nasdaq,regime,dead,0.065,0.071
2026-07-13,str_104f8d7bd8,break3_h1_nasdaq,streak_break,dead,0.861,0.44
2026-07-13,str_10ce6fe56e,down4_h1_nasdaq,streak_down,dead,0.002,0.821
2026-07-13,str_1560c11bbd,break5_h5_nasdaq,streak_break,dead,0.766,0.394
2026-07-13,str_16775f1703,break3_h5_nasdaq,streak_break,dead,0.658,0.46
2026-07-13,str_1b6fe1e8ca,down3_h5_sp500,streak_down,dead,0.242,0.893
2026-07-13,str_36b9f79448,down3_h1_nasdaq,streak_down,dead,0.031,0.51
2026-07-13,str_4320d0a275,break3_h5_sp500,streak_break,dead,0.768,0.483
2026-07-13,str_43ea43f9bc,down3_h20_nasdaq,streak_down,dead,0.007,0.172
2026-07-13,str_5824ee8bd5,break5_h5_sp500,streak_break,dead,0.881,0.858
2026-07-13,str_79e97ed91e,down5_h5_nasdaq,streak_down,dead,0.043,0.059
2026-07-13,str_7fd52c09bf,down5_h20_sp500,streak_down,dead,0.805,0.143
2026-07-13,str_7ff66aade6,break5_h1_sp500,streak_break,dead,0.263,0.779
2026-07-13,str_8969baac75,break3_h20_sp500,streak_break,dead,0.023,0.383
2026-07-13,str_8bc1b7d951,down3_h20_sp500,streak_down,dead,0.077,0.94
2026-07-13,str_8c2a185099,down5_h1_sp500,streak_down,dead,0.306,0.022
2026-07-13,str_947583c00a,break5_h20_nasdaq,streak_break,dead,0.193,0.856
2026-07-13,str_9638e678bf,down4_h20_sp500,streak_down,dead,0.459,0.05
2026-07-13,str_a754f69e1f,break5_h20_sp500,streak_break,dead,0.542,0.769
2026-07-13,str_b2f9430e92,down5_h1_nasdaq,streak_down,dead,0.768,0.13
2026-07-13,str_b6d73df6b9,down5_h5_sp500,streak_down,dead,0.607,0.027
2026-07-13,str_b725749b5b,down3_h1_sp500,streak_down,dead,0.372,0.073
2026-07-13,str_b847620031,down4_h5_sp500,streak_down,dead,0.988,0.053
2026-07-13,str_b8d9734d1a,down4_h20_nasdaq,streak_down,dead,0.235,0.847
2026-07-13,str_b916af0ac0,down4_h5_nasdaq,streak_down,dead,0.255,0.057
2026-07-13,str_baa87542e8,down5_h20_nasdaq,streak_down,dead,0.203,0.382
2026-07-13,str_be41d45643,down3_h5_nasdaq,streak_down,dead,0.007,0.75
2026-07-13,str_be73a914d2,down4_h1_sp500,streak_down,dead,0.745,0.155
2026-07-13,str_df987e7acf,break3_h1_sp500,streak_break,dead,0.079,0.202
2026-07-13,str_eaadd5b6d1,break5_h1_nasdaq,streak_break,dead,0.699,0.188
2026-07-13,str_ecf1394eae,break3_h20_nasdaq,streak_break,dead,0.014,0.193
2026-07-13,tra_085bba7150,n504_h126_low_sp500,trailing_extreme,dead,0.79,0.9289
2026-07-13,tra_089dcbd8a1,n252_h126_high_nasdaq,trailing_extreme,dead,0.163,0.22
2026-07-13,tra_1f25b3bd0f,n126_h63_high_nasdaq,trailing_extreme,dead,0.627,0.56
2026-07-13,tra_22e8f33640,n126_h63_low_sp500,trailing_extreme,dead,0.934,0.346
2026-07-13,tra_4ced8af588,n252_h126_high_sp500,trailing_extreme,dead,0.105,0.108
2026-07-13,tra_5711325073,n504_h126_high_sp500,trailing_extreme,dead,0.536,0.024
2026-07-13,tra_9006717c86,n63_h21_low_nasdaq,trailing_extreme,dead,0.495,0.161
2026-07-13,tra_93edbbb9e4,n63_h21_high_sp500,trailing_extreme,dead,0.24,0.248
2026-07-13,tra_a60deafb82,n63_h21_high_nasdaq,trailing_extreme,dead,0.209,0.978
2026-07-13,tra_ace02affa1,n63_h21_low_sp500,trailing_extreme,dead,0.209,0.66
2026-07-13,tra_c5a6e7707e,n126_h63_low_nasdaq,trailing_extreme,dead,0.156,0.005
2026-07-13,tra_c802f55825,n252_h126_low_nasdaq,trailing_extreme,dead,0.455,0.3422
2026-07-13,tra_e355b4c138,n252_h126_low_sp500,trailing_extreme,dead,0.976,0.632
2026-07-13,tra_f8f8b8c0db,n126_h63_high_sp500,trailing_extreme,dead,0.376,0.019
2026-07-14,cal_021d07d02a,monthof_10_sp500,calendar,dead,0.911089,0.504496
2026-07-14,cal_02b889c7e0,monthof_8_sp500,calendar,dead,0.939061,0.677323
2026-07-14,cal_05facdcc22,quarter_end_sp500,calendar,dead,0.779221,0.734266
2026-07-14,cal_0662569f50,monthof_12_nasdaq,calendar,dead,0.486513,0.666334
2026-07-14,cal_116d0565a8,quarter_end_nasdaq,calendar,dead,0.877123,0.420579
2026-07-14,cal_11bf800cae,world_cup_year_nasdaq,calendar,dead,0.001998,0.077922
2026-07-14,cal_146a3e8961,dow_nasdaq,calendar,faded,0.000999,0.616384
2026-07-14,cal_19104677ae,monthof_6_sp500,calendar,dead,0.822178,0.472527
2026-07-14,cal_216be59585,monthof_11_nasdaq,calendar,dead,0.171828,0.372627
2026-07-14,cal_2a991b85ee,sell_in_may_nasdaq,calendar,dead,0.027972,0.511489
2026-07-14,cal_2bf2b4d53f,monthof_9_sp500,calendar,dead,0.002997,0.065934
2026-07-14,cal_2de632e38b,monthof_6_nasdaq,calendar,dead,0.992008,0.874126
2026-07-14,cal_2e5f17d421,month_nasdaq,calendar,inconclusive,0.333666,0.6004
2026-07-14,cal_2e7a9a5ca1,monthof_3_sp500,calendar,dead,0.654346,0.753247
2026-07-14,cal_345031f898,monthof_5_nasdaq,calendar,dead,0.601399,0.625375
2026-07-14,cal_398f5c0e31,opex_week_nasdaq,calendar,dead,0.581419,0.72028
2026-07-14,cal_433ee46bbe,opex_week_sp500,calendar,dead,0.282717,0.718282
2026-07-14,cal_456e8c2d5e,monthof_12_sp500,calendar,dead,0.222777,0.972028
2026-07-14,cal_4a891b25f0,monthof_8_nasdaq,calendar,dead,0.332667,0.805195
2026-07-14,cal_4aa242d26e,monthof_5_sp500,calendar,dead,0.23976,0.831169
2026-07-14,cal_4bf363bd79,monthof_7_sp500,calendar,dead,0.075924,0.378621
2026-07-14,cal_527d0ae2db,monthof_1_nasdaq,calendar,dead,0.060939,0.934066
2026-07-14,cal_579e6e1355,monthof_2_nasdaq,calendar,dead,0.422577,0.327672
2026-07-14,cal_597774dc60,monthof_1_sp500,calendar,dead,0.303696,0.51049
2026-07-14,cal_5a22160179,turn_of_month_sp500,calendar,faded,0.000999,0.243756
2026-07-14,cal_6a08a2ccb6,pre_holiday_nasdaq,calendar,dead,0.135864,0.195804
2026-07-14,cal_6ebedbd943,monthof_10_nasdaq,calendar,dead,0.65035,0.374625
2026-07-14,cal_6f4b839635,pre_fomc_nasdaq,calendar,dead,0.290709,0.285714
2026-07-14,cal_7114c0729a,month_sp500,calendar,inconclusive,0.022977,0.13986
2026-07-14,cal_7738ecb1bc,turn_of_month_nasdaq,calendar,dead,0.001998,0.162837
2026-07-14,cal_79870937ed,world_cup_year_sp500,calendar,dead,0.010989,0.144855
2026-07-14,cal_7ded9a48d4,monthof_2_sp500,calendar,dead,0.150849,0.260739
2026-07-14,cal_82e1f1d8c9,pre_holiday_sp500,calendar,dead,0.067932,0.145854
2026-07-14,cal_85cc7cc6d7,dow_sp500,calendar,faded,0.000999,0.856144
2026-07-14,cal_8669d8c09d,monthof_11_sp500,calendar,dead,0.426573,0.145854
2026-07-14,cal_87670427d9,january_sp500,calendar,dead,0.141858,0.749251
2026-07-14,cal_8d5125126b,term_year3_sp500,calendar,inconclusive,0.04995,
2026-07-14,cal_8fe611a742,santa_nasdaq,calendar,dead,0.005994,0.211788
2026-07-14,cal_94c08fa012,santa_sp500,calendar,dead,0.001998,0.211788
2026-07-14,cal_ba8471031e,pre_fomc_sp500,calendar,dead,0.134865,0.154845
2026-07-14,cal_bbcc723bdf,decade_digit_sp500,calendar,inconclusive,0.163836,
2026-07-14,cal_bc77212229,sell_in_may_sp500,calendar,dead,0.08991,0.258741
2026-07-14,cal_c3a33a6db5,monthof_4_sp500,calendar,dead,0.222777,0.228771
2026-07-14,cal_c8b0832b2e,monthof_7_nasdaq,calendar,dead,0.921079,0.532468
2026-07-14,cal_d4de5634d3,september_nasdaq,calendar,dead,0.00999,0.020979
2026-07-14,cal_e041ed5979,monthof_3_nasdaq,calendar,dead,0.605395,0.779221
2026-07-14,cal_e3052fad5c,monthof_4_nasdaq,calendar,dead,0.398601,0.507493
2026-07-14,cal_ec09c00a99,presidential_cycle_sp500,calendar,inconclusive,0.300699,
2026-07-14,cal_f70ee53794,monthof_9_nasdaq,calendar,dead,0.014985,0.063936
2026-07-14,cal_f80dd36a7a,january_nasdaq,calendar,dead,0.032967,0.440559
2026-07-14,cal_f923f81493,september_sp500,calendar,survive,0.000999,0.026973
2026-07-14,fac_4beec74249,BTC_mom20_neg,factor,dead,0.002,0.005
2026-07-14,fac_70486895ee,dxy_rising,factor,dead,0.513,0.917
2026-07-14,fac_7578b1d58f,vix_backwardation,factor,dead,0.822,0.696
2026-07-14,fac_778b84a969,NASDAQ_mom20_neg,factor,dead,0.043,0.505
2026-07-14,fac_79cf4a9a7b,NASDAQ_above_ma200,factor,dead,0.008,0.071
2026-07-14,fac_a1bf6a105c,nasdaq_rsi_overbought,factor,dead,0.31,0.448
2026-07-14,fac_ab89704768,nasdaq_high_vol,factor,dead,0.004,0.971
2026-07-14,fac_bed960d3e2,NASDAQ_mom20_pos,factor,dead,0.419,0.701
2026-07-14,fac_c872e5eb69,BTC_above_ma200,factor,dead,0.16,0.129
2026-07-14,fac_cc60102eac,dxy_falling,factor,dead,0.782,0.812
2026-07-14,fac_d738a0c3fd,nasdaq_low_vol,factor,dead,0.269,0.669
2026-07-14,fac_d8a4f38258,overnight_mom_neg,factor,dead,0.272,0.387
2026-07-14,fac_dcbd9f57b5,overnight_mom_pos,factor,dead,0.272,0.387
2026-07-14,fac_e2be6309e8,nasdaq_rsi_oversold,factor,dead,0.582,0.444
2026-07-14,fac_f834dcf2c0,BTC_mom20_pos,factor,survive,0.0,0.002
2026-07-14,opt_13e0620c3f,total_pc_lo_h10,options_sentiment,dead,0.64,0.64
2026-07-14,opt_2bdac60949,total_pc_hi_h10,options_sentiment,dead,0.794,0.794
2026-07-14,opt_6b7c040f34,equity_pc_hi_h20,options_sentiment,dead,0.938,0.938
2026-07-14,opt_706c7e01ed,equity_pc_lo_h20,options_sentiment,dead,0.154,0.154
2026-07-14,opt_aad2768b05,total_pc_hi_h20,options_sentiment,dead,0.426,0.426
2026-07-14,opt_c8998dbbe6,equity_pc_lo_h10,options_sentiment,dead,0.737,0.737
2026-07-14,opt_d6053cc7a0,total_pc_lo_h20,options_sentiment,dead,0.421,0.421
2026-07-14,opt_f09bd225c9,equity_pc_hi_h10,options_sentiment,dead,0.48,0.48
2026-07-14,pos_0e8203cb20,legacy_noncomm_pct_oi_hi_h20_sp500,positioning,dead,0.772,0.772
2026-07-14,pos_3b1f2f7be5,legacy_noncomm_pct_oi_lo_h60_nasdaq100,positioning,survive,0.0,0.0
2026-07-14,pos_4503921189,legacy_noncomm_pct_oi_lo_h20_sp500,positioning,dead,0.291,0.291
2026-07-14,pos_46e606b679,tff_lev_net_pct_oi_hi_h60_sp500,positioning,dead,0.809,0.809
2026-07-14,pos_4f52a87fc8,tff_lev_net_pct_oi_hi_h20_sp500,positioning,dead,0.661,0.661
2026-07-14,pos_5618fa6478,tff_lev_net_pct_oi_lo_h60_nasdaq100,positioning,dead,0.008,0.008
2026-07-14,pos_566a8459e8,tff_lev_net_pct_oi_lo_h20_nasdaq100,positioning,dead,0.49,0.49
2026-07-14,pos_69b292d2ff,legacy_noncomm_pct_oi_lo_h20_nasdaq100,positioning,dead,0.066,0.066
2026-07-14,pos_74c61491cb,legacy_noncomm_pct_oi_hi_h20_nasdaq100,positioning,dead,0.216,0.216
2026-07-14,pos_771e2a7ea4,tff_lev_net_pct_oi_lo_h20_sp500,positioning,dead,0.019,0.019
2026-07-14,pos_951ab21851,tff_lev_net_pct_oi_lo_h60_sp500,positioning,dead,0.182,0.182
2026-07-14,pos_ad633d4d56,tff_lev_net_pct_oi_hi_h60_nasdaq100,positioning,dead,0.109,0.109
2026-07-14,pos_c5297400c9,legacy_noncomm_pct_oi_lo_h60_sp500,positioning,dead,0.651,0.651
2026-07-14,pos_d898f33d4c,tff_lev_net_pct_oi_hi_h20_nasdaq100,positioning,dead,0.201,0.201
2026-07-14,pos_f7aa0cde34,legacy_noncomm_pct_oi_hi_h60_sp500,positioning,dead,0.504,0.504
2026-07-14,pos_fb69e287a1,legacy_noncomm_pct_oi_hi_h60_nasdaq100,positioning,dead,0.92,0.92
2026-07-14,reb_018df927fb,p1_h5_sp500,rebound,dead,0.283,0.633
2026-07-14,reb_0b54f655e4,p10_h1_nasdaq,rebound,faded,0.0,0.391
2026-07-14,reb_183bf3c31c,p5_h1_sp500,rebound,dead,0.948,0.231
2026-07-14,reb_2617209d72,p10_h5_nasdaq,rebound,faded,0.0,0.256
2026-07-14,reb_2b218993db,p1_h5_nasdaq,rebound,dead,0.527,0.888
2026-07-14,reb_7155c924ca,p10_h1_sp500,rebound,dead,0.258,0.096
2026-07-14,reb_7e3e4a8d62,p1_h1_sp500,rebound,dead,0.258,0.511
2026-07-14,reb_8055fe6f4a,p1_h1_nasdaq,rebound,dead,0.23,0.499
2026-07-14,reb_91f1615526,p10_h5_sp500,rebound,dead,0.028,0.707
2026-07-14,reb_9adb2feef5,p5_h1_nasdaq,rebound,survive,0.0,0.076
2026-07-14,reb_b016e921c3,p5_h5_sp500,rebound,dead,0.356,0.665
2026-07-14,reb_b61bcf84d2,p5_h5_nasdaq,rebound,dead,0.034,0.052
2026-07-14,reg_74448026aa,golden_cross_sp500,regime,survive,0.0,0.025
2026-07-14,reg_9c0efb465b,golden_cross_nasdaq,regime,dead,0.065,0.069
2026-07-14,str_104f8d7bd8,break3_h1_nasdaq,streak_break,dead,0.816,0.439
2026-07-14,str_10ce6fe56e,down4_h1_nasdaq,streak_down,dead,0.002,0.745
2026-07-14,str_1560c11bbd,break5_h5_nasdaq,streak_break,dead,0.761,0.398
2026-07-14,str_16775f1703,break3_h5_nasdaq,streak_break,dead,0.616,0.448
2026-07-14,str_1b6fe1e8ca,down3_h5_sp500,streak_down,dead,0.22,0.88
2026-07-14,str_36b9f79448,down3_h1_nasdaq,streak_down,dead,0.026,0.52
2026-07-14,str_4320d0a275,break3_h5_sp500,streak_break,dead,0.763,0.512
2026-07-14,str_43ea43f9bc,down3_h20_nasdaq,streak_down,dead,0.006,0.144
2026-07-14,str_5824ee8bd5,break5_h5_sp500,streak_break,dead,0.907,0.831
2026-07-14,str_79e97ed91e,down5_h5_nasdaq,streak_down,dead,0.049,0.062
2026-07-14,str_7fd52c09bf,down5_h20_sp500,streak_down,dead,0.813,0.143
2026-07-14,str_7ff66aade6,break5_h1_sp500,streak_break,dead,0.27,0.72
2026-07-14,str_8969baac75,break3_h20_sp500,streak_break,dead,0.024,0.377
2026-07-14,str_8bc1b7d951,down3_h20_sp500,streak_down,dead,0.068,0.945
2026-07-14,str_8c2a185099,down5_h1_sp500,streak_down,dead,0.296,0.02
2026-07-14,str_947583c00a,break5_h20_nasdaq,streak_break,dead,0.185,0.856
2026-07-14,str_9638e678bf,down4_h20_sp500,streak_down,dead,0.464,0.039
2026-07-14,str_a754f69e1f,break5_h20_sp500,streak_break,dead,0.539,0.791
2026-07-14,str_b2f9430e92,down5_h1_nasdaq,streak_down,dead,0.771,0.123
2026-07-14,str_b6d73df6b9,down5_h5_sp500,streak_down,dead,0.633,0.026
2026-07-14,str_b725749b5b,down3_h1_sp500,streak_down,dead,0.407,0.088
2026-07-14,str_b847620031,down4_h5_sp500,streak_down,dead,0.983,0.067
2026-07-14,str_b8d9734d1a,down4_h20_nasdaq,streak_down,dead,0.239,0.853
2026-07-14,str_b916af0ac0,down4_h5_nasdaq,streak_down,dead,0.244,0.051
2026-07-14,str_baa87542e8,down5_h20_nasdaq,streak_down,dead,0.201,0.377
2026-07-14,str_be41d45643,down3_h5_nasdaq,streak_down,dead,0.007,0.727
2026-07-14,str_be73a914d2,down4_h1_sp500,streak_down,dead,0.759,0.175
2026-07-14,str_df987e7acf,break3_h1_sp500,streak_break,dead,0.072,0.196
2026-07-14,str_eaadd5b6d1,break5_h1_nasdaq,streak_break,dead,0.725,0.202
2026-07-14,str_ecf1394eae,break3_h20_nasdaq,streak_break,dead,0.016,0.201
2026-07-14,tra_085bba7150,n504_h126_low_sp500,trailing_extreme,dead,0.795,0.9279
2026-07-14,tra_089dcbd8a1,n252_h126_high_nasdaq,trailing_extreme,dead,0.163,0.22
2026-07-14,tra_1f25b3bd0f,n126_h63_high_nasdaq,trailing_extreme,dead,0.624,0.562
2026-07-14,tra_22e8f33640,n126_h63_low_sp500,trailing_extreme,dead,0.941,0.342
2026-07-14,tra_4ced8af588,n252_h126_high_sp500,trailing_extreme,dead,0.104,0.109
2026-07-14,tra_5711325073,n504_h126_high_sp500,trailing_extreme,dead,0.543,0.024
2026-07-14,tra_9006717c86,n63_h21_low_nasdaq,trailing_extreme,dead,0.5,0.163
2026-07-14,tra_93edbbb9e4,n63_h21_high_sp500,trailing_extreme,dead,0.235,0.251
2026-07-14,tra_a60deafb82,n63_h21_high_nasdaq,trailing_extreme,dead,0.205,0.972
2026-07-14,tra_ace02affa1,n63_h21_low_sp500,trailing_extreme,dead,0.216,0.661
2026-07-14,tra_c5a6e7707e,n126_h63_low_nasdaq,trailing_extreme,dead,0.157,0.005
2026-07-14,tra_c802f55825,n252_h126_low_nasdaq,trailing_extreme,dead,0.454,0.3422
2026-07-14,tra_e355b4c138,n252_h126_low_sp500,trailing_extreme,dead,0.976,0.63
2026-07-14,tra_f8f8b8c0db,n126_h63_high_sp500,trailing_extreme,dead,0.372,0.019
2026-07-15,cal_021d07d02a,monthof_10_sp500,calendar,dead,0.911089,0.504496
2026-07-15,cal_02b889c7e0,monthof_8_sp500,calendar,dead,0.939061,0.676324
2026-07-15,cal_05facdcc22,quarter_end_sp500,calendar,dead,0.779221,0.733267
2026-07-15,cal_0662569f50,monthof_12_nasdaq,calendar,dead,0.485514,0.666334
2026-07-15,cal_116d0565a8,quarter_end_nasdaq,calendar,dead,0.877123,0.418581
2026-07-15,cal_11bf800cae,world_cup_year_nasdaq,calendar,dead,0.001998,0.078921
2026-07-15,cal_146a3e8961,dow_nasdaq,calendar,faded,0.000999,0.612388
2026-07-15,cal_19104677ae,monthof_6_sp500,calendar,dead,0.822178,0.472527
2026-07-15,cal_216be59585,monthof_11_nasdaq,calendar,dead,0.172827,0.372627
2026-07-15,cal_2a991b85ee,sell_in_may_nasdaq,calendar,dead,0.027972,0.512488
2026-07-15,cal_2bf2b4d53f,monthof_9_sp500,calendar,dead,0.002997,0.064935
2026-07-15,cal_2de632e38b,monthof_6_nasdaq,calendar,dead,0.991009,0.876124
2026-07-15,cal_2e5f17d421,month_nasdaq,calendar,inconclusive,0.333666,0.599401
2026-07-15,cal_2e7a9a5ca1,monthof_3_sp500,calendar,dead,0.654346,0.755245
2026-07-15,cal_345031f898,monthof_5_nasdaq,calendar,dead,0.603397,0.625375
2026-07-15,cal_398f5c0e31,opex_week_nasdaq,calendar,dead,0.583417,0.725275
2026-07-15,cal_433ee46bbe,opex_week_sp500,calendar,dead,0.284715,0.72028
2026-07-15,cal_456e8c2d5e,monthof_12_sp500,calendar,dead,0.222777,0.969031
2026-07-15,cal_4a891b25f0,monthof_8_nasdaq,calendar,dead,0.332667,0.801199
2026-07-15,cal_4aa242d26e,monthof_5_sp500,calendar,dead,0.23976,0.831169
2026-07-15,cal_4bf363bd79,monthof_7_sp500,calendar,dead,0.074925,0.371628
2026-07-15,cal_527d0ae2db,monthof_1_nasdaq,calendar,dead,0.060939,0.933067
2026-07-15,cal_579e6e1355,monthof_2_nasdaq,calendar,dead,0.422577,0.326673
2026-07-15,cal_597774dc60,monthof_1_sp500,calendar,dead,0.303696,0.508492
2026-07-15,cal_5a22160179,turn_of_month_sp500,calendar,faded,0.000999,0.23976
2026-07-15,cal_6a08a2ccb6,pre_holiday_nasdaq,calendar,dead,0.135864,0.195804
2026-07-15,cal_6ebedbd943,monthof_10_nasdaq,calendar,dead,0.651349,0.374625
2026-07-15,cal_6f4b839635,pre_fomc_nasdaq,calendar,dead,0.290709,0.285714
2026-07-15,cal_7114c0729a,month_sp500,calendar,inconclusive,0.022977,0.138861
2026-07-15,cal_7738ecb1bc,turn_of_month_nasdaq,calendar,dead,0.001998,0.162837
2026-07-15,cal_79870937ed,world_cup_year_sp500,calendar,dead,0.011988,0.146853
2026-07-15,cal_7ded9a48d4,monthof_2_sp500,calendar,dead,0.14985,0.260739
2026-07-15,cal_82e1f1d8c9,pre_holiday_sp500,calendar,dead,0.067932,0.145854
2026-07-15,cal_85cc7cc6d7,dow_sp500,calendar,faded,0.000999,0.858142
2026-07-15,cal_8669d8c09d,monthof_11_sp500,calendar,dead,0.426573,0.146853
2026-07-15,cal_87670427d9,january_sp500,calendar,dead,0.141858,0.749251
2026-07-15,cal_8d5125126b,term_year3_sp500,calendar,inconclusive,0.04995,
2026-07-15,cal_8fe611a742,santa_nasdaq,calendar,dead,0.005994,0.211788
2026-07-15,cal_94c08fa012,santa_sp500,calendar,dead,0.001998,0.211788
2026-07-15,cal_ba8471031e,pre_fomc_sp500,calendar,dead,0.134865,0.155844
2026-07-15,cal_bbcc723bdf,decade_digit_sp500,calendar,inconclusive,0.163836,
2026-07-15,cal_bc77212229,sell_in_may_sp500,calendar,dead,0.08991,0.261738
2026-07-15,cal_c3a33a6db5,monthof_4_sp500,calendar,dead,0.222777,0.228771
2026-07-15,cal_c8b0832b2e,monthof_7_nasdaq,calendar,dead,0.928072,0.527473
2026-07-15,cal_d4de5634d3,september_nasdaq,calendar,dead,0.00999,0.020979
2026-07-15,cal_e041ed5979,monthof_3_nasdaq,calendar,dead,0.605395,0.779221
2026-07-15,cal_e3052fad5c,monthof_4_nasdaq,calendar,dead,0.3996,0.507493
2026-07-15,cal_ec09c00a99,presidential_cycle_sp500,calendar,inconclusive,0.300699,
2026-07-15,cal_f70ee53794,monthof_9_nasdaq,calendar,dead,0.014985,0.062937
2026-07-15,cal_f80dd36a7a,january_nasdaq,calendar,dead,0.032967,0.440559
2026-07-15,cal_f923f81493,september_sp500,calendar,survive,0.000999,0.026973
2026-07-15,fac_4beec74249,BTC_mom20_neg,factor,dead,0.002,0.005
2026-07-15,fac_70486895ee,dxy_rising,factor,dead,0.513,0.917
2026-07-15,fac_7578b1d58f,vix_backwardation,factor,dead,0.822,0.696
2026-07-15,fac_778b84a969,NASDAQ_mom20_neg,factor,dead,0.043,0.505
2026-07-15,fac_79cf4a9a7b,NASDAQ_above_ma200,factor,dead,0.008,0.071
2026-07-15,fac_a1bf6a105c,nasdaq_rsi_overbought,factor,dead,0.31,0.448
2026-07-15,fac_ab89704768,nasdaq_high_vol,factor,dead,0.004,0.971
2026-07-15,fac_bed960d3e2,NASDAQ_mom20_pos,factor,dead,0.419,0.701
2026-07-15,fac_c872e5eb69,BTC_above_ma200,factor,dead,0.16,0.129
2026-07-15,fac_cc60102eac,dxy_falling,factor,dead,0.782,0.812
2026-07-15,fac_d738a0c3fd,nasdaq_low_vol,factor,dead,0.269,0.669
2026-07-15,fac_d8a4f38258,overnight_mom_neg,factor,dead,0.272,0.387
2026-07-15,fac_dcbd9f57b5,overnight_mom_pos,factor,dead,0.272,0.387
2026-07-15,fac_e2be6309e8,nasdaq_rsi_oversold,factor,dead,0.582,0.444
2026-07-15,fac_f834dcf2c0,BTC_mom20_pos,factor,survive,0.0,0.002
2026-07-15,opt_13e0620c3f,total_pc_lo_h10,options_sentiment,dead,0.641,0.641
2026-07-15,opt_2bdac60949,total_pc_hi_h10,options_sentiment,dead,0.803,0.803
2026-07-15,opt_6b7c040f34,equity_pc_hi_h20,options_sentiment,dead,0.895,0.895
2026-07-15,opt_706c7e01ed,equity_pc_lo_h20,options_sentiment,dead,0.146,0.146
2026-07-15,opt_aad2768b05,total_pc_hi_h20,options_sentiment,dead,0.426,0.426
2026-07-15,opt_c8998dbbe6,equity_pc_lo_h10,options_sentiment,dead,0.722,0.722
2026-07-15,opt_d6053cc7a0,total_pc_lo_h20,options_sentiment,dead,0.411,0.411
2026-07-15,opt_f09bd225c9,equity_pc_hi_h10,options_sentiment,dead,0.476,0.476
2026-07-15,pos_0e8203cb20,legacy_noncomm_pct_oi_hi_h20_sp500,positioning,dead,0.772,0.772
2026-07-15,pos_3b1f2f7be5,legacy_noncomm_pct_oi_lo_h60_nasdaq100,positioning,survive,0.0,0.0
2026-07-15,pos_4503921189,legacy_noncomm_pct_oi_lo_h20_sp500,positioning,dead,0.291,0.291
2026-07-15,pos_46e606b679,tff_lev_net_pct_oi_hi_h60_sp500,positioning,dead,0.809,0.809
2026-07-15,pos_4f52a87fc8,tff_lev_net_pct_oi_hi_h20_sp500,positioning,dead,0.661,0.661
2026-07-15,pos_5618fa6478,tff_lev_net_pct_oi_lo_h60_nasdaq100,positioning,dead,0.008,0.008
2026-07-15,pos_566a8459e8,tff_lev_net_pct_oi_lo_h20_nasdaq100,positioning,dead,0.49,0.49
2026-07-15,pos_69b292d2ff,legacy_noncomm_pct_oi_lo_h20_nasdaq100,positioning,dead,0.066,0.066
2026-07-15,pos_74c61491cb,legacy_noncomm_pct_oi_hi_h20_nasdaq100,positioning,dead,0.216,0.216
2026-07-15,pos_771e2a7ea4,tff_lev_net_pct_oi_lo_h20_sp500,positioning,dead,0.019,0.019
2026-07-15,pos_951ab21851,tff_lev_net_pct_oi_lo_h60_sp500,positioning,dead,0.182,0.182
2026-07-15,pos_ad633d4d56,tff_lev_net_pct_oi_hi_h60_nasdaq100,positioning,dead,0.109,0.109
2026-07-15,pos_c5297400c9,legacy_noncomm_pct_oi_lo_h60_sp500,positioning,dead,0.651,0.651
2026-07-15,pos_d898f33d4c,tff_lev_net_pct_oi_hi_h20_nasdaq100,positioning,dead,0.201,0.201
2026-07-15,pos_f7aa0cde34,legacy_noncomm_pct_oi_hi_h60_sp500,positioning,dead,0.504,0.504
2026-07-15,pos_fb69e287a1,legacy_noncomm_pct_oi_hi_h60_nasdaq100,positioning,dead,0.92,0.92
2026-07-15,reb_018df927fb,p1_h5_sp500,rebound,dead,0.283,0.633
2026-07-15,reb_0b54f655e4,p10_h1_nasdaq,rebound,faded,0.0,0.391
2026-07-15,reb_183bf3c31c,p5_h1_sp500,rebound,dead,0.948,0.231
2026-07-15,reb_2617209d72,p10_h5_nasdaq,rebound,faded,0.0,0.256
2026-07-15,reb_2b218993db,p1_h5_nasdaq,rebound,dead,0.527,0.888
2026-07-15,reb_7155c924ca,p10_h1_sp500,rebound,dead,0.258,0.096
2026-07-15,reb_7e3e4a8d62,p1_h1_sp500,rebound,dead,0.258,0.511
2026-07-15,reb_8055fe6f4a,p1_h1_nasdaq,rebound,dead,0.23,0.499
2026-07-15,reb_91f1615526,p10_h5_sp500,rebound,dead,0.028,0.707
2026-07-15,reb_9adb2feef5,p5_h1_nasdaq,rebound,survive,0.0,0.076
2026-07-15,reb_b016e921c3,p5_h5_sp500,rebound,dead,0.356,0.665
2026-07-15,reb_b61bcf84d2,p5_h5_nasdaq,rebound,dead,0.034,0.052
2026-07-15,reg_74448026aa,golden_cross_sp500,regime,survive,0.0,0.025
2026-07-15,reg_9c0efb465b,golden_cross_nasdaq,regime,dead,0.065,0.069
2026-07-15,str_104f8d7bd8,break3_h1_nasdaq,streak_break,dead,0.816,0.439
2026-07-15,str_10ce6fe56e,down4_h1_nasdaq,streak_down,dead,0.002,0.745
2026-07-15,str_1560c11bbd,break5_h5_nasdaq,streak_break,dead,0.761,0.398
2026-07-15,str_16775f1703,break3_h5_nasdaq,streak_break,dead,0.616,0.448
2026-07-15,str_1b6fe1e8ca,down3_h5_sp500,streak_down,dead,0.22,0.88
2026-07-15,str_36b9f79448,down3_h1_nasdaq,streak_down,dead,0.026,0.52
2026-07-15,str_4320d0a275,break3_h5_sp500,streak_break,dead,0.763,0.512
2026-07-15,str_43ea43f9bc,down3_h20_nasdaq,streak_down,dead,0.006,0.144
2026-07-15,str_5824ee8bd5,break5_h5_sp500,streak_break,dead,0.907,0.831
2026-07-15,str_79e97ed91e,down5_h5_nasdaq,streak_down,dead,0.049,0.062
2026-07-15,str_7fd52c09bf,down5_h20_sp500,streak_down,dead,0.813,0.143
2026-07-15,str_7ff66aade6,break5_h1_sp500,streak_break,dead,0.27,0.72
2026-07-15,str_8969baac75,break3_h20_sp500,streak_break,dead,0.024,0.377
2026-07-15,str_8bc1b7d951,down3_h20_sp500,streak_down,dead,0.068,0.945
2026-07-15,str_8c2a185099,down5_h1_sp500,streak_down,dead,0.296,0.02
2026-07-15,str_947583c00a,break5_h20_nasdaq,streak_break,dead,0.185,0.856
2026-07-15,str_9638e678bf,down4_h20_sp500,streak_down,dead,0.464,0.039
2026-07-15,str_a754f69e1f,break5_h20_sp500,streak_break,dead,0.539,0.791
2026-07-15,str_b2f9430e92,down5_h1_nasdaq,streak_down,dead,0.771,0.123
2026-07-15,str_b6d73df6b9,down5_h5_sp500,streak_down,dead,0.633,0.026
2026-07-15,str_b725749b5b,down3_h1_sp500,streak_down,dead,0.407,0.088
2026-07-15,str_b847620031,down4_h5_sp500,streak_down,dead,0.983,0.067
2026-07-15,str_b8d9734d1a,down4_h20_nasdaq,streak_down,dead,0.239,0.853
2026-07-15,str_b916af0ac0,down4_h5_nasdaq,streak_down,dead,0.244,0.051
2026-07-15,str_baa87542e8,down5_h20_nasdaq,streak_down,dead,0.201,0.377
2026-07-15,str_be41d45643,down3_h5_nasdaq,streak_down,dead,0.007,0.727
2026-07-15,str_be73a914d2,down4_h1_sp500,streak_down,dead,0.759,0.175
2026-07-15,str_df987e7acf,break3_h1_sp500,streak_break,dead,0.072,0.196
2026-07-15,str_eaadd5b6d1,break5_h1_nasdaq,streak_break,dead,0.725,0.202
2026-07-15,str_ecf1394eae,break3_h20_nasdaq,streak_break,dead,0.016,0.201
2026-07-15,tra_085bba7150,n504_h126_low_sp500,trailing_extreme,dead,0.795,0.9279
2026-07-15,tra_089dcbd8a1,n252_h126_high_nasdaq,trailing_extreme,dead,0.163,0.22
2026-07-15,tra_1f25b3bd0f,n126_h63_high_nasdaq,trailing_extreme,dead,0.624,0.562
2026-07-15,tra_22e8f33640,n126_h63_low_sp500,trailing_extreme,dead,0.941,0.342
2026-07-15,tra_4ced8af588,n252_h126_high_sp500,trailing_extreme,dead,0.104,0.109
2026-07-15,tra_5711325073,n504_h126_high_sp500,trailing_extreme,dead,0.543,0.024
2026-07-15,tra_9006717c86,n63_h21_low_nasdaq,trailing_extreme,dead,0.5,0.163
2026-07-15,tra_93edbbb9e4,n63_h21_high_sp500,trailing_extreme,dead,0.235,0.251
2026-07-15,tra_a60deafb82,n63_h21_high_nasdaq,trailing_extreme,dead,0.205,0.972
2026-07-15,tra_ace02affa1,n63_h21_low_sp500,trailing_extreme,dead,0.216,0.661
2026-07-15,tra_c5a6e7707e,n126_h63_low_nasdaq,trailing_extreme,dead,0.157,0.005
2026-07-15,tra_c802f55825,n252_h126_low_nasdaq,trailing_extreme,dead,0.454,0.3422
2026-07-15,tra_e355b4c138,n252_h126_low_sp500,trailing_extreme,dead,0.976,0.63
2026-07-15,tra_f8f8b8c0db,n126_h63_high_sp500,trailing_extreme,dead,0.372,0.019
2026-07-16,cal_021d07d02a,monthof_10_sp500,calendar,dead,0.919081,0.52048
2026-07-16,cal_02b889c7e0,monthof_8_sp500,calendar,dead,0.947053,0.69031
2026-07-16,cal_05facdcc22,quarter_end_sp500,calendar,dead,0.791209,0.756244
2026-07-16,cal_0662569f50,monthof_12_nasdaq,calendar,dead,0.506494,0.659341
2026-07-16,cal_116d0565a8,quarter_end_nasdaq,calendar,dead,0.858142,0.410589
2026-07-16,cal_11bf800cae,world_cup_year_nasdaq,calendar,dead,0.003996,0.077922
2026-07-16,cal_146a3e8961,dow_nasdaq,calendar,faded,0.000999,0.609391
2026-07-16,cal_19104677ae,monthof_6_sp500,calendar,dead,0.817183,0.487512
2026-07-16,cal_216be59585,monthof_11_nasdaq,calendar,dead,0.171828,0.385614
2026-07-16,cal_2a991b85ee,sell_in_may_nasdaq,calendar,dead,0.015984,0.536464
2026-07-16,cal_2bf2b4d53f,monthof_9_sp500,calendar,survive,0.000999,0.064935
2026-07-16,cal_2de632e38b,monthof_6_nasdaq,calendar,dead,0.996004,0.85015
2026-07-16,cal_2e5f17d421,month_nasdaq,calendar,inconclusive,0.333666,0.6004
2026-07-16,cal_2e7a9a5ca1,monthof_3_sp500,calendar,dead,0.644356,0.742258
2026-07-16,cal_345031f898,monthof_5_nasdaq,calendar,dead,0.619381,0.603397
2026-07-16,cal_398f5c0e31,opex_week_nasdaq,calendar,dead,0.626374,0.725275
2026-07-16,cal_433ee46bbe,opex_week_sp500,calendar,dead,0.21978,0.727273
2026-07-16,cal_456e8c2d5e,monthof_12_sp500,calendar,dead,0.244755,0.981019
2026-07-16,cal_4a891b25f0,monthof_8_nasdaq,calendar,dead,0.320679,0.817183
2026-07-16,cal_4aa242d26e,monthof_5_sp500,calendar,dead,0.271728,0.86014
2026-07-16,cal_4bf363bd79,monthof_7_sp500,calendar,dead,0.063936,0.393606
2026-07-16,cal_527d0ae2db,monthof_1_nasdaq,calendar,dead,0.05994,0.945055
2026-07-16,cal_579e6e1355,monthof_2_nasdaq,calendar,dead,0.450549,0.301698
2026-07-16,cal_597774dc60,monthof_1_sp500,calendar,dead,0.287712,0.515485
2026-07-16,cal_5a22160179,turn_of_month_sp500,calendar,faded,0.000999,0.241758
2026-07-16,cal_6a08a2ccb6,pre_holiday_nasdaq,calendar,dead,0.124875,0.223776
2026-07-16,cal_6ebedbd943,monthof_10_nasdaq,calendar,dead,0.664336,0.37962
2026-07-16,cal_6f4b839635,pre_fomc_nasdaq,calendar,dead,0.287712,0.274725
2026-07-16,cal_7114c0729a,month_sp500,calendar,inconclusive,0.022977,0.138861
2026-07-16,cal_7738ecb1bc,turn_of_month_nasdaq,calendar,dead,0.001998,0.186813
2026-07-16,cal_79870937ed,world_cup_year_sp500,calendar,dead,0.016983,0.160839
2026-07-16,cal_7ded9a48d4,monthof_2_sp500,calendar,dead,0.14985,0.254745
2026-07-16,cal_82e1f1d8c9,pre_holiday_sp500,calendar,dead,0.063936,0.15984
2026-07-16,cal_85cc7cc6d7,dow_sp500,calendar,faded,0.000999,0.851149
2026-07-16,cal_8669d8c09d,monthof_11_sp500,calendar,dead,0.431568,0.136863
2026-07-16,cal_87670427d9,january_sp500,calendar,dead,0.151848,0.726274
2026-07-16,cal_8d5125126b,term_year3_sp500,calendar,inconclusive,0.04995,
2026-07-16,cal_8fe611a742,santa_nasdaq,calendar,dead,0.008991,0.207792
2026-07-16,cal_94c08fa012,santa_sp500,calendar,faded,0.000999,0.195804
2026-07-16,cal_ba8471031e,pre_fomc_sp500,calendar,dead,0.155844,0.177822
2026-07-16,cal_bbcc723bdf,decade_digit_sp500,calendar,inconclusive,0.163836,
2026-07-16,cal_bc77212229,sell_in_may_sp500,calendar,dead,0.08991,0.231768
2026-07-16,cal_c3a33a6db5,monthof_4_sp500,calendar,dead,0.197802,0.21978
2026-07-16,cal_c8b0832b2e,monthof_7_nasdaq,calendar,dead,0.895105,0.511489
2026-07-16,cal_d4de5634d3,september_nasdaq,calendar,dead,0.011988,0.024975
2026-07-16,cal_e041ed5979,monthof_3_nasdaq,calendar,dead,0.57043,0.764236
2026-07-16,cal_e3052fad5c,monthof_4_nasdaq,calendar,dead,0.433566,0.495504
2026-07-16,cal_ec09c00a99,presidential_cycle_sp500,calendar,inconclusive,0.300699,
2026-07-16,cal_f70ee53794,monthof_9_nasdaq,calendar,dead,0.011988,0.046953
2026-07-16,cal_f80dd36a7a,january_nasdaq,calendar,dead,0.026973,0.440559
2026-07-16,cal_f923f81493,september_sp500,calendar,survive,0.000999,0.024975
2026-07-16,fac_4beec74249,BTC_mom20_neg,factor,dead,0.003,0.004
2026-07-16,fac_70486895ee,dxy_rising,factor,dead,0.507,0.921
2026-07-16,fac_7578b1d58f,vix_backwardation,factor,dead,0.815,0.695
2026-07-16,fac_778b84a969,NASDAQ_mom20_neg,factor,dead,0.051,0.511
2026-07-16,fac_79cf4a9a7b,NASDAQ_above_ma200,factor,dead,0.009,0.072
2026-07-16,fac_a1bf6a105c,nasdaq_rsi_overbought,factor,dead,0.324,0.488
2026-07-16,fac_ab89704768,nasdaq_high_vol,factor,dead,0.003,0.944
2026-07-16,fac_bed960d3e2,NASDAQ_mom20_pos,factor,dead,0.415,0.673
2026-07-16,fac_c872e5eb69,BTC_above_ma200,factor,dead,0.152,0.118
2026-07-16,fac_cc60102eac,dxy_falling,factor,dead,0.788,0.838
2026-07-16,fac_d738a0c3fd,nasdaq_low_vol,factor,dead,0.278,0.667
2026-07-16,fac_d8a4f38258,overnight_mom_neg,factor,dead,0.288,0.395
2026-07-16,fac_dcbd9f57b5,overnight_mom_pos,factor,dead,0.288,0.395
2026-07-16,fac_e2be6309e8,nasdaq_rsi_oversold,factor,dead,0.578,0.445
2026-07-16,fac_f834dcf2c0,BTC_mom20_pos,factor,survive,0.0,0.002
2026-07-16,opt_13e0620c3f,total_pc_lo_h10,options_sentiment,dead,0.609,0.609
2026-07-16,opt_2bdac60949,total_pc_hi_h10,options_sentiment,dead,0.8,0.8
2026-07-16,opt_6b7c040f34,equity_pc_hi_h20,options_sentiment,dead,0.906,0.906
2026-07-16,opt_706c7e01ed,equity_pc_lo_h20,options_sentiment,dead,0.138,0.138
2026-07-16,opt_aad2768b05,total_pc_hi_h20,options_sentiment,dead,0.428,0.428
2026-07-16,opt_c8998dbbe6,equity_pc_lo_h10,options_sentiment,dead,0.738,0.738
2026-07-16,opt_d6053cc7a0,total_pc_lo_h20,options_sentiment,dead,0.418,0.418
2026-07-16,opt_f09bd225c9,equity_pc_hi_h10,options_sentiment,dead,0.478,0.478
2026-07-16,pos_0e8203cb20,legacy_noncomm_pct_oi_hi_h20_sp500,positioning,dead,0.77,0.77
2026-07-16,pos_3b1f2f7be5,legacy_noncomm_pct_oi_lo_h60_nasdaq100,positioning,survive,0.0,0.0
2026-07-16,pos_4503921189,legacy_noncomm_pct_oi_lo_h20_sp500,positioning,dead,0.289,0.289
2026-07-16,pos_46e606b679,tff_lev_net_pct_oi_hi_h60_sp500,positioning,dead,0.807,0.807
2026-07-16,pos_4f52a87fc8,tff_lev_net_pct_oi_hi_h20_sp500,positioning,dead,0.662,0.662
2026-07-16,pos_5618fa6478,tff_lev_net_pct_oi_lo_h60_nasdaq100,positioning,dead,0.008,0.008
2026-07-16,pos_566a8459e8,tff_lev_net_pct_oi_lo_h20_nasdaq100,positioning,dead,0.493,0.493
2026-07-16,pos_69b292d2ff,legacy_noncomm_pct_oi_lo_h20_nasdaq100,positioning,dead,0.071,0.071
2026-07-16,pos_74c61491cb,legacy_noncomm_pct_oi_hi_h20_nasdaq100,positioning,dead,0.216,0.216
2026-07-16,pos_771e2a7ea4,tff_lev_net_pct_oi_lo_h20_sp500,positioning,dead,0.018,0.018
2026-07-16,pos_951ab21851,tff_lev_net_pct_oi_lo_h60_sp500,positioning,dead,0.178,0.178
2026-07-16,pos_ad633d4d56,tff_lev_net_pct_oi_hi_h60_nasdaq100,positioning,dead,0.108,0.108
2026-07-16,pos_c5297400c9,legacy_noncomm_pct_oi_lo_h60_sp500,positioning,dead,0.647,0.647
2026-07-16,pos_d898f33d4c,tff_lev_net_pct_oi_hi_h20_nasdaq100,positioning,dead,0.203,0.203
2026-07-16,pos_f7aa0cde34,legacy_noncomm_pct_oi_hi_h60_sp500,positioning,dead,0.502,0.502
2026-07-16,pos_fb69e287a1,legacy_noncomm_pct_oi_hi_h60_nasdaq100,positioning,dead,0.919,0.919
2026-07-16,reb_018df927fb,p1_h5_sp500,rebound,dead,0.268,0.612
2026-07-16,reb_0b54f655e4,p10_h1_nasdaq,rebound,faded,0.0,0.386
2026-07-16,reb_183bf3c31c,p5_h1_sp500,rebound,dead,0.937,0.213
2026-07-16,reb_2617209d72,p10_h5_nasdaq,rebound,faded,0.001,0.251
2026-07-16,reb_2b218993db,p1_h5_nasdaq,rebound,dead,0.537,0.884
2026-07-16,reb_7155c924ca,p10_h1_sp500,rebound,dead,0.26,0.089
2026-07-16,reb_7e3e4a8d62,p1_h1_sp500,rebound,dead,0.267,0.524
2026-07-16,reb_8055fe6f4a,p1_h1_nasdaq,rebound,dead,0.209,0.463
2026-07-16,reb_91f1615526,p10_h5_sp500,rebound,dead,0.033,0.698
2026-07-16,reb_9adb2feef5,p5_h1_nasdaq,rebound,survive,0.0,0.093
2026-07-16,reb_b016e921c3,p5_h5_sp500,rebound,dead,0.344,0.656
2026-07-16,reb_b61bcf84d2,p5_h5_nasdaq,rebound,dead,0.044,0.063
2026-07-16,reg_74448026aa,golden_cross_sp500,regime,survive,0.0,0.023
2026-07-16,reg_9c0efb465b,golden_cross_nasdaq,regime,dead,0.061,0.069
2026-07-16,str_104f8d7bd8,break3_h1_nasdaq,streak_break,dead,0.807,0.411
2026-07-16,str_10ce6fe56e,down4_h1_nasdaq,streak_down,faded,0.0,0.805
2026-07-16,str_1560c11bbd,break5_h5_nasdaq,streak_break,dead,0.754,0.386
2026-07-16,str_16775f1703,break3_h5_nasdaq,streak_break,dead,0.62,0.443
2026-07-16,str_1b6fe1e8ca,down3_h5_sp500,streak_down,dead,0.192,0.865
2026-07-16,str_36b9f79448,down3_h1_nasdaq,streak_down,dead,0.037,0.499
2026-07-16,str_4320d0a275,break3_h5_sp500,streak_break,dead,0.765,0.469
2026-07-16,str_43ea43f9bc,down3_h20_nasdaq,streak_down,dead,0.007,0.157
2026-07-16,str_5824ee8bd5,break5_h5_sp500,streak_break,dead,0.901,0.849
2026-07-16,str_79e97ed91e,down5_h5_nasdaq,streak_down,dead,0.054,0.056
2026-07-16,str_7fd52c09bf,down5_h20_sp500,streak_down,dead,0.813,0.138
2026-07-16,str_7ff66aade6,break5_h1_sp500,streak_break,dead,0.264,0.786
2026-07-16,str_8969baac75,break3_h20_sp500,streak_break,dead,0.022,0.377
2026-07-16,str_8bc1b7d951,down3_h20_sp500,streak_down,dead,0.071,0.944
2026-07-16,str_8c2a185099,down5_h1_sp500,streak_down,dead,0.306,0.02
2026-07-16,str_947583c00a,break5_h20_nasdaq,streak_break,dead,0.175,0.853
2026-07-16,str_9638e678bf,down4_h20_sp500,streak_down,dead,0.463,0.038
2026-07-16,str_a754f69e1f,break5_h20_sp500,streak_break,dead,0.528,0.79
2026-07-16,str_b2f9430e92,down5_h1_nasdaq,streak_down,dead,0.77,0.128
2026-07-16,str_b6d73df6b9,down5_h5_sp500,streak_down,dead,0.608,0.039
2026-07-16,str_b725749b5b,down3_h1_sp500,streak_down,dead,0.385,0.079
2026-07-16,str_b847620031,down4_h5_sp500,streak_down,dead,0.992,0.058
2026-07-16,str_b8d9734d1a,down4_h20_nasdaq,streak_down,dead,0.239,0.841
2026-07-16,str_b916af0ac0,down4_h5_nasdaq,streak_down,dead,0.255,0.045
2026-07-16,str_baa87542e8,down5_h20_nasdaq,streak_down,dead,0.195,0.383
2026-07-16,str_be41d45643,down3_h5_nasdaq,streak_down,dead,0.008,0.718
2026-07-16,str_be73a914d2,down4_h1_sp500,streak_down,dead,0.768,0.182
2026-07-16,str_df987e7acf,break3_h1_sp500,streak_break,dead,0.077,0.203
2026-07-16,str_eaadd5b6d1,break5_h1_nasdaq,streak_break,dead,0.711,0.204
2026-07-16,str_ecf1394eae,break3_h20_nasdaq,streak_break,dead,0.014,0.195
2026-07-16,tra_085bba7150,n504_h126_low_sp500,trailing_extreme,dead,0.796,0.9289
2026-07-16,tra_089dcbd8a1,n252_h126_high_nasdaq,trailing_extreme,dead,0.162,0.22
2026-07-16,tra_1f25b3bd0f,n126_h63_high_nasdaq,trailing_extreme,dead,0.629,0.563
2026-07-16,tra_22e8f33640,n126_h63_low_sp500,trailing_extreme,dead,0.938,0.34
2026-07-16,tra_4ced8af588,n252_h126_high_sp500,trailing_extreme,dead,0.106,0.108
2026-07-16,tra_5711325073,n504_h126_high_sp500,trailing_extreme,dead,0.54,0.024
2026-07-16,tra_9006717c86,n63_h21_low_nasdaq,trailing_extreme,dead,0.486,0.16
2026-07-16,tra_93edbbb9e4,n63_h21_high_sp500,trailing_extreme,dead,0.226,0.226
2026-07-16,tra_a60deafb82,n63_h21_high_nasdaq,trailing_extreme,dead,0.209,0.983
2026-07-16,tra_ace02affa1,n63_h21_low_sp500,trailing_extreme,dead,0.21,0.658
2026-07-16,tra_c5a6e7707e,n126_h63_low_nasdaq,trailing_extreme,dead,0.16,0.005
2026-07-16,tra_c802f55825,n252_h126_low_nasdaq,trailing_extreme,dead,0.451,0.3402
2026-07-16,tra_e355b4c138,n252_h126_low_sp500,trailing_extreme,dead,0.969,0.629
2026-07-16,tra_f8f8b8c0db,n126_h63_high_sp500,trailing_extreme,dead,0.367,0.019
2026-07-17,cal_021d07d02a,monthof_10_sp500,calendar,dead,0.93007,0.504496
2026-07-17,cal_02b889c7e0,monthof_8_sp500,calendar,dead,0.932068,0.63037
2026-07-17,cal_05facdcc22,quarter_end_sp500,calendar,dead,0.773227,0.733267
2026-07-17,cal_0662569f50,monthof_12_nasdaq,calendar,dead,0.524476,0.647353
2026-07-17,cal_116d0565a8,quarter_end_nasdaq,calendar,dead,0.888112,0.423576
2026-07-17,cal_11bf800cae,world_cup_year_nasdaq,calendar,dead,0.001998,0.058941
2026-07-17,cal_146a3e8961,dow_nasdaq,calendar,faded,0.000999,0.634366
2026-07-17,cal_19104677ae,monthof_6_sp500,calendar,dead,0.813187,0.470529
2026-07-17,cal_216be59585,monthof_11_nasdaq,calendar,dead,0.175824,0.377622
2026-07-17,cal_2a991b85ee,sell_in_may_nasdaq,calendar,dead,0.017982,0.481518
2026-07-17,cal_2bf2b4d53f,monthof_9_sp500,calendar,survive,0.000999,0.067932
2026-07-17,cal_2de632e38b,monthof_6_nasdaq,calendar,dead,0.992008,0.849151
2026-07-17,cal_2e5f17d421,month_nasdaq,calendar,inconclusive,0.334665,0.608392
2026-07-17,cal_2e7a9a5ca1,monthof_3_sp500,calendar,dead,0.66034,0.756244
2026-07-17,cal_345031f898,monthof_5_nasdaq,calendar,dead,0.596404,0.636364
2026-07-17,cal_398f5c0e31,opex_week_nasdaq,calendar,dead,0.604396,0.696304
2026-07-17,cal_433ee46bbe,opex_week_sp500,calendar,dead,0.227772,0.729271
2026-07-17,cal_456e8c2d5e,monthof_12_sp500,calendar,dead,0.218781,0.981019
2026-07-17,cal_4a891b25f0,monthof_8_nasdaq,calendar,dead,0.32967,0.819181
2026-07-17,cal_4aa242d26e,monthof_5_sp500,calendar,dead,0.255744,0.868132
2026-07-17,cal_4bf363bd79,monthof_7_sp500,calendar,dead,0.061938,0.435564
2026-07-17,cal_527d0ae2db,monthof_1_nasdaq,calendar,dead,0.050949,0.936064
2026-07-17,cal_579e6e1355,monthof_2_nasdaq,calendar,dead,0.417582,0.32967
2026-07-17,cal_597774dc60,monthof_1_sp500,calendar,dead,0.272727,0.544456
2026-07-17,cal_5a22160179,turn_of_month_sp500,calendar,faded,0.000999,0.1998
2026-07-17,cal_6a08a2ccb6,pre_holiday_nasdaq,calendar,dead,0.11988,0.238761
2026-07-17,cal_6ebedbd943,monthof_10_nasdaq,calendar,dead,0.686314,0.378621
2026-07-17,cal_6f4b839635,pre_fomc_nasdaq,calendar,dead,0.271728,0.310689
2026-07-17,cal_7114c0729a,month_sp500,calendar,inconclusive,0.022977,0.141858
2026-07-17,cal_7738ecb1bc,turn_of_month_nasdaq,calendar,faded,0.000999,0.181818
2026-07-17,cal_79870937ed,world_cup_year_sp500,calendar,dead,0.013986,0.13986
2026-07-17,cal_7ded9a48d4,monthof_2_sp500,calendar,dead,0.167832,0.273726
2026-07-17,cal_82e1f1d8c9,pre_holiday_sp500,calendar,dead,0.063936,0.163836
2026-07-17,cal_85cc7cc6d7,dow_sp500,calendar,faded,0.000999,0.834166
2026-07-17,cal_8669d8c09d,monthof_11_sp500,calendar,dead,0.415584,0.137862
2026-07-17,cal_87670427d9,january_sp500,calendar,dead,0.157842,0.714286
2026-07-17,cal_8d5125126b,term_year3_sp500,calendar,inconclusive,0.04995,
2026-07-17,cal_8fe611a742,santa_nasdaq,calendar,dead,0.006993,0.220779
2026-07-17,cal_94c08fa012,santa_sp500,calendar,faded,0.000999,0.195804
2026-07-17,cal_ba8471031e,pre_fomc_sp500,calendar,dead,0.14985,0.150849
2026-07-17,cal_bbcc723bdf,decade_digit_sp500,calendar,inconclusive,0.163836,
2026-07-17,cal_bc77212229,sell_in_may_sp500,calendar,dead,0.071928,0.250749
2026-07-17,cal_c3a33a6db5,monthof_4_sp500,calendar,dead,0.196803,0.207792
2026-07-17,cal_c8b0832b2e,monthof_7_nasdaq,calendar,dead,0.856144,0.522478
2026-07-17,cal_d4de5634d3,september_nasdaq,calendar,dead,0.00999,0.020979
2026-07-17,cal_e041ed5979,monthof_3_nasdaq,calendar,dead,0.604396,0.802198
2026-07-17,cal_e3052fad5c,monthof_4_nasdaq,calendar,dead,0.395604,0.537463
2026-07-17,cal_ec09c00a99,presidential_cycle_sp500,calendar,inconclusive,0.300699,
2026-07-17,cal_f70ee53794,monthof_9_nasdaq,calendar,dead,0.018981,0.034965
2026-07-17,cal_f80dd36a7a,january_nasdaq,calendar,dead,0.031968,0.472527
2026-07-17,cal_f923f81493,september_sp500,calendar,survive,0.000999,0.027972
2026-07-17,fac_4beec74249,BTC_mom20_neg,factor,dead,0.004,0.005
2026-07-17,fac_70486895ee,dxy_rising,factor,dead,0.494,0.9
2026-07-17,fac_7578b1d58f,vix_backwardation,factor,dead,0.819,0.687
2026-07-17,fac_778b84a969,NASDAQ_mom20_neg,factor,dead,0.053,0.519
2026-07-17,fac_79cf4a9a7b,NASDAQ_above_ma200,factor,dead,0.008,0.069
2026-07-17,fac_a1bf6a105c,nasdaq_rsi_overbought,factor,dead,0.327,0.484
2026-07-17,fac_ab89704768,nasdaq_high_vol,factor,dead,0.003,0.927
2026-07-17,fac_bed960d3e2,NASDAQ_mom20_pos,factor,dead,0.408,0.66
2026-07-17,fac_c872e5eb69,BTC_above_ma200,factor,dead,0.146,0.118
2026-07-17,fac_cc60102eac,dxy_falling,factor,dead,0.782,0.844
2026-07-17,fac_d738a0c3fd,nasdaq_low_vol,factor,dead,0.274,0.666
2026-07-17,fac_d8a4f38258,overnight_mom_neg,factor,dead,0.29,0.401
2026-07-17,fac_dcbd9f57b5,overnight_mom_pos,factor,dead,0.29,0.401
2026-07-17,fac_e2be6309e8,nasdaq_rsi_oversold,factor,dead,0.57,0.452
2026-07-17,fac_f834dcf2c0,BTC_mom20_pos,factor,survive,0.0,0.002
2026-07-17,opt_13e0620c3f,total_pc_lo_h10,options_sentiment,dead,0.6,0.6
2026-07-17,opt_2bdac60949,total_pc_hi_h10,options_sentiment,dead,0.812,0.812
2026-07-17,opt_6b7c040f34,equity_pc_hi_h20,options_sentiment,dead,0.914,0.914
2026-07-17,opt_706c7e01ed,equity_pc_lo_h20,options_sentiment,dead,0.13,0.13
2026-07-17,opt_aad2768b05,total_pc_hi_h20,options_sentiment,dead,0.414,0.414
2026-07-17,opt_c8998dbbe6,equity_pc_lo_h10,options_sentiment,dead,0.754,0.754
2026-07-17,opt_d6053cc7a0,total_pc_lo_h20,options_sentiment,dead,0.406,0.406
2026-07-17,opt_f09bd225c9,equity_pc_hi_h10,options_sentiment,dead,0.487,0.487
2026-07-17,pos_0e8203cb20,legacy_noncomm_pct_oi_hi_h20_sp500,positioning,dead,0.786,0.786
2026-07-17,pos_3b1f2f7be5,legacy_noncomm_pct_oi_lo_h60_nasdaq100,positioning,survive,0.0,0.0
2026-07-17,pos_4503921189,legacy_noncomm_pct_oi_lo_h20_sp500,positioning,dead,0.286,0.286
2026-07-17,pos_46e606b679,tff_lev_net_pct_oi_hi_h60_sp500,positioning,dead,0.808,0.808
2026-07-17,pos_4f52a87fc8,tff_lev_net_pct_oi_hi_h20_sp500,positioning,dead,0.658,0.658
2026-07-17,pos_5618fa6478,tff_lev_net_pct_oi_lo_h60_nasdaq100,positioning,dead,0.008,0.008
2026-07-17,pos_566a8459e8,tff_lev_net_pct_oi_lo_h20_nasdaq100,positioning,dead,0.493,0.493
2026-07-17,pos_69b292d2ff,legacy_noncomm_pct_oi_lo_h20_nasdaq100,positioning,dead,0.073,0.073
2026-07-17,pos_74c61491cb,legacy_noncomm_pct_oi_hi_h20_nasdaq100,positioning,dead,0.219,0.219
2026-07-17,pos_771e2a7ea4,tff_lev_net_pct_oi_lo_h20_sp500,positioning,dead,0.019,0.019
2026-07-17,pos_951ab21851,tff_lev_net_pct_oi_lo_h60_sp500,positioning,dead,0.178,0.178
2026-07-17,pos_ad633d4d56,tff_lev_net_pct_oi_hi_h60_nasdaq100,positioning,dead,0.11,0.11
2026-07-17,pos_c5297400c9,legacy_noncomm_pct_oi_lo_h60_sp500,positioning,dead,0.651,0.651
2026-07-17,pos_d898f33d4c,tff_lev_net_pct_oi_hi_h20_nasdaq100,positioning,dead,0.207,0.207
2026-07-17,pos_f7aa0cde34,legacy_noncomm_pct_oi_hi_h60_sp500,positioning,dead,0.507,0.507
2026-07-17,pos_fb69e287a1,legacy_noncomm_pct_oi_hi_h60_nasdaq100,positioning,dead,0.922,0.922
2026-07-17,reb_018df927fb,p1_h5_sp500,rebound,dead,0.268,0.615
2026-07-17,reb_0b54f655e4,p10_h1_nasdaq,rebound,faded,0.0,0.369
2026-07-17,reb_183bf3c31c,p5_h1_sp500,rebound,dead,0.919,0.223
2026-07-17,reb_2617209d72,p10_h5_nasdaq,rebound,faded,0.0,0.248
2026-07-17,reb_2b218993db,p1_h5_nasdaq,rebound,dead,0.56,0.911
2026-07-17,reb_7155c924ca,p10_h1_sp500,rebound,dead,0.233,0.09
2026-07-17,reb_7e3e4a8d62,p1_h1_sp500,rebound,dead,0.257,0.518
2026-07-17,reb_8055fe6f4a,p1_h1_nasdaq,rebound,dead,0.232,0.477
2026-07-17,reb_91f1615526,p10_h5_sp500,rebound,dead,0.032,0.676
2026-07-17,reb_9adb2feef5,p5_h1_nasdaq,rebound,survive,0.0,0.089
2026-07-17,reb_b016e921c3,p5_h5_sp500,rebound,dead,0.349,0.655
2026-07-17,reb_b61bcf84d2,p5_h5_nasdaq,rebound,dead,0.041,0.065
2026-07-17,reg_74448026aa,golden_cross_sp500,regime,survive,0.0,0.021
2026-07-17,reg_9c0efb465b,golden_cross_nasdaq,regime,dead,0.066,0.061
2026-07-17,str_104f8d7bd8,break3_h1_nasdaq,streak_break,dead,0.833,0.432
2026-07-17,str_10ce6fe56e,down4_h1_nasdaq,streak_down,faded,0.0,0.776
2026-07-17,str_1560c11bbd,break5_h5_nasdaq,streak_break,dead,0.755,0.405
2026-07-17,str_16775f1703,break3_h5_nasdaq,streak_break,dead,0.607,0.455
2026-07-17,str_1b6fe1e8ca,down3_h5_sp500,streak_down,dead,0.198,0.855
2026-07-17,str_36b9f79448,down3_h1_nasdaq,streak_down,dead,0.037,0.522
2026-07-17,str_4320d0a275,break3_h5_sp500,streak_break,dead,0.742,0.464
2026-07-17,str_43ea43f9bc,down3_h20_nasdaq,streak_down,dead,0.005,0.16
2026-07-17,str_5824ee8bd5,break5_h5_sp500,streak_break,dead,0.939,0.838
2026-07-17,str_79e97ed91e,down5_h5_nasdaq,streak_down,dead,0.054,0.055
2026-07-17,str_7fd52c09bf,down5_h20_sp500,streak_down,dead,0.812,0.144
2026-07-17,str_7ff66aade6,break5_h1_sp500,streak_break,dead,0.295,0.774
2026-07-17,str_8969baac75,break3_h20_sp500,streak_break,dead,0.025,0.385
2026-07-17,str_8bc1b7d951,down3_h20_sp500,streak_down,dead,0.078,0.952
2026-07-17,str_8c2a185099,down5_h1_sp500,streak_down,dead,0.308,0.019
2026-07-17,str_947583c00a,break5_h20_nasdaq,streak_break,dead,0.183,0.853
2026-07-17,str_9638e678bf,down4_h20_sp500,streak_down,dead,0.458,0.037
2026-07-17,str_a754f69e1f,break5_h20_sp500,streak_break,dead,0.529,0.786
2026-07-17,str_b2f9430e92,down5_h1_nasdaq,streak_down,dead,0.771,0.122
2026-07-17,str_b6d73df6b9,down5_h5_sp500,streak_down,dead,0.613,0.04
2026-07-17,str_b725749b5b,down3_h1_sp500,streak_down,dead,0.381,0.07
2026-07-17,str_b847620031,down4_h5_sp500,streak_down,dead,0.98,0.055
2026-07-17,str_b8d9734d1a,down4_h20_nasdaq,streak_down,dead,0.24,0.839
2026-07-17,str_b916af0ac0,down4_h5_nasdaq,streak_down,dead,0.239,0.047
2026-07-17,str_baa87542e8,down5_h20_nasdaq,streak_down,dead,0.213,0.381
2026-07-17,str_be41d45643,down3_h5_nasdaq,streak_down,dead,0.007,0.728
2026-07-17,str_be73a914d2,down4_h1_sp500,streak_down,dead,0.742,0.168
2026-07-17,str_df987e7acf,break3_h1_sp500,streak_break,dead,0.084,0.21
2026-07-17,str_eaadd5b6d1,break5_h1_nasdaq,streak_break,dead,0.73,0.211
2026-07-17,str_ecf1394eae,break3_h20_nasdaq,streak_break,dead,0.015,0.212
2026-07-17,tra_085bba7150,n504_h126_low_sp500,trailing_extreme,dead,0.794,0.9279
2026-07-17,tra_089dcbd8a1,n252_h126_high_nasdaq,trailing_extreme,dead,0.161,0.22
2026-07-17,tra_1f25b3bd0f,n126_h63_high_nasdaq,trailing_extreme,dead,0.629,0.562
2026-07-17,tra_22e8f33640,n126_h63_low_sp500,trailing_extreme,dead,0.94,0.343
2026-07-17,tra_4ced8af588,n252_h126_high_sp500,trailing_extreme,dead,0.104,0.109
2026-07-17,tra_5711325073,n504_h126_high_sp500,trailing_extreme,dead,0.539,0.024
2026-07-17,tra_9006717c86,n63_h21_low_nasdaq,trailing_extreme,dead,0.497,0.173
2026-07-17,tra_93edbbb9e4,n63_h21_high_sp500,trailing_extreme,dead,0.265,0.265
2026-07-17,tra_a60deafb82,n63_h21_high_nasdaq,trailing_extreme,dead,0.219,0.983
2026-07-17,tra_ace02affa1,n63_h21_low_sp500,trailing_extreme,dead,0.21,0.651
2026-07-17,tra_c5a6e7707e,n126_h63_low_nasdaq,trailing_extreme,dead,0.156,0.005
2026-07-17,tra_c802f55825,n252_h126_low_nasdaq,trailing_extreme,dead,0.453,0.3392
2026-07-17,tra_e355b4c138,n252_h126_low_sp500,trailing_extreme,dead,0.971,0.629
2026-07-17,tra_f8f8b8c0db,n126_h63_high_sp500,trailing_extreme,dead,0.37,0.019
2026-07-20,cal_021d07d02a,monthof_10_sp500,calendar,dead,0.92008,0.505495
2026-07-20,cal_02b889c7e0,monthof_8_sp500,calendar,dead,0.935065,0.664336
2026-07-20,cal_05facdcc22,quarter_end_sp500,calendar,dead,0.776224,0.712288
2026-07-20,cal_0662569f50,monthof_12_nasdaq,calendar,dead,0.533467,0.651349
2026-07-20,cal_116d0565a8,quarter_end_nasdaq,calendar,dead,0.875125,0.430569
2026-07-20,cal_11bf800cae,world_cup_year_nasdaq,calendar,dead,0.001998,0.078921
2026-07-20,cal_146a3e8961,dow_nasdaq,calendar,faded,0.000999,0.605395
2026-07-20,cal_19104677ae,monthof_6_sp500,calendar,dead,0.827173,0.485514
2026-07-20,cal_216be59585,monthof_11_nasdaq,calendar,dead,0.167832,0.346653
2026-07-20,cal_2a991b85ee,sell_in_may_nasdaq,calendar,dead,0.024975,0.504496
2026-07-20,cal_2bf2b4d53f,monthof_9_sp500,calendar,survive,0.000999,0.058941
2026-07-20,cal_2de632e38b,monthof_6_nasdaq,calendar,dead,0.989011,0.881119
2026-07-20,cal_2e5f17d421,month_nasdaq,calendar,inconclusive,0.331668,0.607393
2026-07-20,cal_2e7a9a5ca1,monthof_3_sp500,calendar,dead,0.638362,0.743257
2026-07-20,cal_345031f898,monthof_5_nasdaq,calendar,dead,0.63037,0.623377
2026-07-20,cal_398f5c0e31,opex_week_nasdaq,calendar,dead,0.618382,0.675325
2026-07-20,cal_433ee46bbe,opex_week_sp500,calendar,dead,0.234765,0.721279
2026-07-20,cal_456e8c2d5e,monthof_12_sp500,calendar,dead,0.225774,0.976024
2026-07-20,cal_4a891b25f0,monthof_8_nasdaq,calendar,dead,0.320679,0.838162
2026-07-20,cal_4aa242d26e,monthof_5_sp500,calendar,dead,0.257742,0.855145
2026-07-20,cal_4bf363bd79,monthof_7_sp500,calendar,dead,0.058941,0.414585
2026-07-20,cal_527d0ae2db,monthof_1_nasdaq,calendar,dead,0.068931,0.922078
2026-07-20,cal_579e6e1355,monthof_2_nasdaq,calendar,dead,0.440559,0.307692
2026-07-20,cal_597774dc60,monthof_1_sp500,calendar,dead,0.265734,0.527473
2026-07-20,cal_5a22160179,turn_of_month_sp500,calendar,faded,0.000999,0.233766
2026-07-20,cal_6a08a2ccb6,pre_holiday_nasdaq,calendar,dead,0.133866,0.235764
2026-07-20,cal_6ebedbd943,monthof_10_nasdaq,calendar,dead,0.65035,0.356643
2026-07-20,cal_6f4b839635,pre_fomc_nasdaq,calendar,dead,0.316683,0.311688
2026-07-20,cal_7114c0729a,month_sp500,calendar,inconclusive,0.022977,0.142857
2026-07-20,cal_7738ecb1bc,turn_of_month_nasdaq,calendar,faded,0.000999,0.168831
2026-07-20,cal_79870937ed,world_cup_year_sp500,calendar,dead,0.013986,0.163836
2026-07-20,cal_7ded9a48d4,monthof_2_sp500,calendar,dead,0.15984,0.287712
2026-07-20,cal_82e1f1d8c9,pre_holiday_sp500,calendar,dead,0.087912,0.125874
2026-07-20,cal_85cc7cc6d7,dow_sp500,calendar,faded,0.000999,0.841159
2026-07-20,cal_8669d8c09d,monthof_11_sp500,calendar,dead,0.457542,0.121878
2026-07-20,cal_87670427d9,january_sp500,calendar,dead,0.161838,0.738262
2026-07-20,cal_8d5125126b,term_year3_sp500,calendar,inconclusive,0.04995,
2026-07-20,cal_8fe611a742,santa_nasdaq,calendar,dead,0.003996,0.21978
2026-07-20,cal_94c08fa012,santa_sp500,calendar,faded,0.000999,0.217782
2026-07-20,cal_ba8471031e,pre_fomc_sp500,calendar,dead,0.156843,0.157842
2026-07-20,cal_bbcc723bdf,decade_digit_sp500,calendar,inconclusive,0.163836,
2026-07-20,cal_bc77212229,sell_in_may_sp500,calendar,dead,0.082917,0.252747
2026-07-20,cal_c3a33a6db5,monthof_4_sp500,calendar,dead,0.198801,0.218781
2026-07-20,cal_c8b0832b2e,monthof_7_nasdaq,calendar,dead,0.846154,0.518482
2026-07-20,cal_d4de5634d3,september_nasdaq,calendar,dead,0.006993,0.021978
2026-07-20,cal_e041ed5979,monthof_3_nasdaq,calendar,dead,0.606394,0.807193
2026-07-20,cal_e3052fad5c,monthof_4_nasdaq,calendar,dead,0.426573,0.525475
2026-07-20,cal_ec09c00a99,presidential_cycle_sp500,calendar,inconclusive,0.300699,
2026-07-20,cal_f70ee53794,monthof_9_nasdaq,calendar,dead,0.013986,0.054945
2026-07-20,cal_f80dd36a7a,january_nasdaq,calendar,dead,0.037962,0.463536
2026-07-20,cal_f923f81493,september_sp500,calendar,survive,0.000999,0.026973
2026-07-20,fac_4beec74249,BTC_mom20_neg,factor,dead,0.004,0.004
2026-07-20,fac_70486895ee,dxy_rising,factor,dead,0.489,0.887
2026-07-20,fac_7578b1d58f,vix_backwardation,factor,dead,0.814,0.682
2026-07-20,fac_778b84a969,NASDAQ_mom20_neg,factor,dead,0.058,0.523
2026-07-20,fac_79cf4a9a7b,NASDAQ_above_ma200,factor,dead,0.008,0.073
2026-07-20,fac_a1bf6a105c,nasdaq_rsi_overbought,factor,dead,0.319,0.47
2026-07-20,fac_ab89704768,nasdaq_high_vol,factor,dead,0.003,0.931
2026-07-20,fac_bed960d3e2,NASDAQ_mom20_pos,factor,dead,0.401,0.663
2026-07-20,fac_c872e5eb69,BTC_above_ma200,factor,dead,0.142,0.11
2026-07-20,fac_cc60102eac,dxy_falling,factor,dead,0.783,0.851
2026-07-20,fac_d738a0c3fd,nasdaq_low_vol,factor,dead,0.275,0.661
2026-07-20,fac_d8a4f38258,overnight_mom_neg,factor,dead,0.299,0.411
2026-07-20,fac_dcbd9f57b5,overnight_mom_pos,factor,dead,0.299,0.411
2026-07-20,fac_e2be6309e8,nasdaq_rsi_oversold,factor,dead,0.579,0.466
2026-07-20,fac_f834dcf2c0,BTC_mom20_pos,factor,survive,0.0,0.001
2026-07-20,opt_13e0620c3f,total_pc_lo_h10,options_sentiment,dead,0.615,0.615
2026-07-20,opt_2bdac60949,total_pc_hi_h10,options_sentiment,dead,0.804,0.804
2026-07-20,opt_6b7c040f34,equity_pc_hi_h20,options_sentiment,dead,0.925,0.925
2026-07-20,opt_706c7e01ed,equity_pc_lo_h20,options_sentiment,dead,0.129,0.129
2026-07-20,opt_aad2768b05,total_pc_hi_h20,options_sentiment,dead,0.428,0.428
2026-07-20,opt_c8998dbbe6,equity_pc_lo_h10,options_sentiment,dead,0.755,0.755
2026-07-20,opt_d6053cc7a0,total_pc_lo_h20,options_sentiment,dead,0.412,0.412
2026-07-20,opt_f09bd225c9,equity_pc_hi_h10,options_sentiment,dead,0.504,0.504
2026-07-20,pos_0e8203cb20,legacy_noncomm_pct_oi_hi_h20_sp500,positioning,dead,0.769,0.769
2026-07-20,pos_3b1f2f7be5,legacy_noncomm_pct_oi_lo_h60_nasdaq100,positioning,survive,0.0,0.0
2026-07-20,pos_4503921189,legacy_noncomm_pct_oi_lo_h20_sp500,positioning,dead,0.286,0.286
2026-07-20,pos_46e606b679,tff_lev_net_pct_oi_hi_h60_sp500,positioning,dead,0.818,0.818
2026-07-20,pos_4f52a87fc8,tff_lev_net_pct_oi_hi_h20_sp500,positioning,dead,0.656,0.656
2026-07-20,pos_5618fa6478,tff_lev_net_pct_oi_lo_h60_nasdaq100,positioning,dead,0.008,0.008
2026-07-20,pos_566a8459e8,tff_lev_net_pct_oi_lo_h20_nasdaq100,positioning,dead,0.488,0.488
2026-07-20,pos_69b292d2ff,legacy_noncomm_pct_oi_lo_h20_nasdaq100,positioning,dead,0.074,0.074
2026-07-20,pos_74c61491cb,legacy_noncomm_pct_oi_hi_h20_nasdaq100,positioning,dead,0.216,0.216
2026-07-20,pos_771e2a7ea4,tff_lev_net_pct_oi_lo_h20_sp500,positioning,dead,0.019,0.019
2026-07-20,pos_951ab21851,tff_lev_net_pct_oi_lo_h60_sp500,positioning,dead,0.182,0.182
2026-07-20,pos_ad633d4d56,tff_lev_net_pct_oi_hi_h60_nasdaq100,positioning,dead,0.109,0.109
2026-07-20,pos_c5297400c9,legacy_noncomm_pct_oi_lo_h60_sp500,positioning,dead,0.65,0.65
2026-07-20,pos_d898f33d4c,tff_lev_net_pct_oi_hi_h20_nasdaq100,positioning,dead,0.202,0.202
2026-07-20,pos_f7aa0cde34,legacy_noncomm_pct_oi_hi_h60_sp500,positioning,dead,0.496,0.496
2026-07-20,pos_fb69e287a1,legacy_noncomm_pct_oi_hi_h60_nasdaq100,positioning,dead,0.925,0.925
2026-07-20,reb_018df927fb,p1_h5_sp500,rebound,dead,0.258,0.624
2026-07-20,reb_0b54f655e4,p10_h1_nasdaq,rebound,faded,0.0,0.336
2026-07-20,reb_183bf3c31c,p5_h1_sp500,rebound,dead,0.931,0.217
2026-07-20,reb_2617209d72,p10_h5_nasdaq,rebound,faded,0.0,0.254
2026-07-20,reb_2b218993db,p1_h5_nasdaq,rebound,dead,0.548,0.897
2026-07-20,reb_7155c924ca,p10_h1_sp500,rebound,dead,0.244,0.078
2026-07-20,reb_7e3e4a8d62,p1_h1_sp500,rebound,dead,0.27,0.543
2026-07-20,reb_8055fe6f4a,p1_h1_nasdaq,rebound,dead,0.224,0.488
2026-07-20,reb_91f1615526,p10_h5_sp500,rebound,dead,0.028,0.682
2026-07-20,reb_9adb2feef5,p5_h1_nasdaq,rebound,survive,0.0,0.075
2026-07-20,reb_b016e921c3,p5_h5_sp500,rebound,dead,0.356,0.652
2026-07-20,reb_b61bcf84d2,p5_h5_nasdaq,rebound,dead,0.046,0.065
2026-07-20,reg_74448026aa,golden_cross_sp500,regime,survive,0.0,0.021
2026-07-20,reg_9c0efb465b,golden_cross_nasdaq,regime,dead,0.064,0.064
2026-07-20,str_104f8d7bd8,break3_h1_nasdaq,streak_break,dead,0.853,0.441
2026-07-20,str_10ce6fe56e,down4_h1_nasdaq,streak_down,dead,0.002,0.757
2026-07-20,str_1560c11bbd,break5_h5_nasdaq,streak_break,dead,0.768,0.396
2026-07-20,str_16775f1703,break3_h5_nasdaq,streak_break,dead,0.577,0.455
2026-07-20,str_1b6fe1e8ca,down3_h5_sp500,streak_down,dead,0.211,0.82
2026-07-20,str_36b9f79448,down3_h1_nasdaq,streak_down,dead,0.032,0.56
2026-07-20,str_4320d0a275,break3_h5_sp500,streak_break,dead,0.752,0.478
2026-07-20,str_43ea43f9bc,down3_h20_nasdaq,streak_down,dead,0.007,0.171
2026-07-20,str_5824ee8bd5,break5_h5_sp500,streak_break,dead,0.929,0.827
2026-07-20,str_79e97ed91e,down5_h5_nasdaq,streak_down,dead,0.039,0.051
2026-07-20,str_7fd52c09bf,down5_h20_sp500,streak_down,dead,0.839,0.143
2026-07-20,str_7ff66aade6,break5_h1_sp500,streak_break,dead,0.279,0.757
2026-07-20,str_8969baac75,break3_h20_sp500,streak_break,dead,0.02,0.393
2026-07-20,str_8bc1b7d951,down3_h20_sp500,streak_down,dead,0.083,0.969
2026-07-20,str_8c2a185099,down5_h1_sp500,streak_down,dead,0.336,0.013
2026-07-20,str_947583c00a,break5_h20_nasdaq,streak_break,dead,0.187,0.849
2026-07-20,str_9638e678bf,down4_h20_sp500,streak_down,dead,0.463,0.037
2026-07-20,str_a754f69e1f,break5_h20_sp500,streak_break,dead,0.536,0.784
2026-07-20,str_b2f9430e92,down5_h1_nasdaq,streak_down,dead,0.767,0.107
2026-07-20,str_b6d73df6b9,down5_h5_sp500,streak_down,dead,0.59,0.041
2026-07-20,str_b725749b5b,down3_h1_sp500,streak_down,dead,0.4,0.066
2026-07-20,str_b847620031,down4_h5_sp500,streak_down,dead,0.989,0.051
2026-07-20,str_b8d9734d1a,down4_h20_nasdaq,streak_down,dead,0.247,0.848
2026-07-20,str_b916af0ac0,down4_h5_nasdaq,streak_down,dead,0.243,0.044
2026-07-20,str_baa87542e8,down5_h20_nasdaq,streak_down,dead,0.209,0.384
2026-07-20,str_be41d45643,down3_h5_nasdaq,streak_down,dead,0.006,0.715
2026-07-20,str_be73a914d2,down4_h1_sp500,streak_down,dead,0.749,0.159
2026-07-20,str_df987e7acf,break3_h1_sp500,streak_break,dead,0.09,0.205
2026-07-20,str_eaadd5b6d1,break5_h1_nasdaq,streak_break,dead,0.717,0.19
2026-07-20,str_ecf1394eae,break3_h20_nasdaq,streak_break,dead,0.016,0.215
2026-07-20,tra_085bba7150,n504_h126_low_sp500,trailing_extreme,dead,0.804,0.9254
2026-07-20,tra_089dcbd8a1,n252_h126_high_nasdaq,trailing_extreme,dead,0.161,0.22
2026-07-20,tra_1f25b3bd0f,n126_h63_high_nasdaq,trailing_extreme,dead,0.63,0.562
2026-07-20,tra_22e8f33640,n126_h63_low_sp500,trailing_extreme,dead,0.936,0.343
2026-07-20,tra_4ced8af588,n252_h126_high_sp500,trailing_extreme,dead,0.101,0.107
2026-07-20,tra_5711325073,n504_h126_high_sp500,trailing_extreme,dead,0.535,0.024
2026-07-20,tra_9006717c86,n63_h21_low_nasdaq,trailing_extreme,dead,0.492,0.168
2026-07-20,tra_93edbbb9e4,n63_h21_high_sp500,trailing_extreme,dead,0.263,0.257
2026-07-20,tra_a60deafb82,n63_h21_high_nasdaq,trailing_extreme,dead,0.224,0.987
2026-07-20,tra_ace02affa1,n63_h21_low_sp500,trailing_extreme,dead,0.211,0.654
2026-07-20,tra_c5a6e7707e,n126_h63_low_nasdaq,trailing_extreme,dead,0.157,0.005
2026-07-20,tra_c802f55825,n252_h126_low_nasdaq,trailing_extreme,dead,0.447,0.3402
2026-07-20,tra_e355b4c138,n252_h126_low_sp500,trailing_extreme,dead,0.972,0.628
2026-07-20,tra_f8f8b8c0db,n126_h63_high_sp500,trailing_extreme,dead,0.358,0.02
2026-07-21,cal_021d07d02a,monthof_10_sp500,calendar,dead,0.926074,0.492507
2026-07-21,cal_02b889c7e0,monthof_8_sp500,calendar,dead,0.935065,0.687313
2026-07-21,cal_05facdcc22,quarter_end_sp500,calendar,dead,0.741259,0.734266
2026-07-21,cal_0662569f50,monthof_12_nasdaq,calendar,dead,0.496503,0.674326
2026-07-21,cal_116d0565a8,quarter_end_nasdaq,calendar,dead,0.894106,0.396603
2026-07-21,cal_11bf800cae,world_cup_year_nasdaq,calendar,survive,0.000999,0.067932
2026-07-21,cal_146a3e8961,dow_nasdaq,calendar,faded,0.000999,0.617383
2026-07-21,cal_19104677ae,monthof_6_sp500,calendar,dead,0.813187,0.490509
2026-07-21,cal_216be59585,monthof_11_nasdaq,calendar,dead,0.170829,0.373626
2026-07-21,cal_2a991b85ee,sell_in_may_nasdaq,calendar,dead,0.026973,0.507493
2026-07-21,cal_2bf2b4d53f,monthof_9_sp500,calendar,dead,0.001998,0.062937
2026-07-21,cal_2de632e38b,monthof_6_nasdaq,calendar,dead,0.994006,0.858142
2026-07-21,cal_2e5f17d421,month_nasdaq,calendar,inconclusive,0.332667,0.605395
2026-07-21,cal_2e7a9a5ca1,monthof_3_sp500,calendar,dead,0.657343,0.753247
2026-07-21,cal_345031f898,monthof_5_nasdaq,calendar,dead,0.648352,0.636364
2026-07-21,cal_398f5c0e31,opex_week_nasdaq,calendar,dead,0.606394,0.676324
2026-07-21,cal_433ee46bbe,opex_week_sp500,calendar,dead,0.254745,0.691309
2026-07-21,cal_456e8c2d5e,monthof_12_sp500,calendar,dead,0.217782,0.975025
2026-07-21,cal_4a891b25f0,monthof_8_nasdaq,calendar,dead,0.331668,0.834166
2026-07-21,cal_4aa242d26e,monthof_5_sp500,calendar,dead,0.255744,0.856144
2026-07-21,cal_4bf363bd79,monthof_7_sp500,calendar,dead,0.065934,0.397602
2026-07-21,cal_527d0ae2db,monthof_1_nasdaq,calendar,dead,0.040959,0.927073
2026-07-21,cal_579e6e1355,monthof_2_nasdaq,calendar,dead,0.443556,0.334665
2026-07-21,cal_597774dc60,monthof_1_sp500,calendar,dead,0.275724,0.4995
2026-07-21,cal_5a22160179,turn_of_month_sp500,calendar,faded,0.000999,0.240759
2026-07-21,cal_6a08a2ccb6,pre_holiday_nasdaq,calendar,dead,0.154845,0.226773
2026-07-21,cal_6ebedbd943,monthof_10_nasdaq,calendar,dead,0.681319,0.348651
2026-07-21,cal_6f4b839635,pre_fomc_nasdaq,calendar,dead,0.264735,0.28971
2026-07-21,cal_7114c0729a,month_sp500,calendar,inconclusive,0.022977,0.141858
2026-07-21,cal_7738ecb1bc,turn_of_month_nasdaq,calendar,faded,0.000999,0.163836
2026-07-21,cal_79870937ed,world_cup_year_sp500,calendar,dead,0.008991,0.147852
2026-07-21,cal_7ded9a48d4,monthof_2_sp500,calendar,dead,0.184815,0.286713
2026-07-21,cal_82e1f1d8c9,pre_holiday_sp500,calendar,dead,0.078921,0.125874
2026-07-21,cal_85cc7cc6d7,dow_sp500,calendar,faded,0.000999,0.846154
2026-07-21,cal_8669d8c09d,monthof_11_sp500,calendar,dead,0.427572,0.137862
2026-07-21,cal_87670427d9,january_sp500,calendar,dead,0.144855,0.729271
2026-07-21,cal_8d5125126b,term_year3_sp500,calendar,inconclusive,0.04995,
2026-07-21,cal_8fe611a742,santa_nasdaq,calendar,dead,0.008991,0.206793
2026-07-21,cal_94c08fa012,santa_sp500,calendar,dead,0.001998,0.1998
2026-07-21,cal_ba8471031e,pre_fomc_sp500,calendar,dead,0.152847,0.163836
2026-07-21,cal_bbcc723bdf,decade_digit_sp500,calendar,inconclusive,0.163836,
2026-07-21,cal_bc77212229,sell_in_may_sp500,calendar,dead,0.075924,0.236763
2026-07-21,cal_c3a33a6db5,monthof_4_sp500,calendar,dead,0.193806,0.200799
2026-07-21,cal_c8b0832b2e,monthof_7_nasdaq,calendar,dead,0.861139,0.512488
2026-07-21,cal_d4de5634d3,september_nasdaq,calendar,dead,0.013986,0.027972
2026-07-21,cal_e041ed5979,monthof_3_nasdaq,calendar,dead,0.608392,0.823177
2026-07-21,cal_e3052fad5c,monthof_4_nasdaq,calendar,dead,0.423576,0.539461
2026-07-21,cal_ec09c00a99,presidential_cycle_sp500,calendar,inconclusive,0.300699,
2026-07-21,cal_f70ee53794,monthof_9_nasdaq,calendar,dead,0.022977,0.053946
2026-07-21,cal_f80dd36a7a,january_nasdaq,calendar,dead,0.018981,0.436563
2026-07-21,cal_f923f81493,september_sp500,calendar,dead,0.002997,0.033966
2026-07-21,fac_4beec74249,BTC_mom20_neg,factor,dead,0.003,0.002
2026-07-21,fac_70486895ee,dxy_rising,factor,dead,0.491,0.883
2026-07-21,fac_7578b1d58f,vix_backwardation,factor,dead,0.824,0.643
2026-07-21,fac_778b84a969,NASDAQ_mom20_neg,factor,dead,0.057,0.517
2026-07-21,fac_79cf4a9a7b,NASDAQ_above_ma200,factor,dead,0.01,0.079
2026-07-21,fac_a1bf6a105c,nasdaq_rsi_overbought,factor,dead,0.318,0.459
2026-07-21,fac_ab89704768,nasdaq_high_vol,factor,dead,0.003,0.944
2026-07-21,fac_bed960d3e2,NASDAQ_mom20_pos,factor,dead,0.39,0.657
2026-07-21,fac_c872e5eb69,BTC_above_ma200,factor,dead,0.137,0.098
2026-07-21,fac_cc60102eac,dxy_falling,factor,dead,0.779,0.863
2026-07-21,fac_d738a0c3fd,nasdaq_low_vol,factor,dead,0.282,0.67
2026-07-21,fac_d8a4f38258,overnight_mom_neg,factor,dead,0.31,0.398
2026-07-21,fac_dcbd9f57b5,overnight_mom_pos,factor,dead,0.31,0.398
2026-07-21,fac_e2be6309e8,nasdaq_rsi_oversold,factor,dead,0.583,0.48
2026-07-21,fac_f834dcf2c0,BTC_mom20_pos,factor,survive,0.0,0.0
2026-07-21,opt_13e0620c3f,total_pc_lo_h10,options_sentiment,dead,0.623,0.623
2026-07-21,opt_2bdac60949,total_pc_hi_h10,options_sentiment,dead,0.805,0.805
2026-07-21,opt_6b7c040f34,equity_pc_hi_h20,options_sentiment,dead,0.91,0.91
2026-07-21,opt_706c7e01ed,equity_pc_lo_h20,options_sentiment,dead,0.125,0.125
2026-07-21,opt_aad2768b05,total_pc_hi_h20,options_sentiment,dead,0.433,0.433
2026-07-21,opt_c8998dbbe6,equity_pc_lo_h10,options_sentiment,dead,0.751,0.751
2026-07-21,opt_d6053cc7a0,total_pc_lo_h20,options_sentiment,dead,0.4,0.4
2026-07-21,opt_f09bd225c9,equity_pc_hi_h10,options_sentiment,dead,0.501,0.501
2026-07-21,pos_0e8203cb20,legacy_noncomm_pct_oi_hi_h20_sp500,positioning,dead,0.775,0.775
2026-07-21,pos_3b1f2f7be5,legacy_noncomm_pct_oi_lo_h60_nasdaq100,positioning,survive,0.0,0.0
2026-07-21,pos_4503921189,legacy_noncomm_pct_oi_lo_h20_sp500,positioning,dead,0.285,0.285
2026-07-21,pos_46e606b679,tff_lev_net_pct_oi_hi_h60_sp500,positioning,dead,0.812,0.812
2026-07-21,pos_4f52a87fc8,tff_lev_net_pct_oi_hi_h20_sp500,positioning,dead,0.658,0.658
2026-07-21,pos_5618fa6478,tff_lev_net_pct_oi_lo_h60_nasdaq100,positioning,dead,0.007,0.007
2026-07-21,pos_566a8459e8,tff_lev_net_pct_oi_lo_h20_nasdaq100,positioning,dead,0.489,0.489
2026-07-21,pos_69b292d2ff,legacy_noncomm_pct_oi_lo_h20_nasdaq100,positioning,dead,0.082,0.082
2026-07-21,pos_74c61491cb,legacy_noncomm_pct_oi_hi_h20_nasdaq100,positioning,dead,0.218,0.218
2026-07-21,pos_771e2a7ea4,tff_lev_net_pct_oi_lo_h20_sp500,positioning,dead,0.02,0.02
2026-07-21,pos_951ab21851,tff_lev_net_pct_oi_lo_h60_sp500,positioning,dead,0.18,0.18
2026-07-21,pos_ad633d4d56,tff_lev_net_pct_oi_hi_h60_nasdaq100,positioning,dead,0.109,0.109
2026-07-21,pos_c5297400c9,legacy_noncomm_pct_oi_lo_h60_sp500,positioning,dead,0.65,0.65
2026-07-21,pos_d898f33d4c,tff_lev_net_pct_oi_hi_h20_nasdaq100,positioning,dead,0.195,0.195
2026-07-21,pos_f7aa0cde34,legacy_noncomm_pct_oi_hi_h60_sp500,positioning,dead,0.499,0.499
2026-07-21,pos_fb69e287a1,legacy_noncomm_pct_oi_hi_h60_nasdaq100,positioning,dead,0.917,0.917
2026-07-21,reb_018df927fb,p1_h5_sp500,rebound,dead,0.269,0.612
2026-07-21,reb_0b54f655e4,p10_h1_nasdaq,rebound,faded,0.0,0.31
2026-07-21,reb_183bf3c31c,p5_h1_sp500,rebound,dead,0.918,0.216
2026-07-21,reb_2617209d72,p10_h5_nasdaq,rebound,faded,0.001,0.27
2026-07-21,reb_2b218993db,p1_h5_nasdaq,rebound,dead,0.554,0.882
2026-07-21,reb_7155c924ca,p10_h1_sp500,rebound,dead,0.242,0.101
2026-07-21,reb_7e3e4a8d62,p1_h1_sp500,rebound,dead,0.288,0.512
2026-07-21,reb_8055fe6f4a,p1_h1_nasdaq,rebound,dead,0.242,0.492
2026-07-21,reb_91f1615526,p10_h5_sp500,rebound,dead,0.031,0.719
2026-07-21,reb_9adb2feef5,p5_h1_nasdaq,rebound,survive,0.001,0.08
2026-07-21,reb_b016e921c3,p5_h5_sp500,rebound,dead,0.377,0.67
2026-07-21,reb_b61bcf84d2,p5_h5_nasdaq,rebound,dead,0.037,0.07
2026-07-21,reg_74448026aa,golden_cross_sp500,regime,survive,0.0,0.02
2026-07-21,reg_9c0efb465b,golden_cross_nasdaq,regime,dead,0.068,0.064
2026-07-21,str_104f8d7bd8,break3_h1_nasdaq,streak_break,dead,0.874,0.443
2026-07-21,str_10ce6fe56e,down4_h1_nasdaq,streak_down,faded,0.0,0.783
2026-07-21,str_1560c11bbd,break5_h5_nasdaq,streak_break,dead,0.752,0.379
2026-07-21,str_16775f1703,break3_h5_nasdaq,streak_break,dead,0.595,0.434
2026-07-21,str_1b6fe1e8ca,down3_h5_sp500,streak_down,dead,0.223,0.825
2026-07-21,str_36b9f79448,down3_h1_nasdaq,streak_down,dead,0.044,0.567
2026-07-21,str_4320d0a275,break3_h5_sp500,streak_break,dead,0.75,0.511
2026-07-21,str_43ea43f9bc,down3_h20_nasdaq,streak_down,dead,0.007,0.163
2026-07-21,str_5824ee8bd5,break5_h5_sp500,streak_break,dead,0.947,0.832
2026-07-21,str_79e97ed91e,down5_h5_nasdaq,streak_down,dead,0.047,0.057
2026-07-21,str_7fd52c09bf,down5_h20_sp500,streak_down,dead,0.829,0.144
2026-07-21,str_7ff66aade6,break5_h1_sp500,streak_break,dead,0.262,0.772
2026-07-21,str_8969baac75,break3_h20_sp500,streak_break,dead,0.023,0.38
2026-07-21,str_8bc1b7d951,down3_h20_sp500,streak_down,dead,0.071,0.962
2026-07-21,str_8c2a185099,down5_h1_sp500,streak_down,dead,0.342,0.018
2026-07-21,str_947583c00a,break5_h20_nasdaq,streak_break,dead,0.193,0.854
2026-07-21,str_9638e678bf,down4_h20_sp500,streak_down,dead,0.465,0.037
2026-07-21,str_a754f69e1f,break5_h20_sp500,streak_break,dead,0.524,0.785
2026-07-21,str_b2f9430e92,down5_h1_nasdaq,streak_down,dead,0.773,0.135
2026-07-21,str_b6d73df6b9,down5_h5_sp500,streak_down,dead,0.583,0.033
2026-07-21,str_b725749b5b,down3_h1_sp500,streak_down,dead,0.35,0.067
2026-07-21,str_b847620031,down4_h5_sp500,streak_down,dead,0.997,0.055
2026-07-21,str_b8d9734d1a,down4_h20_nasdaq,streak_down,dead,0.243,0.84
2026-07-21,str_b916af0ac0,down4_h5_nasdaq,streak_down,dead,0.269,0.05
2026-07-21,str_baa87542e8,down5_h20_nasdaq,streak_down,dead,0.209,0.374
2026-07-21,str_be41d45643,down3_h5_nasdaq,streak_down,dead,0.007,0.706
2026-07-21,str_be73a914d2,down4_h1_sp500,streak_down,dead,0.765,0.175
2026-07-21,str_df987e7acf,break3_h1_sp500,streak_break,dead,0.074,0.2
2026-07-21,str_eaadd5b6d1,break5_h1_nasdaq,streak_break,dead,0.708,0.196
2026-07-21,str_ecf1394eae,break3_h20_nasdaq,streak_break,dead,0.014,0.209
2026-07-21,tra_085bba7150,n504_h126_low_sp500,trailing_extreme,dead,0.804,0.9254
2026-07-21,tra_089dcbd8a1,n252_h126_high_nasdaq,trailing_extreme,dead,0.163,0.222
2026-07-21,tra_1f25b3bd0f,n126_h63_high_nasdaq,trailing_extreme,dead,0.628,0.565
2026-07-21,tra_22e8f33640,n126_h63_low_sp500,trailing_extreme,dead,0.931,0.344
2026-07-21,tra_4ced8af588,n252_h126_high_sp500,trailing_extreme,dead,0.101,0.106
2026-07-21,tra_5711325073,n504_h126_high_sp500,trailing_extreme,dead,0.539,0.025
2026-07-21,tra_9006717c86,n63_h21_low_nasdaq,trailing_extreme,dead,0.487,0.169
2026-07-21,tra_93edbbb9e4,n63_h21_high_sp500,trailing_extreme,dead,0.274,0.282
2026-07-21,tra_a60deafb82,n63_h21_high_nasdaq,trailing_extreme,dead,0.229,0.969
2026-07-21,tra_ace02affa1,n63_h21_low_sp500,trailing_extreme,dead,0.211,0.659
2026-07-21,tra_c5a6e7707e,n126_h63_low_nasdaq,trailing_extreme,dead,0.156,0.005
2026-07-21,tra_c802f55825,n252_h126_low_nasdaq,trailing_extreme,dead,0.447,0.3412
2026-07-21,tra_e355b4c138,n252_h126_low_sp500,trailing_extreme,dead,0.973,0.629
2026-07-21,tra_f8f8b8c0db,n126_h63_high_sp500,trailing_extreme,dead,0.366,0.018
2026-07-22,cal_021d07d02a,monthof_10_sp500,calendar,dead,0.932068,0.465534
2026-07-22,cal_02b889c7e0,monthof_8_sp500,calendar,dead,0.92008,0.65035
2026-07-22,cal_05facdcc22,quarter_end_sp500,calendar,dead,0.797203,0.722278
2026-07-22,cal_0662569f50,monthof_12_nasdaq,calendar,dead,0.508492,0.667333
2026-07-22,cal_116d0565a8,quarter_end_nasdaq,calendar,dead,0.889111,0.417582
2026-07-22,cal_11bf800cae,world_cup_year_nasdaq,calendar,dead,0.001998,0.078921
2026-07-22,cal_146a3e8961,dow_nasdaq,calendar,faded,0.000999,0.628372
2026-07-22,cal_19104677ae,monthof_6_sp500,calendar,dead,0.815185,0.474525
2026-07-22,cal_216be59585,monthof_11_nasdaq,calendar,dead,0.16983,0.384615
2026-07-22,cal_2a991b85ee,sell_in_may_nasdaq,calendar,dead,0.030969,0.516484
2026-07-22,cal_2bf2b4d53f,monthof_9_sp500,calendar,survive,0.000999,0.063936
2026-07-22,cal_2de632e38b,monthof_6_nasdaq,calendar,dead,0.995005,0.86014
2026-07-22,cal_2e5f17d421,month_nasdaq,calendar,inconclusive,0.331668,0.606394
2026-07-22,cal_2e7a9a5ca1,monthof_3_sp500,calendar,dead,0.65035,0.763237
2026-07-22,cal_345031f898,monthof_5_nasdaq,calendar,dead,0.631369,0.628372
2026-07-22,cal_398f5c0e31,opex_week_nasdaq,calendar,dead,0.604396,0.675325
2026-07-22,cal_433ee46bbe,opex_week_sp500,calendar,dead,0.225774,0.699301
2026-07-22,cal_456e8c2d5e,monthof_12_sp500,calendar,dead,0.233766,0.974026
2026-07-22,cal_4a891b25f0,monthof_8_nasdaq,calendar,dead,0.321678,0.812188
2026-07-22,cal_4aa242d26e,monthof_5_sp500,calendar,dead,0.273726,0.852148
2026-07-22,cal_4bf363bd79,monthof_7_sp500,calendar,dead,0.055944,0.398601
2026-07-22,cal_527d0ae2db,monthof_1_nasdaq,calendar,dead,0.048951,0.933067
2026-07-22,cal_579e6e1355,monthof_2_nasdaq,calendar,dead,0.411588,0.338661
2026-07-22,cal_597774dc60,monthof_1_sp500,calendar,dead,0.294705,0.537463
2026-07-22,cal_5a22160179,turn_of_month_sp500,calendar,faded,0.000999,0.248751
2026-07-22,cal_6a08a2ccb6,pre_holiday_nasdaq,calendar,dead,0.16983,0.235764
2026-07-22,cal_6ebedbd943,monthof_10_nasdaq,calendar,dead,0.645355,0.396603
2026-07-22,cal_6f4b839635,pre_fomc_nasdaq,calendar,dead,0.292707,0.30969
2026-07-22,cal_7114c0729a,month_sp500,calendar,inconclusive,0.022977,0.141858
2026-07-22,cal_7738ecb1bc,turn_of_month_nasdaq,calendar,faded,0.000999,0.186813
2026-07-22,cal_79870937ed,world_cup_year_sp500,calendar,dead,0.014985,0.166833
2026-07-22,cal_7ded9a48d4,monthof_2_sp500,calendar,dead,0.143856,0.261738
2026-07-22,cal_82e1f1d8c9,pre_holiday_sp500,calendar,dead,0.087912,0.151848
2026-07-22,cal_85cc7cc6d7,dow_sp500,calendar,faded,0.000999,0.806194
2026-07-22,cal_8669d8c09d,monthof_11_sp500,calendar,dead,0.417582,0.158841
2026-07-22,cal_87670427d9,january_sp500,calendar,dead,0.147852,0.735265
2026-07-22,cal_8d5125126b,term_year3_sp500,calendar,inconclusive,0.04995,
2026-07-22,cal_8fe611a742,santa_nasdaq,calendar,dead,0.006993,0.186813
2026-07-22,cal_94c08fa012,santa_sp500,calendar,faded,0.000999,0.206793
2026-07-22,cal_ba8471031e,pre_fomc_sp500,calendar,dead,0.156843,0.160839
2026-07-22,cal_bbcc723bdf,decade_digit_sp500,calendar,inconclusive,0.163836,
2026-07-22,cal_bc77212229,sell_in_may_sp500,calendar,dead,0.071928,0.253746
2026-07-22,cal_c3a33a6db5,monthof_4_sp500,calendar,dead,0.193806,0.226773
2026-07-22,cal_c8b0832b2e,monthof_7_nasdaq,calendar,dead,0.882118,0.506494
2026-07-22,cal_d4de5634d3,september_nasdaq,calendar,dead,0.008991,0.022977
2026-07-22,cal_e041ed5979,monthof_3_nasdaq,calendar,dead,0.608392,0.812188
2026-07-22,cal_e3052fad5c,monthof_4_nasdaq,calendar,dead,0.422577,0.504496
2026-07-22,cal_ec09c00a99,presidential_cycle_sp500,calendar,inconclusive,0.300699,
2026-07-22,cal_f70ee53794,monthof_9_nasdaq,calendar,dead,0.013986,0.048951
2026-07-22,cal_f80dd36a7a,january_nasdaq,calendar,dead,0.023976,0.492507
2026-07-22,cal_f923f81493,september_sp500,calendar,survive,0.000999,0.037962
2026-07-22,fac_4beec74249,BTC_mom20_neg,factor,dead,0.002,0.002
2026-07-22,fac_70486895ee,dxy_rising,factor,dead,0.487,0.896
2026-07-22,fac_7578b1d58f,vix_backwardation,factor,dead,0.822,0.645
2026-07-22,fac_778b84a969,NASDAQ_mom20_neg,factor,dead,0.057,0.513
2026-07-22,fac_79cf4a9a7b,NASDAQ_above_ma200,factor,dead,0.008,0.08
2026-07-22,fac_a1bf6a105c,nasdaq_rsi_overbought,factor,dead,0.305,0.461
2026-07-22,fac_ab89704768,nasdaq_high_vol,factor,dead,0.003,0.907
2026-07-22,fac_bed960d3e2,NASDAQ_mom20_pos,factor,dead,0.391,0.645
2026-07-22,fac_c872e5eb69,BTC_above_ma200,factor,dead,0.141,0.091
2026-07-22,fac_cc60102eac,dxy_falling,factor,dead,0.782,0.868
2026-07-22,fac_d738a0c3fd,nasdaq_low_vol,factor,dead,0.29,0.684
2026-07-22,fac_d8a4f38258,overnight_mom_neg,factor,dead,0.295,0.396
2026-07-22,fac_dcbd9f57b5,overnight_mom_pos,factor,dead,0.295,0.396
2026-07-22,fac_e2be6309e8,nasdaq_rsi_oversold,factor,dead,0.578,0.471
2026-07-22,fac_f834dcf2c0,BTC_mom20_pos,factor,survive,0.0,0.0
2026-07-22,opt_13e0620c3f,total_pc_lo_h10,options_sentiment,dead,0.624,0.624
2026-07-22,opt_2bdac60949,total_pc_hi_h10,options_sentiment,dead,0.822,0.822
2026-07-22,opt_6b7c040f34,equity_pc_hi_h20,options_sentiment,dead,0.914,0.914
2026-07-22,opt_706c7e01ed,equity_pc_lo_h20,options_sentiment,dead,0.113,0.113
2026-07-22,opt_aad2768b05,total_pc_hi_h20,options_sentiment,dead,0.427,0.427
2026-07-22,opt_c8998dbbe6,equity_pc_lo_h10,options_sentiment,dead,0.748,0.748
2026-07-22,opt_d6053cc7a0,total_pc_lo_h20,options_sentiment,dead,0.411,0.411
2026-07-22,opt_f09bd225c9,equity_pc_hi_h10,options_sentiment,dead,0.501,0.501
2026-07-22,pos_0e8203cb20,legacy_noncomm_pct_oi_hi_h20_sp500,positioning,dead,0.777,0.777
2026-07-22,pos_3b1f2f7be5,legacy_noncomm_pct_oi_lo_h60_nasdaq100,positioning,survive,0.0,0.0
2026-07-22,pos_4503921189,legacy_noncomm_pct_oi_lo_h20_sp500,positioning,dead,0.281,0.281
2026-07-22,pos_46e606b679,tff_lev_net_pct_oi_hi_h60_sp500,positioning,dead,0.818,0.818
2026-07-22,pos_4f52a87fc8,tff_lev_net_pct_oi_hi_h20_sp500,positioning,dead,0.65,0.65
2026-07-22,pos_5618fa6478,tff_lev_net_pct_oi_lo_h60_nasdaq100,positioning,dead,0.005,0.005
2026-07-22,pos_566a8459e8,tff_lev_net_pct_oi_lo_h20_nasdaq100,positioning,dead,0.496,0.496
2026-07-22,pos_69b292d2ff,legacy_noncomm_pct_oi_lo_h20_nasdaq100,positioning,dead,0.079,0.079
2026-07-22,pos_74c61491cb,legacy_noncomm_pct_oi_hi_h20_nasdaq100,positioning,dead,0.217,0.217
2026-07-22,pos_771e2a7ea4,tff_lev_net_pct_oi_lo_h20_sp500,positioning,dead,0.02,0.02
2026-07-22,pos_951ab21851,tff_lev_net_pct_oi_lo_h60_sp500,positioning,dead,0.178,0.178
2026-07-22,pos_ad633d4d56,tff_lev_net_pct_oi_hi_h60_nasdaq100,positioning,dead,0.107,0.107
2026-07-22,pos_c5297400c9,legacy_noncomm_pct_oi_lo_h60_sp500,positioning,dead,0.652,0.652
2026-07-22,pos_d898f33d4c,tff_lev_net_pct_oi_hi_h20_nasdaq100,positioning,dead,0.197,0.197
2026-07-22,pos_f7aa0cde34,legacy_noncomm_pct_oi_hi_h60_sp500,positioning,dead,0.493,0.493
2026-07-22,pos_fb69e287a1,legacy_noncomm_pct_oi_hi_h60_nasdaq100,positioning,dead,0.917,0.917
2026-07-22,reb_018df927fb,p1_h5_sp500,rebound,dead,0.264,0.611
2026-07-22,reb_0b54f655e4,p10_h1_nasdaq,rebound,faded,0.0,0.33
2026-07-22,reb_183bf3c31c,p5_h1_sp500,rebound,dead,0.903,0.203
2026-07-22,reb_2617209d72,p10_h5_nasdaq,rebound,faded,0.001,0.246
2026-07-22,reb_2b218993db,p1_h5_nasdaq,rebound,dead,0.546,0.87
2026-07-22,reb_7155c924ca,p10_h1_sp500,rebound,dead,0.217,0.077
2026-07-22,reb_7e3e4a8d62,p1_h1_sp500,rebound,dead,0.252,0.512
2026-07-22,reb_8055fe6f4a,p1_h1_nasdaq,rebound,dead,0.249,0.471
2026-07-22,reb_91f1615526,p10_h5_sp500,rebound,dead,0.029,0.734
2026-07-22,reb_9adb2feef5,p5_h1_nasdaq,rebound,survive,0.0,0.093
2026-07-22,reb_b016e921c3,p5_h5_sp500,rebound,dead,0.366,0.691
2026-07-22,reb_b61bcf84d2,p5_h5_nasdaq,rebound,dead,0.032,0.083
2026-07-22,reg_74448026aa,golden_cross_sp500,regime,survive,0.0,0.021
2026-07-22,reg_9c0efb465b,golden_cross_nasdaq,regime,dead,0.066,0.063
2026-07-22,str_104f8d7bd8,break3_h1_nasdaq,streak_break,dead,0.805,0.384
2026-07-22,str_10ce6fe56e,down4_h1_nasdaq,streak_down,faded,0.0,0.748
2026-07-22,str_1560c11bbd,break5_h5_nasdaq,streak_break,dead,0.747,0.402
2026-07-22,str_16775f1703,break3_h5_nasdaq,streak_break,dead,0.585,0.451
2026-07-22,str_1b6fe1e8ca,down3_h5_sp500,streak_down,dead,0.217,0.847
2026-07-22,str_36b9f79448,down3_h1_nasdaq,streak_down,dead,0.042,0.515
2026-07-22,str_4320d0a275,break3_h5_sp500,streak_break,dead,0.763,0.508
2026-07-22,str_43ea43f9bc,down3_h20_nasdaq,streak_down,dead,0.011,0.175
2026-07-22,str_5824ee8bd5,break5_h5_sp500,streak_break,dead,0.929,0.817
2026-07-22,str_79e97ed91e,down5_h5_nasdaq,streak_down,dead,0.046,0.067
2026-07-22,str_7fd52c09bf,down5_h20_sp500,streak_down,dead,0.821,0.152
2026-07-22,str_7ff66aade6,break5_h1_sp500,streak_break,dead,0.28,0.768
2026-07-22,str_8969baac75,break3_h20_sp500,streak_break,dead,0.026,0.374
2026-07-22,str_8bc1b7d951,down3_h20_sp500,streak_down,dead,0.068,0.965
2026-07-22,str_8c2a185099,down5_h1_sp500,streak_down,dead,0.302,0.011
2026-07-22,str_947583c00a,break5_h20_nasdaq,streak_break,dead,0.19,0.863
2026-07-22,str_9638e678bf,down4_h20_sp500,streak_down,dead,0.471,0.037
2026-07-22,str_a754f69e1f,break5_h20_sp500,streak_break,dead,0.539,0.775
2026-07-22,str_b2f9430e92,down5_h1_nasdaq,streak_down,dead,0.762,0.129
2026-07-22,str_b6d73df6b9,down5_h5_sp500,streak_down,dead,0.609,0.037
2026-07-22,str_b725749b5b,down3_h1_sp500,streak_down,dead,0.348,0.074
2026-07-22,str_b847620031,down4_h5_sp500,streak_down,dead,0.975,0.057
2026-07-22,str_b8d9734d1a,down4_h20_nasdaq,streak_down,dead,0.227,0.86
2026-07-22,str_b916af0ac0,down4_h5_nasdaq,streak_down,dead,0.256,0.042
2026-07-22,str_baa87542e8,down5_h20_nasdaq,streak_down,dead,0.229,0.391
2026-07-22,str_be41d45643,down3_h5_nasdaq,streak_down,dead,0.008,0.698
2026-07-22,str_be73a914d2,down4_h1_sp500,streak_down,dead,0.75,0.164
2026-07-22,str_df987e7acf,break3_h1_sp500,streak_break,dead,0.081,0.211
2026-07-22,str_eaadd5b6d1,break5_h1_nasdaq,streak_break,dead,0.721,0.182
2026-07-22,str_ecf1394eae,break3_h20_nasdaq,streak_break,dead,0.013,0.222
2026-07-22,tra_085bba7150,n504_h126_low_sp500,trailing_extreme,dead,0.804,0.9284
2026-07-22,tra_089dcbd8a1,n252_h126_high_nasdaq,trailing_extreme,dead,0.163,0.221
2026-07-22,tra_1f25b3bd0f,n126_h63_high_nasdaq,trailing_extreme,dead,0.627,0.561
2026-07-22,tra_22e8f33640,n126_h63_low_sp500,trailing_extreme,dead,0.93,0.341
2026-07-22,tra_4ced8af588,n252_h126_high_sp500,trailing_extreme,dead,0.101,0.106
2026-07-22,tra_5711325073,n504_h126_high_sp500,trailing_extreme,dead,0.54,0.025
2026-07-22,tra_9006717c86,n63_h21_low_nasdaq,trailing_extreme,dead,0.485,0.17
2026-07-22,tra_93edbbb9e4,n63_h21_high_sp500,trailing_extreme,dead,0.255,0.239
2026-07-22,tra_a60deafb82,n63_h21_high_nasdaq,trailing_extreme,dead,0.236,0.946
2026-07-22,tra_ace02affa1,n63_h21_low_sp500,trailing_extreme,dead,0.212,0.657
2026-07-22,tra_c5a6e7707e,n126_h63_low_nasdaq,trailing_extreme,dead,0.154,0.005
2026-07-22,tra_c802f55825,n252_h126_low_nasdaq,trailing_extreme,dead,0.45,0.3382
2026-07-22,tra_e355b4c138,n252_h126_low_sp500,trailing_extreme,dead,0.975,0.627
2026-07-22,tra_f8f8b8c0db,n126_h63_high_sp500,trailing_extreme,dead,0.363,0.017
2026-07-23,cal_021d07d02a,monthof_10_sp500,calendar,dead,0.925075,0.537463
2026-07-23,cal_02b889c7e0,monthof_8_sp500,calendar,dead,0.94006,0.662338
2026-07-23,cal_05facdcc22,quarter_end_sp500,calendar,dead,0.773227,0.719281
2026-07-23,cal_0662569f50,monthof_12_nasdaq,calendar,dead,0.498501,0.679321
2026-07-23,cal_116d0565a8,quarter_end_nasdaq,calendar,dead,0.88012,0.426573
2026-07-23,cal_11bf800cae,world_cup_year_nasdaq,calendar,survive,0.000999,0.065934
2026-07-23,cal_146a3e8961,dow_nasdaq,calendar,faded,0.000999,0.643357
2026-07-23,cal_19104677ae,monthof_6_sp500,calendar,dead,0.803197,0.467532
2026-07-23,cal_216be59585,monthof_11_nasdaq,calendar,dead,0.154845,0.360639
2026-07-23,cal_2a991b85ee,sell_in_may_nasdaq,calendar,dead,0.025974,0.462537
2026-07-23,cal_2bf2b4d53f,monthof_9_sp500,calendar,survive,0.000999,0.052947
2026-07-23,cal_2de632e38b,monthof_6_nasdaq,calendar,dead,0.985015,0.887113
2026-07-23,cal_2e5f17d421,month_nasdaq,calendar,inconclusive,0.336663,0.62038
2026-07-23,cal_2e7a9a5ca1,monthof_3_sp500,calendar,dead,0.659341,0.775225
2026-07-23,cal_345031f898,monthof_5_nasdaq,calendar,dead,0.631369,0.629371
2026-07-23,cal_398f5c0e31,opex_week_nasdaq,calendar,dead,0.611389,0.674326
2026-07-23,cal_433ee46bbe,opex_week_sp500,calendar,dead,0.202797,0.685315
2026-07-23,cal_456e8c2d5e,monthof_12_sp500,calendar,dead,0.215784,0.982018
2026-07-23,cal_4a891b25f0,monthof_8_nasdaq,calendar,dead,0.345654,0.821179
2026-07-23,cal_4aa242d26e,monthof_5_sp500,calendar,dead,0.263736,0.832168
2026-07-23,cal_4bf363bd79,monthof_7_sp500,calendar,dead,0.074925,0.406593
2026-07-23,cal_527d0ae2db,monthof_1_nasdaq,calendar,dead,0.064935,0.931069
2026-07-23,cal_579e6e1355,monthof_2_nasdaq,calendar,dead,0.442557,0.336663
2026-07-23,cal_597774dc60,monthof_1_sp500,calendar,dead,0.281718,0.533467
2026-07-23,cal_5a22160179,turn_of_month_sp500,calendar,faded,0.000999,0.22977
2026-07-23,cal_6a08a2ccb6,pre_holiday_nasdaq,calendar,dead,0.135864,0.211788
2026-07-23,cal_6ebedbd943,monthof_10_nasdaq,calendar,dead,0.699301,0.360639
2026-07-23,cal_6f4b839635,pre_fomc_nasdaq,calendar,dead,0.305694,0.294705
2026-07-23,cal_7114c0729a,month_sp500,calendar,inconclusive,0.022977,0.143856
2026-07-23,cal_7738ecb1bc,turn_of_month_nasdaq,calendar,faded,0.000999,0.182817
2026-07-23,cal_79870937ed,world_cup_year_sp500,calendar,dead,0.015984,0.138861
2026-07-23,cal_7ded9a48d4,monthof_2_sp500,calendar,dead,0.143856,0.262737
2026-07-23,cal_82e1f1d8c9,pre_holiday_sp500,calendar,dead,0.086913,0.145854
2026-07-23,cal_85cc7cc6d7,dow_sp500,calendar,faded,0.000999,0.837163
2026-07-23,cal_8669d8c09d,monthof_11_sp500,calendar,dead,0.434565,0.161838
2026-07-23,cal_87670427d9,january_sp500,calendar,dead,0.14985,0.743257
2026-07-23,cal_8d5125126b,term_year3_sp500,calendar,inconclusive,0.04995,
2026-07-23,cal_8fe611a742,santa_nasdaq,calendar,dead,0.005994,0.196803
2026-07-23,cal_94c08fa012,santa_sp500,calendar,faded,0.000999,0.206793
2026-07-23,cal_ba8471031e,pre_fomc_sp500,calendar,dead,0.155844,0.156843
2026-07-23,cal_bbcc723bdf,decade_digit_sp500,calendar,inconclusive,0.163836,
2026-07-23,cal_bc77212229,sell_in_may_sp500,calendar,dead,0.073926,0.237762
2026-07-23,cal_c3a33a6db5,monthof_4_sp500,calendar,dead,0.203796,0.208791
2026-07-23,cal_c8b0832b2e,monthof_7_nasdaq,calendar,dead,0.817183,0.576424
2026-07-23,cal_d4de5634d3,september_nasdaq,calendar,dead,0.010989,0.021978
2026-07-23,cal_e041ed5979,monthof_3_nasdaq,calendar,dead,0.573427,0.786214
2026-07-23,cal_e3052fad5c,monthof_4_nasdaq,calendar,dead,0.433566,0.509491
2026-07-23,cal_ec09c00a99,presidential_cycle_sp500,calendar,inconclusive,0.300699,
2026-07-23,cal_f70ee53794,monthof_9_nasdaq,calendar,dead,0.020979,0.047952
2026-07-23,cal_f80dd36a7a,january_nasdaq,calendar,dead,0.024975,0.483516
2026-07-23,cal_f923f81493,september_sp500,calendar,survive,0.000999,0.028971
2026-07-23,fac_4beec74249,BTC_mom20_neg,factor,survive,0.001,0.002
2026-07-23,fac_70486895ee,dxy_rising,factor,dead,0.472,0.876
2026-07-23,fac_7578b1d58f,vix_backwardation,factor,dead,0.819,0.642
2026-07-23,fac_778b84a969,NASDAQ_mom20_neg,factor,dead,0.053,0.483
2026-07-23,fac_79cf4a9a7b,NASDAQ_above_ma200,factor,dead,0.01,0.085
2026-07-23,fac_a1bf6a105c,nasdaq_rsi_overbought,factor,dead,0.299,0.452
2026-07-23,fac_ab89704768,nasdaq_high_vol,factor,dead,0.003,0.928
2026-07-23,fac_bed960d3e2,NASDAQ_mom20_pos,factor,dead,0.386,0.65
2026-07-23,fac_c872e5eb69,BTC_above_ma200,factor,dead,0.135,0.093
2026-07-23,fac_cc60102eac,dxy_falling,factor,dead,0.787,0.861
2026-07-23,fac_d738a0c3fd,nasdaq_low_vol,factor,dead,0.291,0.68
2026-07-23,fac_d8a4f38258,overnight_mom_neg,factor,dead,0.291,0.407
2026-07-23,fac_dcbd9f57b5,overnight_mom_pos,factor,dead,0.291,0.407
2026-07-23,fac_e2be6309e8,nasdaq_rsi_oversold,factor,dead,0.567,0.471
2026-07-23,fac_f834dcf2c0,BTC_mom20_pos,factor,survive,0.0,0.0
2026-07-23,opt_13e0620c3f,total_pc_lo_h10,options_sentiment,dead,0.607,0.607
2026-07-23,opt_2bdac60949,total_pc_hi_h10,options_sentiment,dead,0.831,0.831
2026-07-23,opt_6b7c040f34,equity_pc_hi_h20,options_sentiment,dead,0.927,0.927
2026-07-23,opt_706c7e01ed,equity_pc_lo_h20,options_sentiment,dead,0.118,0.118
2026-07-23,opt_aad2768b05,total_pc_hi_h20,options_sentiment,dead,0.424,0.424
2026-07-23,opt_c8998dbbe6,equity_pc_lo_h10,options_sentiment,dead,0.757,0.757
2026-07-23,opt_d6053cc7a0,total_pc_lo_h20,options_sentiment,dead,0.402,0.402
2026-07-23,opt_f09bd225c9,equity_pc_hi_h10,options_sentiment,dead,0.516,0.516
2026-07-23,pos_0e8203cb20,legacy_noncomm_pct_oi_hi_h20_sp500,positioning,dead,0.776,0.776
2026-07-23,pos_3b1f2f7be5,legacy_noncomm_pct_oi_lo_h60_nasdaq100,positioning,survive,0.0,0.0
2026-07-23,pos_4503921189,legacy_noncomm_pct_oi_lo_h20_sp500,positioning,dead,0.287,0.287
2026-07-23,pos_46e606b679,tff_lev_net_pct_oi_hi_h60_sp500,positioning,dead,0.818,0.818
2026-07-23,pos_4f52a87fc8,tff_lev_net_pct_oi_hi_h20_sp500,positioning,dead,0.66,0.66
2026-07-23,pos_5618fa6478,tff_lev_net_pct_oi_lo_h60_nasdaq100,positioning,dead,0.006,0.006
2026-07-23,pos_566a8459e8,tff_lev_net_pct_oi_lo_h20_nasdaq100,positioning,dead,0.503,0.503
2026-07-23,pos_69b292d2ff,legacy_noncomm_pct_oi_lo_h20_nasdaq100,positioning,dead,0.086,0.086
2026-07-23,pos_74c61491cb,legacy_noncomm_pct_oi_hi_h20_nasdaq100,positioning,dead,0.217,0.217
2026-07-23,pos_771e2a7ea4,tff_lev_net_pct_oi_lo_h20_sp500,positioning,dead,0.022,0.022
2026-07-23,pos_951ab21851,tff_lev_net_pct_oi_lo_h60_sp500,positioning,dead,0.177,0.177
2026-07-23,pos_ad633d4d56,tff_lev_net_pct_oi_hi_h60_nasdaq100,positioning,dead,0.107,0.107
2026-07-23,pos_c5297400c9,legacy_noncomm_pct_oi_lo_h60_sp500,positioning,dead,0.649,0.649
2026-07-23,pos_d898f33d4c,tff_lev_net_pct_oi_hi_h20_nasdaq100,positioning,dead,0.198,0.198
2026-07-23,pos_f7aa0cde34,legacy_noncomm_pct_oi_hi_h60_sp500,positioning,dead,0.494,0.494
2026-07-23,pos_fb69e287a1,legacy_noncomm_pct_oi_hi_h60_nasdaq100,positioning,dead,0.919,0.919
2026-07-23,reb_018df927fb,p1_h5_sp500,rebound,dead,0.272,0.626
2026-07-23,reb_0b54f655e4,p10_h1_nasdaq,rebound,faded,0.0,0.339
2026-07-23,reb_183bf3c31c,p5_h1_sp500,rebound,dead,0.927,0.211
2026-07-23,reb_2617209d72,p10_h5_nasdaq,rebound,faded,0.0,0.23
2026-07-23,reb_2b218993db,p1_h5_nasdaq,rebound,dead,0.587,0.902
2026-07-23,reb_7155c924ca,p10_h1_sp500,rebound,dead,0.253,0.091
2026-07-23,reb_7e3e4a8d62,p1_h1_sp500,rebound,dead,0.284,0.503
2026-07-23,reb_8055fe6f4a,p1_h1_nasdaq,rebound,dead,0.227,0.485
2026-07-23,reb_91f1615526,p10_h5_sp500,rebound,dead,0.031,0.691
2026-07-23,reb_9adb2feef5,p5_h1_nasdaq,rebound,survive,0.0,0.089
2026-07-23,reb_b016e921c3,p5_h5_sp500,rebound,dead,0.365,0.672
2026-07-23,reb_b61bcf84d2,p5_h5_nasdaq,rebound,dead,0.043,0.079
2026-07-23,reg_74448026aa,golden_cross_sp500,regime,survive,0.001,0.018
2026-07-23,reg_9c0efb465b,golden_cross_nasdaq,regime,dead,0.074,0.06
2026-07-23,str_104f8d7bd8,break3_h1_nasdaq,streak_break,dead,0.781,0.415
2026-07-23,str_10ce6fe56e,down4_h1_nasdaq,streak_down,faded,0.001,0.749
2026-07-23,str_1560c11bbd,break5_h5_nasdaq,streak_break,dead,0.749,0.375
2026-07-23,str_16775f1703,break3_h5_nasdaq,streak_break,dead,0.59,0.457
2026-07-23,str_1b6fe1e8ca,down3_h5_sp500,streak_down,dead,0.244,0.844
2026-07-23,str_36b9f79448,down3_h1_nasdaq,streak_down,dead,0.043,0.505
2026-07-23,str_4320d0a275,break3_h5_sp500,streak_break,dead,0.759,0.508
2026-07-23,str_43ea43f9bc,down3_h20_nasdaq,streak_down,dead,0.012,0.142
2026-07-23,str_5824ee8bd5,break5_h5_sp500,streak_break,dead,0.905,0.826
2026-07-23,str_79e97ed91e,down5_h5_nasdaq,streak_down,dead,0.048,0.052
2026-07-23,str_7fd52c09bf,down5_h20_sp500,streak_down,dead,0.815,0.157
2026-07-23,str_7ff66aade6,break5_h1_sp500,streak_break,dead,0.286,0.736
2026-07-23,str_8969baac75,break3_h20_sp500,streak_break,dead,0.025,0.372
2026-07-23,str_8bc1b7d951,down3_h20_sp500,streak_down,dead,0.068,0.932
2026-07-23,str_8c2a185099,down5_h1_sp500,streak_down,dead,0.309,0.016
2026-07-23,str_947583c00a,break5_h20_nasdaq,streak_break,dead,0.171,0.857
2026-07-23,str_9638e678bf,down4_h20_sp500,streak_down,dead,0.477,0.039
2026-07-23,str_a754f69e1f,break5_h20_sp500,streak_break,dead,0.534,0.771
2026-07-23,str_b2f9430e92,down5_h1_nasdaq,streak_down,dead,0.782,0.111
2026-07-23,str_b6d73df6b9,down5_h5_sp500,streak_down,dead,0.611,0.033
2026-07-23,str_b725749b5b,down3_h1_sp500,streak_down,dead,0.376,0.071
2026-07-23,str_b847620031,down4_h5_sp500,streak_down,dead,0.959,0.048
2026-07-23,str_b8d9734d1a,down4_h20_nasdaq,streak_down,dead,0.234,0.845
2026-07-23,str_b916af0ac0,down4_h5_nasdaq,streak_down,dead,0.235,0.045
2026-07-23,str_baa87542e8,down5_h20_nasdaq,streak_down,dead,0.229,0.399
2026-07-23,str_be41d45643,down3_h5_nasdaq,streak_down,dead,0.008,0.727
2026-07-23,str_be73a914d2,down4_h1_sp500,streak_down,dead,0.731,0.164
2026-07-23,str_df987e7acf,break3_h1_sp500,streak_break,dead,0.095,0.208
2026-07-23,str_eaadd5b6d1,break5_h1_nasdaq,streak_break,dead,0.719,0.197
2026-07-23,str_ecf1394eae,break3_h20_nasdaq,streak_break,dead,0.014,0.215
2026-07-23,tra_085bba7150,n504_h126_low_sp500,trailing_extreme,dead,0.803,0.9294
2026-07-23,tra_089dcbd8a1,n252_h126_high_nasdaq,trailing_extreme,dead,0.162,0.22
2026-07-23,tra_1f25b3bd0f,n126_h63_high_nasdaq,trailing_extreme,dead,0.636,0.564
2026-07-23,tra_22e8f33640,n126_h63_low_sp500,trailing_extreme,dead,0.933,0.341
2026-07-23,tra_4ced8af588,n252_h126_high_sp500,trailing_extreme,dead,0.103,0.106
2026-07-23,tra_5711325073,n504_h126_high_sp500,trailing_extreme,dead,0.535,0.026
2026-07-23,tra_9006717c86,n63_h21_low_nasdaq,trailing_extreme,dead,0.483,0.171
2026-07-23,tra_93edbbb9e4,n63_h21_high_sp500,trailing_extreme,dead,0.259,0.229
2026-07-23,tra_a60deafb82,n63_h21_high_nasdaq,trailing_extreme,dead,0.243,0.926
2026-07-23,tra_ace02affa1,n63_h21_low_sp500,trailing_extreme,dead,0.213,0.656
2026-07-23,tra_c5a6e7707e,n126_h63_low_nasdaq,trailing_extreme,dead,0.158,0.005
2026-07-23,tra_c802f55825,n252_h126_low_nasdaq,trailing_extreme,dead,0.449,0.3382
2026-07-23,tra_e355b4c138,n252_h126_low_sp500,trailing_extreme,dead,0.97,0.628
2026-07-23,tra_f8f8b8c0db,n126_h63_high_sp500,trailing_extreme,dead,0.368,0.018
2026-07-28,cal_021d07d02a,monthof_10_sp500,calendar,dead,0.933067,0.513487
2026-07-28,cal_02b889c7e0,monthof_8_sp500,calendar,dead,0.931069,0.654346
2026-07-28,cal_05facdcc22,quarter_end_sp500,calendar,dead,0.804196,0.732268
2026-07-28,cal_0662569f50,monthof_12_nasdaq,calendar,dead,0.496503,0.691309
2026-07-28,cal_116d0565a8,quarter_end_nasdaq,calendar,dead,0.877123,0.414585
2026-07-28,cal_11bf800cae,world_cup_year_nasdaq,calendar,dead,0.001998,0.065934
2026-07-28,cal_146a3e8961,dow_nasdaq,calendar,faded,0.000999,0.636364
2026-07-28,cal_19104677ae,monthof_6_sp500,calendar,dead,0.811189,0.47952
2026-07-28,cal_216be59585,monthof_11_nasdaq,calendar,dead,0.15984,0.40959
2026-07-28,cal_2a991b85ee,sell_in_may_nasdaq,calendar,dead,0.032967,0.485514
2026-07-28,cal_2bf2b4d53f,monthof_9_sp500,calendar,dead,0.001998,0.03996
2026-07-28,cal_2de632e38b,monthof_6_nasdaq,calendar,dead,0.99001,0.872128
2026-07-28,cal_2e5f17d421,month_nasdaq,calendar,inconclusive,0.336663,0.623377
2026-07-28,cal_2e7a9a5ca1,monthof_3_sp500,calendar,dead,0.677323,0.757243
2026-07-28,cal_345031f898,monthof_5_nasdaq,calendar,dead,0.629371,0.634366
2026-07-28,cal_398f5c0e31,opex_week_nasdaq,calendar,dead,0.625375,0.685315
2026-07-28,cal_433ee46bbe,opex_week_sp500,calendar,dead,0.237762,0.694306
2026-07-28,cal_456e8c2d5e,monthof_12_sp500,calendar,dead,0.222777,0.976024
2026-07-28,cal_4a891b25f0,monthof_8_nasdaq,calendar,dead,0.354645,0.84016
2026-07-28,cal_4aa242d26e,monthof_5_sp500,calendar,dead,0.28971,0.847153
2026-07-28,cal_4bf363bd79,monthof_7_sp500,calendar,dead,0.071928,0.423576
2026-07-28,cal_527d0ae2db,monthof_1_nasdaq,calendar,dead,0.04995,0.923077
2026-07-28,cal_579e6e1355,monthof_2_nasdaq,calendar,dead,0.435564,0.325674
2026-07-28,cal_597774dc60,monthof_1_sp500,calendar,dead,0.28971,0.48951
2026-07-28,cal_5a22160179,turn_of_month_sp500,calendar,faded,0.000999,0.217782
2026-07-28,cal_6a08a2ccb6,pre_holiday_nasdaq,calendar,dead,0.123876,0.214785
2026-07-28,cal_6ebedbd943,monthof_10_nasdaq,calendar,dead,0.667333,0.366633
2026-07-28,cal_6f4b839635,pre_fomc_nasdaq,calendar,dead,0.276723,0.275724
2026-07-28,cal_7114c0729a,month_sp500,calendar,inconclusive,0.022977,0.143856
2026-07-28,cal_7738ecb1bc,turn_of_month_nasdaq,calendar,faded,0.000999,0.180819
2026-07-28,cal_79870937ed,world_cup_year_sp500,calendar,dead,0.016983,0.152847
2026-07-28,cal_7ded9a48d4,monthof_2_sp500,calendar,dead,0.150849,0.267732
2026-07-28,cal_82e1f1d8c9,pre_holiday_sp500,calendar,dead,0.074925,0.145854
2026-07-28,cal_85cc7cc6d7,dow_sp500,calendar,faded,0.000999,0.828172
2026-07-28,cal_8669d8c09d,monthof_11_sp500,calendar,dead,0.432567,0.134865
2026-07-28,cal_87670427d9,january_sp500,calendar,dead,0.156843,0.74026
2026-07-28,cal_8d5125126b,term_year3_sp500,calendar,inconclusive,0.04995,
2026-07-28,cal_8fe611a742,santa_nasdaq,calendar,dead,0.008991,0.210789
2026-07-28,cal_94c08fa012,santa_sp500,calendar,faded,0.000999,0.197802
2026-07-28,cal_ba8471031e,pre_fomc_sp500,calendar,dead,0.145854,0.166833
2026-07-28,cal_bbcc723bdf,decade_digit_sp500,calendar,inconclusive,0.163836,
2026-07-28,cal_bc77212229,sell_in_may_sp500,calendar,dead,0.068931,0.244755
2026-07-28,cal_c3a33a6db5,monthof_4_sp500,calendar,dead,0.210789,0.177822
2026-07-28,cal_c8b0832b2e,monthof_7_nasdaq,calendar,dead,0.796204,0.588412
2026-07-28,cal_d4de5634d3,september_nasdaq,calendar,dead,0.00999,0.024975
2026-07-28,cal_e041ed5979,monthof_3_nasdaq,calendar,dead,0.603397,0.795205
2026-07-28,cal_e3052fad5c,monthof_4_nasdaq,calendar,dead,0.401598,0.5005
2026-07-28,cal_ec09c00a99,presidential_cycle_sp500,calendar,inconclusive,0.300699,
2026-07-28,cal_f70ee53794,monthof_9_nasdaq,calendar,dead,0.015984,0.054945
2026-07-28,cal_f80dd36a7a,january_nasdaq,calendar,dead,0.021978,0.451548
2026-07-28,cal_f923f81493,september_sp500,calendar,survive,0.000999,0.031968
2026-07-28,fac_4beec74249,BTC_mom20_neg,factor,survive,0.0,0.002
2026-07-28,fac_70486895ee,dxy_rising,factor,dead,0.491,0.835
2026-07-28,fac_7578b1d58f,vix_backwardation,factor,dead,0.824,0.624
2026-07-28,fac_778b84a969,NASDAQ_mom20_neg,factor,dead,0.053,0.486
2026-07-28,fac_79cf4a9a7b,NASDAQ_above_ma200,factor,dead,0.009,0.094
2026-07-28,fac_a1bf6a105c,nasdaq_rsi_overbought,factor,dead,0.287,0.434
2026-07-28,fac_ab89704768,nasdaq_high_vol,factor,dead,0.003,0.918
2026-07-28,fac_bed960d3e2,NASDAQ_mom20_pos,factor,dead,0.405,0.635
2026-07-28,fac_c872e5eb69,BTC_above_ma200,factor,dead,0.124,0.095
2026-07-28,fac_cc60102eac,dxy_falling,factor,dead,0.766,0.88
2026-07-28,fac_d738a0c3fd,nasdaq_low_vol,factor,dead,0.276,0.673
2026-07-28,fac_d8a4f38258,overnight_mom_neg,factor,dead,0.296,0.423
2026-07-28,fac_dcbd9f57b5,overnight_mom_pos,factor,dead,0.296,0.423
2026-07-28,fac_e2be6309e8,nasdaq_rsi_oversold,factor,dead,0.564,0.498
2026-07-28,fac_f834dcf2c0,BTC_mom20_pos,factor,survive,0.0,0.0
2026-07-28,opt_13e0620c3f,total_pc_lo_h10,options_sentiment,dead,0.607,0.607
2026-07-28,opt_2bdac60949,total_pc_hi_h10,options_sentiment,dead,0.817,0.817
2026-07-28,opt_6b7c040f34,equity_pc_hi_h20,options_sentiment,dead,0.9,0.9
2026-07-28,opt_706c7e01ed,equity_pc_lo_h20,options_sentiment,dead,0.124,0.124
2026-07-28,opt_aad2768b05,total_pc_hi_h20,options_sentiment,dead,0.43,0.43
2026-07-28,opt_c8998dbbe6,equity_pc_lo_h10,options_sentiment,dead,0.738,0.738
2026-07-28,opt_d6053cc7a0,total_pc_lo_h20,options_sentiment,dead,0.42,0.42
2026-07-28,opt_f09bd225c9,equity_pc_hi_h10,options_sentiment,dead,0.539,0.539
2026-07-28,pos_0e8203cb20,legacy_noncomm_pct_oi_hi_h20_sp500,positioning,dead,0.78,0.78
2026-07-28,pos_3b1f2f7be5,legacy_noncomm_pct_oi_lo_h60_nasdaq100,positioning,survive,0.0,0.0
2026-07-28,pos_4503921189,legacy_noncomm_pct_oi_lo_h20_sp500,positioning,dead,0.283,0.283
2026-07-28,pos_46e606b679,tff_lev_net_pct_oi_hi_h60_sp500,positioning,dead,0.817,0.817
2026-07-28,pos_4f52a87fc8,tff_lev_net_pct_oi_hi_h20_sp500,positioning,dead,0.652,0.652
2026-07-28,pos_5618fa6478,tff_lev_net_pct_oi_lo_h60_nasdaq100,positioning,dead,0.008,0.008
2026-07-28,pos_566a8459e8,tff_lev_net_pct_oi_lo_h20_nasdaq100,positioning,dead,0.496,0.496
2026-07-28,pos_69b292d2ff,legacy_noncomm_pct_oi_lo_h20_nasdaq100,positioning,dead,0.097,0.097
2026-07-28,pos_74c61491cb,legacy_noncomm_pct_oi_hi_h20_nasdaq100,positioning,dead,0.217,0.217
2026-07-28,pos_771e2a7ea4,tff_lev_net_pct_oi_lo_h20_sp500,positioning,dead,0.021,0.021
2026-07-28,pos_951ab21851,tff_lev_net_pct_oi_lo_h60_sp500,positioning,dead,0.172,0.172
2026-07-28,pos_ad633d4d56,tff_lev_net_pct_oi_hi_h60_nasdaq100,positioning,dead,0.105,0.105
2026-07-28,pos_c5297400c9,legacy_noncomm_pct_oi_lo_h60_sp500,positioning,dead,0.65,0.65
2026-07-28,pos_d898f33d4c,tff_lev_net_pct_oi_hi_h20_nasdaq100,positioning,dead,0.204,0.204
2026-07-28,pos_f7aa0cde34,legacy_noncomm_pct_oi_hi_h60_sp500,positioning,dead,0.494,0.494
2026-07-28,pos_fb69e287a1,legacy_noncomm_pct_oi_hi_h60_nasdaq100,positioning,dead,0.921,0.921
2026-07-28,reb_018df927fb,p1_h5_sp500,rebound,dead,0.259,0.615
2026-07-28,reb_0b54f655e4,p10_h1_nasdaq,rebound,faded,0.0,0.318
2026-07-28,reb_183bf3c31c,p5_h1_sp500,rebound,dead,0.948,0.217
2026-07-28,reb_2617209d72,p10_h5_nasdaq,rebound,faded,0.001,0.218
2026-07-28,reb_2b218993db,p1_h5_nasdaq,rebound,dead,0.571,0.902
2026-07-28,reb_7155c924ca,p10_h1_sp500,rebound,dead,0.244,0.074
2026-07-28,reb_7e3e4a8d62,p1_h1_sp500,rebound,dead,0.252,0.532
2026-07-28,reb_8055fe6f4a,p1_h1_nasdaq,rebound,dead,0.249,0.475
2026-07-28,reb_91f1615526,p10_h5_sp500,rebound,dead,0.029,0.717
2026-07-28,reb_9adb2feef5,p5_h1_nasdaq,rebound,survive,0.0,0.093
2026-07-28,reb_b016e921c3,p5_h5_sp500,rebound,dead,0.358,0.666
2026-07-28,reb_b61bcf84d2,p5_h5_nasdaq,rebound,dead,0.032,0.067
2026-07-28,reg_74448026aa,golden_cross_sp500,regime,survive,0.001,0.019
2026-07-28,reg_9c0efb465b,golden_cross_nasdaq,regime,dead,0.071,0.056
2026-07-28,str_104f8d7bd8,break3_h1_nasdaq,streak_break,dead,0.833,0.41
2026-07-28,str_10ce6fe56e,down4_h1_nasdaq,streak_down,dead,0.003,0.782
2026-07-28,str_1560c11bbd,break5_h5_nasdaq,streak_break,dead,0.769,0.359
2026-07-28,str_16775f1703,break3_h5_nasdaq,streak_break,dead,0.607,0.458
2026-07-28,str_1b6fe1e8ca,down3_h5_sp500,streak_down,dead,0.236,0.883
2026-07-28,str_36b9f79448,down3_h1_nasdaq,streak_down,dead,0.029,0.517
2026-07-28,str_4320d0a275,break3_h5_sp500,streak_break,dead,0.742,0.51
2026-07-28,str_43ea43f9bc,down3_h20_nasdaq,streak_down,dead,0.01,0.154
2026-07-28,str_5824ee8bd5,break5_h5_sp500,streak_break,dead,0.9,0.855
2026-07-28,str_79e97ed91e,down5_h5_nasdaq,streak_down,dead,0.038,0.054
2026-07-28,str_7fd52c09bf,down5_h20_sp500,streak_down,dead,0.842,0.127
2026-07-28,str_7ff66aade6,break5_h1_sp500,streak_break,dead,0.254,0.723
2026-07-28,str_8969baac75,break3_h20_sp500,streak_break,dead,0.02,0.378
2026-07-28,str_8bc1b7d951,down3_h20_sp500,streak_down,dead,0.065,0.945
2026-07-28,str_8c2a185099,down5_h1_sp500,streak_down,dead,0.295,0.014
2026-07-28,str_947583c00a,break5_h20_nasdaq,streak_break,dead,0.177,0.868
2026-07-28,str_9638e678bf,down4_h20_sp500,streak_down,dead,0.451,0.035
2026-07-28,str_a754f69e1f,break5_h20_sp500,streak_break,dead,0.524,0.765
2026-07-28,str_b2f9430e92,down5_h1_nasdaq,streak_down,dead,0.749,0.113
2026-07-28,str_b6d73df6b9,down5_h5_sp500,streak_down,dead,0.594,0.024
2026-07-28,str_b725749b5b,down3_h1_sp500,streak_down,dead,0.361,0.07
2026-07-28,str_b847620031,down4_h5_sp500,streak_down,dead,0.966,0.046
2026-07-28,str_b8d9734d1a,down4_h20_nasdaq,streak_down,dead,0.216,0.775
2026-07-28,str_b916af0ac0,down4_h5_nasdaq,streak_down,dead,0.242,0.033
2026-07-28,str_baa87542e8,down5_h20_nasdaq,streak_down,dead,0.181,0.473
2026-07-28,str_be41d45643,down3_h5_nasdaq,streak_down,dead,0.013,0.787
2026-07-28,str_be73a914d2,down4_h1_sp500,streak_down,dead,0.769,0.156
2026-07-28,str_df987e7acf,break3_h1_sp500,streak_break,dead,0.084,0.172
2026-07-28,str_eaadd5b6d1,break5_h1_nasdaq,streak_break,dead,0.69,0.184
2026-07-28,str_ecf1394eae,break3_h20_nasdaq,streak_break,dead,0.01,0.233
2026-07-28,tra_085bba7150,n504_h126_low_sp500,trailing_extreme,dead,0.799,0.9294
2026-07-28,tra_089dcbd8a1,n252_h126_high_nasdaq,trailing_extreme,dead,0.165,0.219
2026-07-28,tra_1f25b3bd0f,n126_h63_high_nasdaq,trailing_extreme,dead,0.636,0.56
2026-07-28,tra_22e8f33640,n126_h63_low_sp500,trailing_extreme,dead,0.933,0.347
2026-07-28,tra_4ced8af588,n252_h126_high_sp500,trailing_extreme,dead,0.102,0.106
2026-07-28,tra_5711325073,n504_h126_high_sp500,trailing_extreme,dead,0.542,0.025
2026-07-28,tra_9006717c86,n63_h21_low_nasdaq,trailing_extreme,dead,0.482,0.174
2026-07-28,tra_93edbbb9e4,n63_h21_high_sp500,trailing_extreme,dead,0.248,0.217
2026-07-28,tra_a60deafb82,n63_h21_high_nasdaq,trailing_extreme,dead,0.251,0.906
2026-07-28,tra_ace02affa1,n63_h21_low_sp500,trailing_extreme,dead,0.21,0.659
2026-07-28,tra_c5a6e7707e,n126_h63_low_nasdaq,trailing_extreme,dead,0.161,0.004
2026-07-28,tra_c802f55825,n252_h126_low_nasdaq,trailing_extreme,dead,0.451,0.3382
2026-07-28,tra_e355b4c138,n252_h126_low_sp500,trailing_extreme,dead,0.972,0.622
2026-07-28,tra_f8f8b8c0db,n126_h63_high_sp500,trailing_extreme,dead,0.362,0.019
2026-07-29,cal_021d07d02a,monthof_10_sp500,calendar,dead,0.934066,0.513487
2026-07-29,cal_02b889c7e0,monthof_8_sp500,calendar,dead,0.932068,0.655345
2026-07-29,cal_05facdcc22,quarter_end_sp500,calendar,dead,0.801199,0.732268
2026-07-29,cal_0662569f50,monthof_12_nasdaq,calendar,dead,0.496503,0.693307
2026-07-29,cal_116d0565a8,quarter_end_nasdaq,calendar,dead,0.875125,0.414585
2026-07-29,cal_11bf800cae,world_cup_year_nasdaq,calendar,dead,0.001998,0.062937
2026-07-29,cal_146a3e8961,dow_nasdaq,calendar,faded,0.000999,0.64036
2026-07-29,cal_19104677ae,monthof_6_sp500,calendar,dead,0.81019,0.482517
2026-07-29,cal_216be59585,monthof_11_nasdaq,calendar,dead,0.15984,0.408591
2026-07-29,cal_2a991b85ee,sell_in_may_nasdaq,calendar,dead,0.032967,0.484515
2026-07-29,cal_2bf2b4d53f,monthof_9_sp500,calendar,dead,0.001998,0.03996
2026-07-29,cal_2de632e38b,monthof_6_nasdaq,calendar,dead,0.992008,0.871129
2026-07-29,cal_2e5f17d421,month_nasdaq,calendar,inconclusive,0.336663,0.622378
2026-07-29,cal_2e7a9a5ca1,monthof_3_sp500,calendar,dead,0.677323,0.756244
2026-07-29,cal_345031f898,monthof_5_nasdaq,calendar,dead,0.63037,0.634366
2026-07-29,cal_398f5c0e31,opex_week_nasdaq,calendar,dead,0.626374,0.688312
2026-07-29,cal_433ee46bbe,opex_week_sp500,calendar,dead,0.238761,0.702298
2026-07-29,cal_456e8c2d5e,monthof_12_sp500,calendar,dead,0.222777,0.977023
2026-07-29,cal_4a891b25f0,monthof_8_nasdaq,calendar,dead,0.354645,0.842158
2026-07-29,cal_4aa242d26e,monthof_5_sp500,calendar,dead,0.291708,0.845155
2026-07-29,cal_4bf363bd79,monthof_7_sp500,calendar,dead,0.072927,0.431568
2026-07-29,cal_527d0ae2db,monthof_1_nasdaq,calendar,dead,0.04995,0.923077
2026-07-29,cal_579e6e1355,monthof_2_nasdaq,calendar,dead,0.436563,0.326673
2026-07-29,cal_597774dc60,monthof_1_sp500,calendar,dead,0.28971,0.491508
2026-07-29,cal_5a22160179,turn_of_month_sp500,calendar,faded,0.000999,0.21978
2026-07-29,cal_6a08a2ccb6,pre_holiday_nasdaq,calendar,dead,0.123876,0.214785
2026-07-29,cal_6ebedbd943,monthof_10_nasdaq,calendar,dead,0.667333,0.366633
2026-07-29,cal_6f4b839635,pre_fomc_nasdaq,calendar,dead,0.301698,0.284715
2026-07-29,cal_7114c0729a,month_sp500,calendar,inconclusive,0.023976,0.145854
2026-07-29,cal_7738ecb1bc,turn_of_month_nasdaq,calendar,faded,0.000999,0.181818
2026-07-29,cal_79870937ed,world_cup_year_sp500,calendar,dead,0.016983,0.148851
2026-07-29,cal_7ded9a48d4,monthof_2_sp500,calendar,dead,0.150849,0.26973
2026-07-29,cal_82e1f1d8c9,pre_holiday_sp500,calendar,dead,0.074925,0.145854
2026-07-29,cal_85cc7cc6d7,dow_sp500,calendar,faded,0.000999,0.828172
2026-07-29,cal_8669d8c09d,monthof_11_sp500,calendar,dead,0.431568,0.131868
2026-07-29,cal_87670427d9,january_sp500,calendar,dead,0.156843,0.739261
2026-07-29,cal_8d5125126b,term_year3_sp500,calendar,inconclusive,0.04995,
2026-07-29,cal_8fe611a742,santa_nasdaq,calendar,dead,0.008991,0.208791
2026-07-29,cal_94c08fa012,santa_sp500,calendar,faded,0.000999,0.197802
2026-07-29,cal_ba8471031e,pre_fomc_sp500,calendar,dead,0.146853,0.166833
2026-07-29,cal_bbcc723bdf,decade_digit_sp500,calendar,inconclusive,0.163836,
2026-07-29,cal_bc77212229,sell_in_may_sp500,calendar,dead,0.068931,0.242757
2026-07-29,cal_c3a33a6db5,monthof_4_sp500,calendar,dead,0.210789,0.178821
2026-07-29,cal_c8b0832b2e,monthof_7_nasdaq,calendar,dead,0.787213,0.607393
2026-07-29,cal_d4de5634d3,september_nasdaq,calendar,dead,0.00999,0.024975
2026-07-29,cal_e041ed5979,monthof_3_nasdaq,calendar,dead,0.603397,0.795205
2026-07-29,cal_e3052fad5c,monthof_4_nasdaq,calendar,dead,0.3996,0.4995
2026-07-29,cal_ec09c00a99,presidential_cycle_sp500,calendar,inconclusive,0.300699,
2026-07-29,cal_f70ee53794,monthof_9_nasdaq,calendar,dead,0.015984,0.054945
2026-07-29,cal_f80dd36a7a,january_nasdaq,calendar,dead,0.021978,0.450549
2026-07-29,cal_f923f81493,september_sp500,calendar,survive,0.000999,0.031968
2026-07-29,fac_4beec74249,BTC_mom20_neg,factor,survive,0.0,0.002
2026-07-29,fac_70486895ee,dxy_rising,factor,dead,0.491,0.835
2026-07-29,fac_7578b1d58f,vix_backwardation,factor,dead,0.824,0.624
2026-07-29,fac_778b84a969,NASDAQ_mom20_neg,factor,dead,0.053,0.486
2026-07-29,fac_79cf4a9a7b,NASDAQ_above_ma200,factor,dead,0.009,0.094
2026-07-29,fac_a1bf6a105c,nasdaq_rsi_overbought,factor,dead,0.287,0.434
2026-07-29,fac_ab89704768,nasdaq_high_vol,factor,dead,0.003,0.918
2026-07-29,fac_bed960d3e2,NASDAQ_mom20_pos,factor,dead,0.405,0.635
2026-07-29,fac_c872e5eb69,BTC_above_ma200,factor,dead,0.124,0.095
2026-07-29,fac_cc60102eac,dxy_falling,factor,dead,0.766,0.88
2026-07-29,fac_d738a0c3fd,nasdaq_low_vol,factor,dead,0.276,0.673
2026-07-29,fac_d8a4f38258,overnight_mom_neg,factor,dead,0.296,0.423
2026-07-29,fac_dcbd9f57b5,overnight_mom_pos,factor,dead,0.296,0.423
2026-07-29,fac_e2be6309e8,nasdaq_rsi_oversold,factor,dead,0.564,0.498
2026-07-29,fac_f834dcf2c0,BTC_mom20_pos,factor,survive,0.0,0.0
2026-07-29,opt_13e0620c3f,total_pc_lo_h10,options_sentiment,dead,0.61,0.61
2026-07-29,opt_2bdac60949,total_pc_hi_h10,options_sentiment,dead,0.814,0.814
2026-07-29,opt_6b7c040f34,equity_pc_hi_h20,options_sentiment,dead,0.891,0.891
2026-07-29,opt_706c7e01ed,equity_pc_lo_h20,options_sentiment,dead,0.12,0.12
2026-07-29,opt_aad2768b05,total_pc_hi_h20,options_sentiment,dead,0.418,0.418
2026-07-29,opt_c8998dbbe6,equity_pc_lo_h10,options_sentiment,dead,0.762,0.762
2026-07-29,opt_d6053cc7a0,total_pc_lo_h20,options_sentiment,dead,0.405,0.405
2026-07-29,opt_f09bd225c9,equity_pc_hi_h10,options_sentiment,dead,0.54,0.54
2026-07-29,pos_0e8203cb20,legacy_noncomm_pct_oi_hi_h20_sp500,positioning,dead,0.78,0.78
2026-07-29,pos_3b1f2f7be5,legacy_noncomm_pct_oi_lo_h60_nasdaq100,positioning,survive,0.0,0.0
2026-07-29,pos_4503921189,legacy_noncomm_pct_oi_lo_h20_sp500,positioning,dead,0.283,0.283
2026-07-29,pos_46e606b679,tff_lev_net_pct_oi_hi_h60_sp500,positioning,dead,0.817,0.817
2026-07-29,pos_4f52a87fc8,tff_lev_net_pct_oi_hi_h20_sp500,positioning,dead,0.652,0.652
2026-07-29,pos_5618fa6478,tff_lev_net_pct_oi_lo_h60_nasdaq100,positioning,dead,0.008,0.008
2026-07-29,pos_566a8459e8,tff_lev_net_pct_oi_lo_h20_nasdaq100,positioning,dead,0.496,0.496
2026-07-29,pos_69b292d2ff,legacy_noncomm_pct_oi_lo_h20_nasdaq100,positioning,dead,0.097,0.097
2026-07-29,pos_74c61491cb,legacy_noncomm_pct_oi_hi_h20_nasdaq100,positioning,dead,0.217,0.217
2026-07-29,pos_771e2a7ea4,tff_lev_net_pct_oi_lo_h20_sp500,positioning,dead,0.021,0.021
2026-07-29,pos_951ab21851,tff_lev_net_pct_oi_lo_h60_sp500,positioning,dead,0.172,0.172
2026-07-29,pos_ad633d4d56,tff_lev_net_pct_oi_hi_h60_nasdaq100,positioning,dead,0.105,0.105
2026-07-29,pos_c5297400c9,legacy_noncomm_pct_oi_lo_h60_sp500,positioning,dead,0.65,0.65
2026-07-29,pos_d898f33d4c,tff_lev_net_pct_oi_hi_h20_nasdaq100,positioning,dead,0.204,0.204
2026-07-29,pos_f7aa0cde34,legacy_noncomm_pct_oi_hi_h60_sp500,positioning,dead,0.494,0.494
2026-07-29,pos_fb69e287a1,legacy_noncomm_pct_oi_hi_h60_nasdaq100,positioning,dead,0.922,0.922
2026-07-29,reb_018df927fb,p1_h5_sp500,rebound,dead,0.259,0.615
2026-07-29,reb_0b54f655e4,p10_h1_nasdaq,rebound,faded,0.0,0.318
2026-07-29,reb_183bf3c31c,p5_h1_sp500,rebound,dead,0.951,0.213
2026-07-29,reb_2617209d72,p10_h5_nasdaq,rebound,faded,0.001,0.218
2026-07-29,reb_2b218993db,p1_h5_nasdaq,rebound,dead,0.571,0.902
2026-07-29,reb_7155c924ca,p10_h1_sp500,rebound,dead,0.244,0.073
2026-07-29,reb_7e3e4a8d62,p1_h1_sp500,rebound,dead,0.252,0.531
2026-07-29,reb_8055fe6f4a,p1_h1_nasdaq,rebound,dead,0.249,0.475
2026-07-29,reb_91f1615526,p10_h5_sp500,rebound,dead,0.029,0.717
2026-07-29,reb_9adb2feef5,p5_h1_nasdaq,rebound,survive,0.0,0.093
2026-07-29,reb_b016e921c3,p5_h5_sp500,rebound,dead,0.358,0.666
2026-07-29,reb_b61bcf84d2,p5_h5_nasdaq,rebound,dead,0.032,0.067
2026-07-29,reg_74448026aa,golden_cross_sp500,regime,survive,0.001,0.019
2026-07-29,reg_9c0efb465b,golden_cross_nasdaq,regime,dead,0.071,0.056
2026-07-29,str_104f8d7bd8,break3_h1_nasdaq,streak_break,dead,0.833,0.41
2026-07-29,str_10ce6fe56e,down4_h1_nasdaq,streak_down,dead,0.003,0.782
2026-07-29,str_1560c11bbd,break5_h5_nasdaq,streak_break,dead,0.769,0.359
2026-07-29,str_16775f1703,break3_h5_nasdaq,streak_break,dead,0.607,0.458
2026-07-29,str_1b6fe1e8ca,down3_h5_sp500,streak_down,dead,0.236,0.883
2026-07-29,str_36b9f79448,down3_h1_nasdaq,streak_down,dead,0.029,0.517
2026-07-29,str_4320d0a275,break3_h5_sp500,streak_break,dead,0.742,0.51
2026-07-29,str_43ea43f9bc,down3_h20_nasdaq,streak_down,dead,0.01,0.154
2026-07-29,str_5824ee8bd5,break5_h5_sp500,streak_break,dead,0.9,0.855
2026-07-29,str_79e97ed91e,down5_h5_nasdaq,streak_down,dead,0.038,0.054
2026-07-29,str_7fd52c09bf,down5_h20_sp500,streak_down,dead,0.842,0.127
2026-07-29,str_7ff66aade6,break5_h1_sp500,streak_break,dead,0.254,0.725
2026-07-29,str_8969baac75,break3_h20_sp500,streak_break,dead,0.02,0.378
2026-07-29,str_8bc1b7d951,down3_h20_sp500,streak_down,dead,0.065,0.945
2026-07-29,str_8c2a185099,down5_h1_sp500,streak_down,dead,0.294,0.014
2026-07-29,str_947583c00a,break5_h20_nasdaq,streak_break,dead,0.177,0.868
2026-07-29,str_9638e678bf,down4_h20_sp500,streak_down,dead,0.451,0.035
2026-07-29,str_a754f69e1f,break5_h20_sp500,streak_break,dead,0.524,0.765
2026-07-29,str_b2f9430e92,down5_h1_nasdaq,streak_down,dead,0.749,0.113
2026-07-29,str_b6d73df6b9,down5_h5_sp500,streak_down,dead,0.594,0.024
2026-07-29,str_b725749b5b,down3_h1_sp500,streak_down,dead,0.36,0.07
2026-07-29,str_b847620031,down4_h5_sp500,streak_down,dead,0.966,0.046
2026-07-29,str_b8d9734d1a,down4_h20_nasdaq,streak_down,dead,0.216,0.775
2026-07-29,str_b916af0ac0,down4_h5_nasdaq,streak_down,dead,0.242,0.033
2026-07-29,str_baa87542e8,down5_h20_nasdaq,streak_down,dead,0.181,0.473
2026-07-29,str_be41d45643,down3_h5_nasdaq,streak_down,dead,0.013,0.787
2026-07-29,str_be73a914d2,down4_h1_sp500,streak_down,dead,0.771,0.154
2026-07-29,str_df987e7acf,break3_h1_sp500,streak_break,dead,0.083,0.175
2026-07-29,str_eaadd5b6d1,break5_h1_nasdaq,streak_break,dead,0.69,0.184
2026-07-29,str_ecf1394eae,break3_h20_nasdaq,streak_break,dead,0.01,0.233
2026-07-29,tra_085bba7150,n504_h126_low_sp500,trailing_extreme,dead,0.799,0.9294
2026-07-29,tra_089dcbd8a1,n252_h126_high_nasdaq,trailing_extreme,dead,0.165,0.219
2026-07-29,tra_1f25b3bd0f,n126_h63_high_nasdaq,trailing_extreme,dead,0.636,0.56
2026-07-29,tra_22e8f33640,n126_h63_low_sp500,trailing_extreme,dead,0.933,0.347
2026-07-29,tra_4ced8af588,n252_h126_high_sp500,trailing_extreme,dead,0.102,0.106
2026-07-29,tra_5711325073,n504_h126_high_sp500,trailing_extreme,dead,0.542,0.025
2026-07-29,tra_9006717c86,n63_h21_low_nasdaq,trailing_extreme,dead,0.482,0.174
2026-07-29,tra_93edbbb9e4,n63_h21_high_sp500,trailing_extreme,dead,0.248,0.217
2026-07-29,tra_a60deafb82,n63_h21_high_nasdaq,trailing_extreme,dead,0.251,0.906
2026-07-29,tra_ace02affa1,n63_h21_low_sp500,trailing_extreme,dead,0.21,0.659
2026-07-29,tra_c5a6e7707e,n126_h63_low_nasdaq,trailing_extreme,dead,0.161,0.004
2026-07-29,tra_c802f55825,n252_h126_low_nasdaq,trailing_extreme,dead,0.451,0.3382
2026-07-29,tra_e355b4c138,n252_h126_low_sp500,trailing_extreme,dead,0.972,0.622
2026-07-29,tra_f8f8b8c0db,n126_h63_high_sp500,trailing_extreme,dead,0.362,0.019
2026-07-30,cal_021d07d02a,monthof_10_sp500,calendar,dead,0.937063,0.482517
2026-07-30,cal_02b889c7e0,monthof_8_sp500,calendar,dead,0.935065,0.677323
2026-07-30,cal_05facdcc22,quarter_end_sp500,calendar,dead,0.789211,0.701299
2026-07-30,cal_0662569f50,monthof_12_nasdaq,calendar,dead,0.493506,0.67033
2026-07-30,cal_116d0565a8,quarter_end_nasdaq,calendar,dead,0.889111,0.410589
2026-07-30,cal_11bf800cae,world_cup_year_nasdaq,calendar,dead,0.003996,0.075924
2026-07-30,cal_146a3e8961,dow_nasdaq,calendar,faded,0.000999,0.616384
2026-07-30,cal_19104677ae,monthof_6_sp500,calendar,dead,0.803197,0.468531
2026-07-30,cal_216be59585,monthof_11_nasdaq,calendar,dead,0.195804,0.370629
2026-07-30,cal_2a991b85ee,sell_in_may_nasdaq,calendar,dead,0.024975,0.52048
2026-07-30,cal_2bf2b4d53f,monthof_9_sp500,calendar,survive,0.000999,0.071928
2026-07-30,cal_2de632e38b,monthof_6_nasdaq,calendar,dead,0.974026,0.845155
2026-07-30,cal_2e5f17d421,month_nasdaq,calendar,inconclusive,0.336663,0.619381
2026-07-30,cal_2e7a9a5ca1,monthof_3_sp500,calendar,dead,0.661339,0.754246
2026-07-30,cal_345031f898,monthof_5_nasdaq,calendar,dead,0.595405,0.612388
2026-07-30,cal_398f5c0e31,opex_week_nasdaq,calendar,dead,0.614386,0.697303
2026-07-30,cal_433ee46bbe,opex_week_sp500,calendar,dead,0.237762,0.675325
2026-07-30,cal_456e8c2d5e,monthof_12_sp500,calendar,dead,0.212787,0.971029
2026-07-30,cal_4a891b25f0,monthof_8_nasdaq,calendar,dead,0.310689,0.838162
2026-07-30,cal_4aa242d26e,monthof_5_sp500,calendar,dead,0.302697,0.857143
2026-07-30,cal_4bf363bd79,monthof_7_sp500,calendar,dead,0.070929,0.422577
2026-07-30,cal_527d0ae2db,monthof_1_nasdaq,calendar,dead,0.046953,0.926074
2026-07-30,cal_579e6e1355,monthof_2_nasdaq,calendar,dead,0.43956,0.317682
2026-07-30,cal_597774dc60,monthof_1_sp500,calendar,dead,0.30969,0.525475
2026-07-30,cal_5a22160179,turn_of_month_sp500,calendar,faded,0.000999,0.214785
2026-07-30,cal_6a08a2ccb6,pre_holiday_nasdaq,calendar,dead,0.127872,0.222777
2026-07-30,cal_6ebedbd943,monthof_10_nasdaq,calendar,dead,0.66034,0.383616
2026-07-30,cal_6f4b839635,pre_fomc_nasdaq,calendar,dead,0.272727,0.318681
2026-07-30,cal_7114c0729a,month_sp500,calendar,inconclusive,0.022977,0.144855
2026-07-30,cal_7738ecb1bc,turn_of_month_nasdaq,calendar,faded,0.000999,0.16983
2026-07-30,cal_79870937ed,world_cup_year_sp500,calendar,dead,0.014985,0.162837
2026-07-30,cal_7ded9a48d4,monthof_2_sp500,calendar,dead,0.180819,0.256743
2026-07-30,cal_82e1f1d8c9,pre_holiday_sp500,calendar,dead,0.097902,0.134865
2026-07-30,cal_85cc7cc6d7,dow_sp500,calendar,faded,0.000999,0.836164
2026-07-30,cal_8669d8c09d,monthof_11_sp500,calendar,dead,0.408591,0.134865
2026-07-30,cal_87670427d9,january_sp500,calendar,dead,0.147852,0.72028
2026-07-30,cal_8d5125126b,term_year3_sp500,calendar,inconclusive,0.04995,
2026-07-30,cal_8fe611a742,santa_nasdaq,calendar,dead,0.006993,0.218781
2026-07-30,cal_94c08fa012,santa_sp500,calendar,faded,0.000999,0.1998
2026-07-30,cal_ba8471031e,pre_fomc_sp500,calendar,dead,0.171828,0.161838
2026-07-30,cal_bbcc723bdf,decade_digit_sp500,calendar,inconclusive,0.163836,
2026-07-30,cal_bc77212229,sell_in_may_sp500,calendar,dead,0.06993,0.230769
2026-07-30,cal_c3a33a6db5,monthof_4_sp500,calendar,dead,0.1998,0.210789
2026-07-30,cal_c8b0832b2e,monthof_7_nasdaq,calendar,dead,0.801199,0.578422
2026-07-30,cal_d4de5634d3,september_nasdaq,calendar,dead,0.005994,0.031968
2026-07-30,cal_e041ed5979,monthof_3_nasdaq,calendar,dead,0.609391,0.823177
2026-07-30,cal_e3052fad5c,monthof_4_nasdaq,calendar,dead,0.410589,0.501499
2026-07-30,cal_ec09c00a99,presidential_cycle_sp500,calendar,inconclusive,0.300699,
2026-07-30,cal_f70ee53794,monthof_9_nasdaq,calendar,dead,0.015984,0.046953
2026-07-30,cal_f80dd36a7a,january_nasdaq,calendar,dead,0.027972,0.464535
2026-07-30,cal_f923f81493,september_sp500,calendar,survive,0.000999,0.024975
2026-07-30,fac_4beec74249,BTC_mom20_neg,factor,survive,0.001,0.004
2026-07-30,fac_70486895ee,dxy_rising,factor,dead,0.477,0.732
2026-07-30,fac_7578b1d58f,vix_backwardation,factor,dead,0.825,0.641
2026-07-30,fac_778b84a969,NASDAQ_mom20_neg,factor,dead,0.053,0.509
2026-07-30,fac_79cf4a9a7b,NASDAQ_above_ma200,factor,dead,0.009,0.098
2026-07-30,fac_a1bf6a105c,nasdaq_rsi_overbought,factor,dead,0.268,0.393
2026-07-30,fac_ab89704768,nasdaq_high_vol,factor,dead,0.003,0.937
2026-07-30,fac_bed960d3e2,NASDAQ_mom20_pos,factor,dead,0.406,0.63
2026-07-30,fac_c872e5eb69,BTC_above_ma200,factor,dead,0.113,0.091
2026-07-30,fac_cc60102eac,dxy_falling,factor,dead,0.768,0.896
2026-07-30,fac_d738a0c3fd,nasdaq_low_vol,factor,dead,0.274,0.635
2026-07-30,fac_d8a4f38258,overnight_mom_neg,factor,dead,0.322,0.417
2026-07-30,fac_dcbd9f57b5,overnight_mom_pos,factor,dead,0.322,0.417
2026-07-30,fac_e2be6309e8,nasdaq_rsi_oversold,factor,dead,0.575,0.459
2026-07-30,fac_f834dcf2c0,BTC_mom20_pos,factor,survive,0.0,0.001
2026-07-30,opt_13e0620c3f,total_pc_lo_h10,options_sentiment,dead,0.619,0.619
2026-07-30,opt_2bdac60949,total_pc_hi_h10,options_sentiment,dead,0.824,0.824
2026-07-30,opt_6b7c040f34,equity_pc_hi_h20,options_sentiment,dead,0.944,0.944
2026-07-30,opt_706c7e01ed,equity_pc_lo_h20,options_sentiment,dead,0.114,0.114
2026-07-30,opt_aad2768b05,total_pc_hi_h20,options_sentiment,dead,0.38,0.38
2026-07-30,opt_c8998dbbe6,equity_pc_lo_h10,options_sentiment,dead,0.773,0.773
2026-07-30,opt_d6053cc7a0,total_pc_lo_h20,options_sentiment,dead,0.401,0.401
2026-07-30,opt_f09bd225c9,equity_pc_hi_h10,options_sentiment,dead,0.512,0.512
2026-07-30,pos_0e8203cb20,legacy_noncomm_pct_oi_hi_h20_sp500,positioning,dead,0.813,0.813
2026-07-30,pos_3b1f2f7be5,legacy_noncomm_pct_oi_lo_h60_nasdaq100,positioning,survive,0.0,0.0
2026-07-30,pos_4503921189,legacy_noncomm_pct_oi_lo_h20_sp500,positioning,dead,0.312,0.312
2026-07-30,pos_46e606b679,tff_lev_net_pct_oi_hi_h60_sp500,positioning,dead,0.821,0.821
2026-07-30,pos_4f52a87fc8,tff_lev_net_pct_oi_hi_h20_sp500,positioning,dead,0.662,0.662
2026-07-30,pos_5618fa6478,tff_lev_net_pct_oi_lo_h60_nasdaq100,positioning,dead,0.009,0.009
2026-07-30,pos_566a8459e8,tff_lev_net_pct_oi_lo_h20_nasdaq100,positioning,dead,0.495,0.495
2026-07-30,pos_69b292d2ff,legacy_noncomm_pct_oi_lo_h20_nasdaq100,positioning,dead,0.117,0.117
2026-07-30,pos_74c61491cb,legacy_noncomm_pct_oi_hi_h20_nasdaq100,positioning,dead,0.217,0.217
2026-07-30,pos_771e2a7ea4,tff_lev_net_pct_oi_lo_h20_sp500,positioning,dead,0.024,0.024
2026-07-30,pos_951ab21851,tff_lev_net_pct_oi_lo_h60_sp500,positioning,dead,0.174,0.174
2026-07-30,pos_ad633d4d56,tff_lev_net_pct_oi_hi_h60_nasdaq100,positioning,dead,0.11,0.11
2026-07-30,pos_c5297400c9,legacy_noncomm_pct_oi_lo_h60_sp500,positioning,dead,0.658,0.658
2026-07-30,pos_d898f33d4c,tff_lev_net_pct_oi_hi_h20_nasdaq100,positioning,dead,0.207,0.207
2026-07-30,pos_f7aa0cde34,legacy_noncomm_pct_oi_hi_h60_sp500,positioning,dead,0.484,0.484
2026-07-30,pos_fb69e287a1,legacy_noncomm_pct_oi_hi_h60_nasdaq100,positioning,dead,0.92,0.92
2026-07-30,reb_018df927fb,p1_h5_sp500,rebound,dead,0.254,0.573
2026-07-30,reb_0b54f655e4,p10_h1_nasdaq,rebound,faded,0.0,0.335
2026-07-30,reb_183bf3c31c,p5_h1_sp500,rebound,dead,0.951,0.235
2026-07-30,reb_2617209d72,p10_h5_nasdaq,rebound,dead,0.002,0.203
2026-07-30,reb_2b218993db,p1_h5_nasdaq,rebound,dead,0.545,0.92
2026-07-30,reb_7155c924ca,p10_h1_sp500,rebound,dead,0.264,0.087
2026-07-30,reb_7e3e4a8d62,p1_h1_sp500,rebound,dead,0.268,0.502
2026-07-30,reb_8055fe6f4a,p1_h1_nasdaq,rebound,dead,0.236,0.501
2026-07-30,reb_91f1615526,p10_h5_sp500,rebound,dead,0.028,0.734
2026-07-30,reb_9adb2feef5,p5_h1_nasdaq,rebound,survive,0.0,0.096
2026-07-30,reb_b016e921c3,p5_h5_sp500,rebound,dead,0.372,0.647
2026-07-30,reb_b61bcf84d2,p5_h5_nasdaq,rebound,dead,0.037,0.078
2026-07-30,reg_74448026aa,golden_cross_sp500,regime,survive,0.0,0.018
2026-07-30,reg_9c0efb465b,golden_cross_nasdaq,regime,dead,0.073,0.071
2026-07-30,str_104f8d7bd8,break3_h1_nasdaq,streak_break,dead,0.79,0.422
2026-07-30,str_10ce6fe56e,down4_h1_nasdaq,streak_down,faded,0.001,0.722
2026-07-30,str_1560c11bbd,break5_h5_nasdaq,streak_break,dead,0.828,0.376
2026-07-30,str_16775f1703,break3_h5_nasdaq,streak_break,dead,0.595,0.473
2026-07-30,str_1b6fe1e8ca,down3_h5_sp500,streak_down,dead,0.227,0.86
2026-07-30,str_36b9f79448,down3_h1_nasdaq,streak_down,dead,0.038,0.566
2026-07-30,str_4320d0a275,break3_h5_sp500,streak_break,dead,0.786,0.485
2026-07-30,str_43ea43f9bc,down3_h20_nasdaq,streak_down,dead,0.008,0.14
2026-07-30,str_5824ee8bd5,break5_h5_sp500,streak_break,dead,0.903,0.863
2026-07-30,str_79e97ed91e,down5_h5_nasdaq,streak_down,dead,0.048,0.051
2026-07-30,str_7fd52c09bf,down5_h20_sp500,streak_down,dead,0.844,0.118
2026-07-30,str_7ff66aade6,break5_h1_sp500,streak_break,dead,0.25,0.78
2026-07-30,str_8969baac75,break3_h20_sp500,streak_break,dead,0.018,0.329
2026-07-30,str_8bc1b7d951,down3_h20_sp500,streak_down,dead,0.068,0.903
2026-07-30,str_8c2a185099,down5_h1_sp500,streak_down,dead,0.288,0.021
2026-07-30,str_947583c00a,break5_h20_nasdaq,streak_break,dead,0.156,0.736
2026-07-30,str_9638e678bf,down4_h20_sp500,streak_down,dead,0.442,0.03
2026-07-30,str_a754f69e1f,break5_h20_sp500,streak_break,dead,0.474,0.909
2026-07-30,str_b2f9430e92,down5_h1_nasdaq,streak_down,dead,0.688,0.133
2026-07-30,str_b6d73df6b9,down5_h5_sp500,streak_down,dead,0.604,0.024
2026-07-30,str_b725749b5b,down3_h1_sp500,streak_down,dead,0.345,0.069
2026-07-30,str_b847620031,down4_h5_sp500,streak_down,dead,0.978,0.056
2026-07-30,str_b8d9734d1a,down4_h20_nasdaq,streak_down,dead,0.234,0.776
2026-07-30,str_b916af0ac0,down4_h5_nasdaq,streak_down,dead,0.26,0.032
2026-07-30,str_baa87542e8,down5_h20_nasdaq,streak_down,dead,0.183,0.471
2026-07-30,str_be41d45643,down3_h5_nasdaq,streak_down,dead,0.006,0.76
2026-07-30,str_be73a914d2,down4_h1_sp500,streak_down,dead,0.725,0.166
2026-07-30,str_df987e7acf,break3_h1_sp500,streak_break,dead,0.087,0.197
2026-07-30,str_eaadd5b6d1,break5_h1_nasdaq,streak_break,dead,0.721,0.193
2026-07-30,str_ecf1394eae,break3_h20_nasdaq,streak_break,dead,0.017,0.188
2026-07-30,tra_085bba7150,n504_h126_low_sp500,trailing_extreme,dead,0.795,0.9304
2026-07-30,tra_089dcbd8a1,n252_h126_high_nasdaq,trailing_extreme,dead,0.163,0.218
2026-07-30,tra_1f25b3bd0f,n126_h63_high_nasdaq,trailing_extreme,dead,0.631,0.56
2026-07-30,tra_22e8f33640,n126_h63_low_sp500,trailing_extreme,dead,0.929,0.349
2026-07-30,tra_4ced8af588,n252_h126_high_sp500,trailing_extreme,dead,0.101,0.103
2026-07-30,tra_5711325073,n504_h126_high_sp500,trailing_extreme,dead,0.538,0.023
2026-07-30,tra_9006717c86,n63_h21_low_nasdaq,trailing_extreme,dead,0.485,0.178
2026-07-30,tra_93edbbb9e4,n63_h21_high_sp500,trailing_extreme,dead,0.25,0.237
2026-07-30,tra_a60deafb82,n63_h21_high_nasdaq,trailing_extreme,dead,0.27,0.841
2026-07-30,tra_ace02affa1,n63_h21_low_sp500,trailing_extreme,dead,0.214,0.66
2026-07-30,tra_c5a6e7707e,n126_h63_low_nasdaq,trailing_extreme,dead,0.161,0.004
2026-07-30,tra_c802f55825,n252_h126_low_nasdaq,trailing_extreme,dead,0.449,0.3382
2026-07-30,tra_e355b4c138,n252_h126_low_sp500,trailing_extreme,dead,0.965,0.621
2026-07-30,tra_f8f8b8c0db,n126_h63_high_sp500,trailing_extreme,dead,0.362,0.017
2026-07-31,cal_021d07d02a,monthof_10_sp500,calendar,dead,0.92008,0.4995
2026-07-31,cal_02b889c7e0,monthof_8_sp500,calendar,dead,0.93007,0.681319
2026-07-31,cal_05facdcc22,quarter_end_sp500,calendar,dead,0.791209,0.727273
2026-07-31,cal_0662569f50,monthof_12_nasdaq,calendar,dead,0.494505,0.689311
2026-07-31,cal_116d0565a8,quarter_end_nasdaq,calendar,dead,0.888112,0.428571
2026-07-31,cal_11bf800cae,world_cup_year_nasdaq,calendar,dead,0.002997,0.067932
2026-07-31,cal_146a3e8961,dow_nasdaq,calendar,faded,0.000999,0.616384
2026-07-31,cal_19104677ae,monthof_6_sp500,calendar,dead,0.817183,0.460539
2026-07-31,cal_216be59585,monthof_11_nasdaq,calendar,dead,0.165834,0.35964
2026-07-31,cal_2a991b85ee,sell_in_may_nasdaq,calendar,dead,0.027972,0.485514
2026-07-31,cal_2bf2b4d53f,monthof_9_sp500,calendar,survive,0.000999,0.070929
2026-07-31,cal_2de632e38b,monthof_6_nasdaq,calendar,dead,0.984016,0.852148
2026-07-31,cal_2e5f17d421,month_nasdaq,calendar,inconclusive,0.336663,0.616384
2026-07-31,cal_2e7a9a5ca1,monthof_3_sp500,calendar,dead,0.662338,0.78022
2026-07-31,cal_345031f898,monthof_5_nasdaq,calendar,dead,0.648352,0.604396
2026-07-31,cal_398f5c0e31,opex_week_nasdaq,calendar,dead,0.592408,0.7003
2026-07-31,cal_433ee46bbe,opex_week_sp500,calendar,dead,0.274725,0.716284
2026-07-31,cal_456e8c2d5e,monthof_12_sp500,calendar,dead,0.208791,0.991009
2026-07-31,cal_4a891b25f0,monthof_8_nasdaq,calendar,dead,0.322677,0.804196
2026-07-31,cal_4aa242d26e,monthof_5_sp500,calendar,dead,0.27972,0.843157
2026-07-31,cal_4bf363bd79,monthof_7_sp500,calendar,dead,0.065934,0.430569
2026-07-31,cal_527d0ae2db,monthof_1_nasdaq,calendar,dead,0.052947,0.921079
2026-07-31,cal_579e6e1355,monthof_2_nasdaq,calendar,dead,0.453546,0.298701
2026-07-31,cal_597774dc60,monthof_1_sp500,calendar,dead,0.298701,0.524476
2026-07-31,cal_5a22160179,turn_of_month_sp500,calendar,faded,0.000999,0.211788
2026-07-31,cal_6a08a2ccb6,pre_holiday_nasdaq,calendar,dead,0.142857,0.227772
2026-07-31,cal_6ebedbd943,monthof_10_nasdaq,calendar,dead,0.677323,0.361638
2026-07-31,cal_6f4b839635,pre_fomc_nasdaq,calendar,dead,0.300699,0.314685
2026-07-31,cal_7114c0729a,month_sp500,calendar,inconclusive,0.022977,0.143856
2026-07-31,cal_7738ecb1bc,turn_of_month_nasdaq,calendar,faded,0.000999,0.16983
2026-07-31,cal_79870937ed,world_cup_year_sp500,calendar,dead,0.013986,0.162837
2026-07-31,cal_7ded9a48d4,monthof_2_sp500,calendar,dead,0.155844,0.263736
2026-07-31,cal_82e1f1d8c9,pre_holiday_sp500,calendar,dead,0.082917,0.128871
2026-07-31,cal_85cc7cc6d7,dow_sp500,calendar,faded,0.000999,0.838162
2026-07-31,cal_8669d8c09d,monthof_11_sp500,calendar,dead,0.447552,0.143856
2026-07-31,cal_87670427d9,january_sp500,calendar,dead,0.136863,0.726274
2026-07-31,cal_8d5125126b,term_year3_sp500,calendar,inconclusive,0.04995,
2026-07-31,cal_8fe611a742,santa_nasdaq,calendar,dead,0.003996,0.193806
2026-07-31,cal_94c08fa012,santa_sp500,calendar,faded,0.000999,0.198801
2026-07-31,cal_ba8471031e,pre_fomc_sp500,calendar,dead,0.170829,0.153846
2026-07-31,cal_bbcc723bdf,decade_digit_sp500,calendar,inconclusive,0.163836,
2026-07-31,cal_bc77212229,sell_in_may_sp500,calendar,dead,0.086913,0.240759
2026-07-31,cal_c3a33a6db5,monthof_4_sp500,calendar,dead,0.198801,0.204795
2026-07-31,cal_c8b0832b2e,monthof_7_nasdaq,calendar,dead,0.823177,0.566434
2026-07-31,cal_d4de5634d3,september_nasdaq,calendar,dead,0.006993,0.017982
2026-07-31,cal_e041ed5979,monthof_3_nasdaq,calendar,dead,0.62038,0.8002
2026-07-31,cal_e3052fad5c,monthof_4_nasdaq,calendar,dead,0.384615,0.496503
2026-07-31,cal_ec09c00a99,presidential_cycle_sp500,calendar,inconclusive,0.300699,
2026-07-31,cal_f70ee53794,monthof_9_nasdaq,calendar,dead,0.016983,0.041958
2026-07-31,cal_f80dd36a7a,january_nasdaq,calendar,dead,0.032967,0.477522
2026-07-31,cal_f923f81493,september_sp500,calendar,survive,0.000999,0.024975
2026-07-31,fac_4beec74249,BTC_mom20_neg,factor,survive,0.001,0.004
2026-07-31,fac_70486895ee,dxy_rising,factor,dead,0.467,0.728
2026-07-31,fac_7578b1d58f,vix_backwardation,factor,dead,0.837,0.631
2026-07-31,fac_778b84a969,NASDAQ_mom20_neg,factor,dead,0.046,0.51
2026-07-31,fac_79cf4a9a7b,NASDAQ_above_ma200,factor,dead,0.009,0.108
2026-07-31,fac_a1bf6a105c,nasdaq_rsi_overbought,factor,dead,0.269,0.385
2026-07-31,fac_ab89704768,nasdaq_high_vol,factor,dead,0.002,0.922
2026-07-31,fac_bed960d3e2,NASDAQ_mom20_pos,factor,dead,0.404,0.632
2026-07-31,fac_c872e5eb69,BTC_above_ma200,factor,dead,0.106,0.092
2026-07-31,fac_cc60102eac,dxy_falling,factor,dead,0.783,0.899
2026-07-31,fac_d738a0c3fd,nasdaq_low_vol,factor,dead,0.274,0.637
2026-07-31,fac_d8a4f38258,overnight_mom_neg,factor,dead,0.323,0.425
2026-07-31,fac_dcbd9f57b5,overnight_mom_pos,factor,dead,0.323,0.425
2026-07-31,fac_e2be6309e8,nasdaq_rsi_oversold,factor,dead,0.583,0.466
2026-07-31,fac_f834dcf2c0,BTC_mom20_pos,factor,survive,0.0,0.0
2026-07-31,opt_13e0620c3f,total_pc_lo_h10,options_sentiment,dead,0.606,0.606
2026-07-31,opt_2bdac60949,total_pc_hi_h10,options_sentiment,dead,0.821,0.821
2026-07-31,opt_6b7c040f34,equity_pc_hi_h20,options_sentiment,dead,0.965,0.965
2026-07-31,opt_706c7e01ed,equity_pc_lo_h20,options_sentiment,dead,0.117,0.117
2026-07-31,opt_aad2768b05,total_pc_hi_h20,options_sentiment,dead,0.382,0.382
2026-07-31,opt_c8998dbbe6,equity_pc_lo_h10,options_sentiment,dead,0.777,0.777
2026-07-31,opt_d6053cc7a0,total_pc_lo_h20,options_sentiment,dead,0.406,0.406
2026-07-31,opt_f09bd225c9,equity_pc_hi_h10,options_sentiment,dead,0.512,0.512
2026-07-31,pos_0e8203cb20,legacy_noncomm_pct_oi_hi_h20_sp500,positioning,dead,0.821,0.821
2026-07-31,pos_3b1f2f7be5,legacy_noncomm_pct_oi_lo_h60_nasdaq100,positioning,survive,0.0,0.0
2026-07-31,pos_4503921189,legacy_noncomm_pct_oi_lo_h20_sp500,positioning,dead,0.311,0.311
2026-07-31,pos_46e606b679,tff_lev_net_pct_oi_hi_h60_sp500,positioning,dead,0.824,0.824
2026-07-31,pos_4f52a87fc8,tff_lev_net_pct_oi_hi_h20_sp500,positioning,dead,0.667,0.667
2026-07-31,pos_5618fa6478,tff_lev_net_pct_oi_lo_h60_nasdaq100,positioning,dead,0.01,0.01
2026-07-31,pos_566a8459e8,tff_lev_net_pct_oi_lo_h20_nasdaq100,positioning,dead,0.5,0.5
2026-07-31,pos_69b292d2ff,legacy_noncomm_pct_oi_lo_h20_nasdaq100,positioning,dead,0.127,0.127
2026-07-31,pos_74c61491cb,legacy_noncomm_pct_oi_hi_h20_nasdaq100,positioning,dead,0.213,0.213
2026-07-31,pos_771e2a7ea4,tff_lev_net_pct_oi_lo_h20_sp500,positioning,dead,0.022,0.022
2026-07-31,pos_951ab21851,tff_lev_net_pct_oi_lo_h60_sp500,positioning,dead,0.173,0.173
2026-07-31,pos_ad633d4d56,tff_lev_net_pct_oi_hi_h60_nasdaq100,positioning,dead,0.108,0.108
2026-07-31,pos_c5297400c9,legacy_noncomm_pct_oi_lo_h60_sp500,positioning,dead,0.662,0.662
2026-07-31,pos_d898f33d4c,tff_lev_net_pct_oi_hi_h20_nasdaq100,positioning,dead,0.201,0.201
2026-07-31,pos_f7aa0cde34,legacy_noncomm_pct_oi_hi_h60_sp500,positioning,dead,0.485,0.485
2026-07-31,pos_fb69e287a1,legacy_noncomm_pct_oi_hi_h60_nasdaq100,positioning,dead,0.927,0.927
2026-07-31,reb_018df927fb,p1_h5_sp500,rebound,dead,0.254,0.611
2026-07-31,reb_0b54f655e4,p10_h1_nasdaq,rebound,faded,0.0,0.335
2026-07-31,reb_183bf3c31c,p5_h1_sp500,rebound,dead,0.925,0.236
2026-07-31,reb_2617209d72,p10_h5_nasdaq,rebound,faded,0.001,0.196
2026-07-31,reb_2b218993db,p1_h5_nasdaq,rebound,dead,0.572,0.898
2026-07-31,reb_7155c924ca,p10_h1_sp500,rebound,dead,0.302,0.088
2026-07-31,reb_7e3e4a8d62,p1_h1_sp500,rebound,dead,0.281,0.541
2026-07-31,reb_8055fe6f4a,p1_h1_nasdaq,rebound,dead,0.228,0.465
2026-07-31,reb_91f1615526,p10_h5_sp500,rebound,dead,0.033,0.682
2026-07-31,reb_9adb2feef5,p5_h1_nasdaq,rebound,survive,0.001,0.088
2026-07-31,reb_b016e921c3,p5_h5_sp500,rebound,dead,0.35,0.675
2026-07-31,reb_b61bcf84d2,p5_h5_nasdaq,rebound,dead,0.039,0.075
2026-07-31,reg_74448026aa,golden_cross_sp500,regime,survive,0.0,0.021
2026-07-31,reg_9c0efb465b,golden_cross_nasdaq,regime,dead,0.075,0.074
2026-07-31,str_104f8d7bd8,break3_h1_nasdaq,streak_break,dead,0.805,0.424
2026-07-31,str_10ce6fe56e,down4_h1_nasdaq,streak_down,dead,0.003,0.731
2026-07-31,str_1560c11bbd,break5_h5_nasdaq,streak_break,dead,0.83,0.367
2026-07-31,str_16775f1703,break3_h5_nasdaq,streak_break,dead,0.607,0.501
2026-07-31,str_1b6fe1e8ca,down3_h5_sp500,streak_down,dead,0.21,0.873
2026-07-31,str_36b9f79448,down3_h1_nasdaq,streak_down,dead,0.05,0.558
2026-07-31,str_4320d0a275,break3_h5_sp500,streak_break,dead,0.788,0.482
2026-07-31,str_43ea43f9bc,down3_h20_nasdaq,streak_down,dead,0.008,0.15
2026-07-31,str_5824ee8bd5,break5_h5_sp500,streak_break,dead,0.892,0.843
2026-07-31,str_79e97ed91e,down5_h5_nasdaq,streak_down,dead,0.048,0.053
2026-07-31,str_7fd52c09bf,down5_h20_sp500,streak_down,dead,0.837,0.121
2026-07-31,str_7ff66aade6,break5_h1_sp500,streak_break,dead,0.232,0.761
2026-07-31,str_8969baac75,break3_h20_sp500,streak_break,dead,0.023,0.333
2026-07-31,str_8bc1b7d951,down3_h20_sp500,streak_down,dead,0.062,0.91
2026-07-31,str_8c2a185099,down5_h1_sp500,streak_down,dead,0.299,0.016
2026-07-31,str_947583c00a,break5_h20_nasdaq,streak_break,dead,0.152,0.747
2026-07-31,str_9638e678bf,down4_h20_sp500,streak_down,dead,0.441,0.03
2026-07-31,str_a754f69e1f,break5_h20_sp500,streak_break,dead,0.481,0.921
2026-07-31,str_b2f9430e92,down5_h1_nasdaq,streak_down,dead,0.691,0.155
2026-07-31,str_b6d73df6b9,down5_h5_sp500,streak_down,dead,0.616,0.027
2026-07-31,str_b725749b5b,down3_h1_sp500,streak_down,dead,0.361,0.065
2026-07-31,str_b847620031,down4_h5_sp500,streak_down,dead,0.977,0.058
2026-07-31,str_b8d9734d1a,down4_h20_nasdaq,streak_down,dead,0.23,0.768
2026-07-31,str_b916af0ac0,down4_h5_nasdaq,streak_down,dead,0.269,0.041
2026-07-31,str_baa87542e8,down5_h20_nasdaq,streak_down,dead,0.175,0.459
2026-07-31,str_be41d45643,down3_h5_nasdaq,streak_down,dead,0.014,0.719
2026-07-31,str_be73a914d2,down4_h1_sp500,streak_down,dead,0.73,0.171
2026-07-31,str_df987e7acf,break3_h1_sp500,streak_break,dead,0.086,0.175
2026-07-31,str_eaadd5b6d1,break5_h1_nasdaq,streak_break,dead,0.672,0.156
2026-07-31,str_ecf1394eae,break3_h20_nasdaq,streak_break,dead,0.016,0.201
2026-07-31,tra_085bba7150,n504_h126_low_sp500,trailing_extreme,dead,0.798,0.9274
2026-07-31,tra_089dcbd8a1,n252_h126_high_nasdaq,trailing_extreme,dead,0.162,0.218
2026-07-31,tra_1f25b3bd0f,n126_h63_high_nasdaq,trailing_extreme,dead,0.635,0.561
2026-07-31,tra_22e8f33640,n126_h63_low_sp500,trailing_extreme,dead,0.925,0.351
2026-07-31,tra_4ced8af588,n252_h126_high_sp500,trailing_extreme,dead,0.101,0.103
2026-07-31,tra_5711325073,n504_h126_high_sp500,trailing_extreme,dead,0.53,0.023
2026-07-31,tra_9006717c86,n63_h21_low_nasdaq,trailing_extreme,dead,0.49,0.18
2026-07-31,tra_93edbbb9e4,n63_h21_high_sp500,trailing_extreme,dead,0.261,0.256
2026-07-31,tra_a60deafb82,n63_h21_high_nasdaq,trailing_extreme,dead,0.281,0.828
2026-07-31,tra_ace02affa1,n63_h21_low_sp500,trailing_extreme,dead,0.214,0.655
2026-07-31,tra_c5a6e7707e,n126_h63_low_nasdaq,trailing_extreme,dead,0.16,0.004
2026-07-31,tra_c802f55825,n252_h126_low_nasdaq,trailing_extreme,dead,0.449,0.3362
2026-07-31,tra_e355b4c138,n252_h126_low_sp500,trailing_extreme,dead,0.965,0.621
2026-07-31,tra_f8f8b8c0db,n126_h63_high_sp500,trailing_extreme,dead,0.363,0.018
2026-08-03,cal_021d07d02a,monthof_10_sp500,calendar,dead,0.928072,0.516484
2026-08-03,cal_02b889c7e0,monthof_8_sp500,calendar,dead,0.952048,0.695305
2026-08-03,cal_05facdcc22,quarter_end_sp500,calendar,dead,0.769231,0.727273
2026-08-03,cal_0662569f50,monthof_12_nasdaq,calendar,dead,0.52048,0.655345
2026-08-03,cal_116d0565a8,quarter_end_nasdaq,calendar,dead,0.883117,0.422577
2026-08-03,cal_11bf800cae,world_cup_year_nasdaq,calendar,survive,0.000999,0.086913
2026-08-03,cal_146a3e8961,dow_nasdaq,calendar,faded,0.000999,0.621379
2026-08-03,cal_19104677ae,monthof_6_sp500,calendar,dead,0.821179,0.455544
2026-08-03,cal_216be59585,monthof_11_nasdaq,calendar,dead,0.184815,0.340659
2026-08-03,cal_2a991b85ee,sell_in_may_nasdaq,calendar,dead,0.030969,0.521479
2026-08-03,cal_2bf2b4d53f,monthof_9_sp500,calendar,dead,0.002997,0.055944
2026-08-03,cal_2de632e38b,monthof_6_nasdaq,calendar,dead,0.994006,0.872128
2026-08-03,cal_2e5f17d421,month_nasdaq,calendar,inconclusive,0.313686,0.574426
2026-08-03,cal_2e7a9a5ca1,monthof_3_sp500,calendar,dead,0.667333,0.752248
2026-08-03,cal_345031f898,monthof_5_nasdaq,calendar,dead,0.626374,0.629371
2026-08-03,cal_398f5c0e31,opex_week_nasdaq,calendar,dead,0.629371,0.699301
2026-08-03,cal_433ee46bbe,opex_week_sp500,calendar,dead,0.244755,0.697303
2026-08-03,cal_456e8c2d5e,monthof_12_sp500,calendar,dead,0.208791,0.969031
2026-08-03,cal_4a891b25f0,monthof_8_nasdaq,calendar,dead,0.388611,0.865135
2026-08-03,cal_4aa242d26e,monthof_5_sp500,calendar,dead,0.272727,0.85015
2026-08-03,cal_4bf363bd79,monthof_7_sp500,calendar,dead,0.062937,0.393606
2026-08-03,cal_527d0ae2db,monthof_1_nasdaq,calendar,dead,0.041958,0.945055
2026-08-03,cal_579e6e1355,monthof_2_nasdaq,calendar,dead,0.425574,0.325674
2026-08-03,cal_597774dc60,monthof_1_sp500,calendar,dead,0.316683,0.533467
2026-08-03,cal_5a22160179,turn_of_month_sp500,calendar,faded,0.000999,0.200799
2026-08-03,cal_6a08a2ccb6,pre_holiday_nasdaq,calendar,dead,0.123876,0.210789
2026-08-03,cal_6ebedbd943,monthof_10_nasdaq,calendar,dead,0.667333,0.341658
2026-08-03,cal_6f4b839635,pre_fomc_nasdaq,calendar,dead,0.297702,0.282717
2026-08-03,cal_7114c0729a,month_sp500,calendar,inconclusive,0.025974,0.151848
2026-08-03,cal_7738ecb1bc,turn_of_month_nasdaq,calendar,dead,0.002997,0.170829
2026-08-03,cal_79870937ed,world_cup_year_sp500,calendar,dead,0.010989,0.160839
2026-08-03,cal_7ded9a48d4,monthof_2_sp500,calendar,dead,0.151848,0.268731
2026-08-03,cal_82e1f1d8c9,pre_holiday_sp500,calendar,dead,0.098901,0.154845
2026-08-03,cal_85cc7cc6d7,dow_sp500,calendar,faded,0.000999,0.843157
2026-08-03,cal_8669d8c09d,monthof_11_sp500,calendar,dead,0.447552,0.134865
2026-08-03,cal_87670427d9,january_sp500,calendar,dead,0.156843,0.751249
2026-08-03,cal_8d5125126b,term_year3_sp500,calendar,inconclusive,0.04995,
2026-08-03,cal_8fe611a742,santa_nasdaq,calendar,dead,0.011988,0.215784
2026-08-03,cal_94c08fa012,santa_sp500,calendar,faded,0.000999,0.204795
2026-08-03,cal_ba8471031e,pre_fomc_sp500,calendar,dead,0.136863,0.152847
2026-08-03,cal_bbcc723bdf,decade_digit_sp500,calendar,inconclusive,0.163836,
2026-08-03,cal_bc77212229,sell_in_may_sp500,calendar,dead,0.095904,0.230769
2026-08-03,cal_c3a33a6db5,monthof_4_sp500,calendar,dead,0.205794,0.226773
2026-08-03,cal_c8b0832b2e,monthof_7_nasdaq,calendar,dead,0.817183,0.585415
2026-08-03,cal_d4de5634d3,september_nasdaq,calendar,dead,0.008991,0.01998
2026-08-03,cal_e041ed5979,monthof_3_nasdaq,calendar,dead,0.614386,0.792208
2026-08-03,cal_e3052fad5c,monthof_4_nasdaq,calendar,dead,0.425574,0.496503
2026-08-03,cal_ec09c00a99,presidential_cycle_sp500,calendar,inconclusive,0.300699,
2026-08-03,cal_f70ee53794,monthof_9_nasdaq,calendar,dead,0.017982,0.046953
2026-08-03,cal_f80dd36a7a,january_nasdaq,calendar,dead,0.021978,0.458541
2026-08-03,cal_f923f81493,september_sp500,calendar,survive,0.000999,0.022977
2026-08-03,fac_4beec74249,BTC_mom20_neg,factor,dead,0.003,0.003
2026-08-03,fac_70486895ee,dxy_rising,factor,dead,0.464,0.717
2026-08-03,fac_7578b1d58f,vix_backwardation,factor,dead,0.839,0.623
2026-08-03,fac_778b84a969,NASDAQ_mom20_neg,factor,dead,0.044,0.524
2026-08-03,fac_79cf4a9a7b,NASDAQ_above_ma200,factor,dead,0.008,0.106
2026-08-03,fac_a1bf6a105c,nasdaq_rsi_overbought,factor,dead,0.276,0.374
2026-08-03,fac_ab89704768,nasdaq_high_vol,factor,dead,0.003,0.913
2026-08-03,fac_bed960d3e2,NASDAQ_mom20_pos,factor,dead,0.396,0.625
2026-08-03,fac_c872e5eb69,BTC_above_ma200,factor,dead,0.106,0.087
2026-08-03,fac_cc60102eac,dxy_falling,factor,dead,0.785,0.917
2026-08-03,fac_d738a0c3fd,nasdaq_low_vol,factor,dead,0.268,0.624
2026-08-03,fac_d8a4f38258,overnight_mom_neg,factor,dead,0.322,0.427
2026-08-03,fac_dcbd9f57b5,overnight_mom_pos,factor,dead,0.322,0.427
2026-08-03,fac_e2be6309e8,nasdaq_rsi_oversold,factor,dead,0.581,0.454
2026-08-03,fac_f834dcf2c0,BTC_mom20_pos,factor,survive,0.0,0.0
2026-08-03,opt_13e0620c3f,total_pc_lo_h10,options_sentiment,dead,0.591,0.591
2026-08-03,opt_2bdac60949,total_pc_hi_h10,options_sentiment,dead,0.839,0.839
2026-08-03,opt_6b7c040f34,equity_pc_hi_h20,options_sentiment,dead,0.97,0.97
2026-08-03,opt_706c7e01ed,equity_pc_lo_h20,options_sentiment,dead,0.114,0.114
2026-08-03,opt_aad2768b05,total_pc_hi_h20,options_sentiment,dead,0.381,0.381
2026-08-03,opt_c8998dbbe6,equity_pc_lo_h10,options_sentiment,dead,0.766,0.766
2026-08-03,opt_d6053cc7a0,total_pc_lo_h20,options_sentiment,dead,0.409,0.409
2026-08-03,opt_f09bd225c9,equity_pc_hi_h10,options_sentiment,dead,0.508,0.508
2026-08-03,pos_0e8203cb20,legacy_noncomm_pct_oi_hi_h20_sp500,positioning,dead,0.816,0.816
2026-08-03,pos_3b1f2f7be5,legacy_noncomm_pct_oi_lo_h60_nasdaq100,positioning,survive,0.0,0.0
2026-08-03,pos_4503921189,legacy_noncomm_pct_oi_lo_h20_sp500,positioning,dead,0.31,0.31
2026-08-03,pos_46e606b679,tff_lev_net_pct_oi_hi_h60_sp500,positioning,dead,0.827,0.827
2026-08-03,pos_4f52a87fc8,tff_lev_net_pct_oi_hi_h20_sp500,positioning,dead,0.656,0.656
2026-08-03,pos_5618fa6478,tff_lev_net_pct_oi_lo_h60_nasdaq100,positioning,dead,0.01,0.01
2026-08-03,pos_566a8459e8,tff_lev_net_pct_oi_lo_h20_nasdaq100,positioning,dead,0.497,0.497
2026-08-03,pos_69b292d2ff,legacy_noncomm_pct_oi_lo_h20_nasdaq100,positioning,dead,0.135,0.135
2026-08-03,pos_74c61491cb,legacy_noncomm_pct_oi_hi_h20_nasdaq100,positioning,dead,0.212,0.212
2026-08-03,pos_771e2a7ea4,tff_lev_net_pct_oi_lo_h20_sp500,positioning,dead,0.022,0.022
2026-08-03,pos_951ab21851,tff_lev_net_pct_oi_lo_h60_sp500,positioning,dead,0.173,0.173
2026-08-03,pos_ad633d4d56,tff_lev_net_pct_oi_hi_h60_nasdaq100,positioning,dead,0.107,0.107
2026-08-03,pos_c5297400c9,legacy_noncomm_pct_oi_lo_h60_sp500,positioning,dead,0.658,0.658
2026-08-03,pos_d898f33d4c,tff_lev_net_pct_oi_hi_h20_nasdaq100,positioning,dead,0.206,0.206
2026-08-03,pos_f7aa0cde34,legacy_noncomm_pct_oi_hi_h60_sp500,positioning,dead,0.481,0.481
2026-08-03,pos_fb69e287a1,legacy_noncomm_pct_oi_hi_h60_nasdaq100,positioning,dead,0.923,0.923
2026-08-03,reb_018df927fb,p1_h5_sp500,rebound,dead,0.264,0.619
2026-08-03,reb_0b54f655e4,p10_h1_nasdaq,rebound,faded,0.0,0.342
2026-08-03,reb_183bf3c31c,p5_h1_sp500,rebound,dead,0.905,0.261
2026-08-03,reb_2617209d72,p10_h5_nasdaq,rebound,faded,0.001,0.207
2026-08-03,reb_2b218993db,p1_h5_nasdaq,rebound,dead,0.557,0.879
2026-08-03,reb_7155c924ca,p10_h1_sp500,rebound,dead,0.259,0.095
2026-08-03,reb_7e3e4a8d62,p1_h1_sp500,rebound,dead,0.277,0.526
2026-08-03,reb_8055fe6f4a,p1_h1_nasdaq,rebound,dead,0.233,0.491
2026-08-03,reb_91f1615526,p10_h5_sp500,rebound,dead,0.041,0.69
2026-08-03,reb_9adb2feef5,p5_h1_nasdaq,rebound,survive,0.0,0.083
2026-08-03,reb_b016e921c3,p5_h5_sp500,rebound,dead,0.367,0.681
2026-08-03,reb_b61bcf84d2,p5_h5_nasdaq,rebound,dead,0.042,0.079
2026-08-03,reg_74448026aa,golden_cross_sp500,regime,survive,0.0,0.021
2026-08-03,reg_9c0efb465b,golden_cross_nasdaq,regime,dead,0.072,0.073
2026-08-03,str_104f8d7bd8,break3_h1_nasdaq,streak_break,dead,0.841,0.44
2026-08-03,str_10ce6fe56e,down4_h1_nasdaq,streak_down,faded,0.0,0.716
2026-08-03,str_1560c11bbd,break5_h5_nasdaq,streak_break,dead,0.818,0.362
2026-08-03,str_16775f1703,break3_h5_nasdaq,streak_break,dead,0.594,0.481
2026-08-03,str_1b6fe1e8ca,down3_h5_sp500,streak_down,dead,0.21,0.883
2026-08-03,str_36b9f79448,down3_h1_nasdaq,streak_down,dead,0.034,0.565
2026-08-03,str_4320d0a275,break3_h5_sp500,streak_break,dead,0.782,0.473
2026-08-03,str_43ea43f9bc,down3_h20_nasdaq,streak_down,dead,0.009,0.149
2026-08-03,str_5824ee8bd5,break5_h5_sp500,streak_break,dead,0.907,0.84
2026-08-03,str_79e97ed91e,down5_h5_nasdaq,streak_down,dead,0.045,0.05
2026-08-03,str_7fd52c09bf,down5_h20_sp500,streak_down,dead,0.842,0.127
2026-08-03,str_7ff66aade6,break5_h1_sp500,streak_break,dead,0.267,0.781
2026-08-03,str_8969baac75,break3_h20_sp500,streak_break,dead,0.021,0.329
2026-08-03,str_8bc1b7d951,down3_h20_sp500,streak_down,dead,0.057,0.901
2026-08-03,str_8c2a185099,down5_h1_sp500,streak_down,dead,0.295,0.014
2026-08-03,str_947583c00a,break5_h20_nasdaq,streak_break,dead,0.149,0.762
2026-08-03,str_9638e678bf,down4_h20_sp500,streak_down,dead,0.428,0.039
2026-08-03,str_a754f69e1f,break5_h20_sp500,streak_break,dead,0.481,0.898
2026-08-03,str_b2f9430e92,down5_h1_nasdaq,streak_down,dead,0.686,0.164
2026-08-03,str_b6d73df6b9,down5_h5_sp500,streak_down,dead,0.584,0.033
2026-08-03,str_b725749b5b,down3_h1_sp500,streak_down,dead,0.361,0.074
2026-08-03,str_b847620031,down4_h5_sp500,streak_down,dead,0.977,0.054
2026-08-03,str_b8d9734d1a,down4_h20_nasdaq,streak_down,dead,0.227,0.781
2026-08-03,str_b916af0ac0,down4_h5_nasdaq,streak_down,dead,0.276,0.038
2026-08-03,str_baa87542e8,down5_h20_nasdaq,streak_down,dead,0.171,0.464
2026-08-03,str_be41d45643,down3_h5_nasdaq,streak_down,dead,0.01,0.73
2026-08-03,str_be73a914d2,down4_h1_sp500,streak_down,dead,0.757,0.138
2026-08-03,str_df987e7acf,break3_h1_sp500,streak_break,dead,0.094,0.191
2026-08-03,str_eaadd5b6d1,break5_h1_nasdaq,streak_break,dead,0.661,0.164
2026-08-03,str_ecf1394eae,break3_h20_nasdaq,streak_break,dead,0.016,0.21
2026-08-03,tra_085bba7150,n504_h126_low_sp500,trailing_extreme,dead,0.799,0.9274
2026-08-03,tra_089dcbd8a1,n252_h126_high_nasdaq,trailing_extreme,dead,0.159,0.217
2026-08-03,tra_1f25b3bd0f,n126_h63_high_nasdaq,trailing_extreme,dead,0.622,0.557
2026-08-03,tra_22e8f33640,n126_h63_low_sp500,trailing_extreme,dead,0.924,0.352
2026-08-03,tra_4ced8af588,n252_h126_high_sp500,trailing_extreme,dead,0.102,0.101
2026-08-03,tra_5711325073,n504_h126_high_sp500,trailing_extreme,dead,0.539,0.023
2026-08-03,tra_9006717c86,n63_h21_low_nasdaq,trailing_extreme,dead,0.492,0.178
2026-08-03,tra_93edbbb9e4,n63_h21_high_sp500,trailing_extreme,dead,0.248,0.218
2026-08-03,tra_a60deafb82,n63_h21_high_nasdaq,trailing_extreme,dead,0.268,0.846
2026-08-03,tra_ace02affa1,n63_h21_low_sp500,trailing_extreme,dead,0.22,0.653
2026-08-03,tra_c5a6e7707e,n126_h63_low_nasdaq,trailing_extreme,dead,0.164,0.004
2026-08-03,tra_c802f55825,n252_h126_low_nasdaq,trailing_extreme,dead,0.446,0.3352
2026-08-03,tra_e355b4c138,n252_h126_low_sp500,trailing_extreme,dead,0.965,0.622
2026-08-03,tra_f8f8b8c0db,n126_h63_high_sp500,trailing_extreme,dead,0.365,0.017
2026-08-04,cal_021d07d02a,monthof_10_sp500,calendar,dead,0.921079,0.537463
2026-08-04,cal_02b889c7e0,monthof_8_sp500,calendar,dead,0.969031,0.746254
2026-08-04,cal_05facdcc22,quarter_end_sp500,calendar,dead,0.78022,0.724276
2026-08-04,cal_0662569f50,monthof_12_nasdaq,calendar,dead,0.509491,0.645355
2026-08-04,cal_116d0565a8,quarter_end_nasdaq,calendar,dead,0.891109,0.43956
2026-08-04,cal_11bf800cae,world_cup_year_nasdaq,calendar,dead,0.004995,0.090909
2026-08-04,cal_146a3e8961,dow_nasdaq,calendar,faded,0.000999,0.62038
2026-08-04,cal_19104677ae,monthof_6_sp500,calendar,dead,0.827173,0.475524
2026-08-04,cal_216be59585,monthof_11_nasdaq,calendar,dead,0.176823,0.373626
2026-08-04,cal_2a991b85ee,sell_in_may_nasdaq,calendar,dead,0.025974,0.51049
2026-08-04,cal_2bf2b4d53f,monthof_9_sp500,calendar,survive,0.000999,0.052947
2026-08-04,cal_2de632e38b,monthof_6_nasdaq,calendar,dead,0.998002,0.868132
2026-08-04,cal_2e5f17d421,month_nasdaq,calendar,inconclusive,0.320679,0.579421
2026-08-04,cal_2e7a9a5ca1,monthof_3_sp500,calendar,dead,0.659341,0.762238
2026-08-04,cal_345031f898,monthof_5_nasdaq,calendar,dead,0.624376,0.621379
2026-08-04,cal_398f5c0e31,opex_week_nasdaq,calendar,dead,0.596404,0.662338
2026-08-04,cal_433ee46bbe,opex_week_sp500,calendar,dead,0.220779,0.688312
2026-08-04,cal_456e8c2d5e,monthof_12_sp500,calendar,dead,0.220779,0.968032
2026-08-04,cal_4a891b25f0,monthof_8_nasdaq,calendar,dead,0.377622,0.907093
2026-08-04,cal_4aa242d26e,monthof_5_sp500,calendar,dead,0.266733,0.849151
2026-08-04,cal_4bf363bd79,monthof_7_sp500,calendar,dead,0.072927,0.425574
2026-08-04,cal_527d0ae2db,monthof_1_nasdaq,calendar,dead,0.063936,0.929071
2026-08-04,cal_579e6e1355,monthof_2_nasdaq,calendar,dead,0.426573,0.305694
2026-08-04,cal_597774dc60,monthof_1_sp500,calendar,dead,0.288711,0.542458
2026-08-04,cal_5a22160179,turn_of_month_sp500,calendar,faded,0.000999,0.221778
2026-08-04,cal_6a08a2ccb6,pre_holiday_nasdaq,calendar,dead,0.152847,0.217782
2026-08-04,cal_6ebedbd943,monthof_10_nasdaq,calendar,dead,0.663337,0.405594
2026-08-04,cal_6f4b839635,pre_fomc_nasdaq,calendar,dead,0.266733,0.280719
2026-08-04,cal_7114c0729a,month_sp500,calendar,inconclusive,0.024975,0.155844
2026-08-04,cal_7738ecb1bc,turn_of_month_nasdaq,calendar,faded,0.000999,0.150849
2026-08-04,cal_79870937ed,world_cup_year_sp500,calendar,dead,0.017982,0.177822
2026-08-04,cal_7ded9a48d4,monthof_2_sp500,calendar,dead,0.163836,0.268731
2026-08-04,cal_82e1f1d8c9,pre_holiday_sp500,calendar,dead,0.076923,0.151848
2026-08-04,cal_85cc7cc6d7,dow_sp500,calendar,faded,0.000999,0.834166
2026-08-04,cal_8669d8c09d,monthof_11_sp500,calendar,dead,0.425574,0.144855
2026-08-04,cal_87670427d9,january_sp500,calendar,dead,0.137862,0.726274
2026-08-04,cal_8d5125126b,term_year3_sp500,calendar,inconclusive,0.04995,
2026-08-04,cal_8fe611a742,santa_nasdaq,calendar,dead,0.006993,0.217782
2026-08-04,cal_94c08fa012,santa_sp500,calendar,faded,0.000999,0.198801
2026-08-04,cal_ba8471031e,pre_fomc_sp500,calendar,dead,0.140859,0.152847
2026-08-04,cal_bbcc723bdf,decade_digit_sp500,calendar,inconclusive,0.163836,
2026-08-04,cal_bc77212229,sell_in_may_sp500,calendar,dead,0.087912,0.271728
2026-08-04,cal_c3a33a6db5,monthof_4_sp500,calendar,dead,0.212787,0.210789
2026-08-04,cal_c8b0832b2e,monthof_7_nasdaq,calendar,dead,0.8002,0.603397
2026-08-04,cal_d4de5634d3,september_nasdaq,calendar,dead,0.005994,0.025974
2026-08-04,cal_e041ed5979,monthof_3_nasdaq,calendar,dead,0.6004,0.793207
2026-08-04,cal_e3052fad5c,monthof_4_nasdaq,calendar,dead,0.421578,0.525475
2026-08-04,cal_ec09c00a99,presidential_cycle_sp500,calendar,inconclusive,0.300699,
2026-08-04,cal_f70ee53794,monthof_9_nasdaq,calendar,dead,0.017982,0.046953
2026-08-04,cal_f80dd36a7a,january_nasdaq,calendar,dead,0.02997,0.448551
2026-08-04,cal_f923f81493,september_sp500,calendar,survive,0.000999,0.034965
2026-08-04,fac_4beec74249,BTC_mom20_neg,factor,dead,0.005,0.003
2026-08-04,fac_70486895ee,dxy_rising,factor,dead,0.466,0.724
2026-08-04,fac_7578b1d58f,vix_backwardation,factor,dead,0.836,0.643
2026-08-04,fac_778b84a969,NASDAQ_mom20_neg,factor,dead,0.046,0.531
2026-08-04,fac_79cf4a9a7b,NASDAQ_above_ma200,factor,dead,0.01,0.115
2026-08-04,fac_a1bf6a105c,nasdaq_rsi_overbought,factor,dead,0.289,0.358
2026-08-04,fac_ab89704768,nasdaq_high_vol,factor,dead,0.004,0.903
2026-08-04,fac_bed960d3e2,NASDAQ_mom20_pos,factor,dead,0.394,0.617
2026-08-04,fac_c872e5eb69,BTC_above_ma200,factor,dead,0.102,0.09
2026-08-04,fac_cc60102eac,dxy_falling,factor,dead,0.792,0.93
2026-08-04,fac_d738a0c3fd,nasdaq_low_vol,factor,dead,0.268,0.628
2026-08-04,fac_d8a4f38258,overnight_mom_neg,factor,dead,0.318,0.425
2026-08-04,fac_dcbd9f57b5,overnight_mom_pos,factor,dead,0.318,0.425
2026-08-04,fac_e2be6309e8,nasdaq_rsi_oversold,factor,dead,0.587,0.453
2026-08-04,fac_f834dcf2c0,BTC_mom20_pos,factor,survive,0.0,0.0
2026-08-04,opt_13e0620c3f,total_pc_lo_h10,options_sentiment,dead,0.598,0.598
2026-08-04,opt_2bdac60949,total_pc_hi_h10,options_sentiment,dead,0.851,0.851
2026-08-04,opt_6b7c040f34,equity_pc_hi_h20,options_sentiment,dead,0.972,0.972
2026-08-04,opt_706c7e01ed,equity_pc_lo_h20,options_sentiment,dead,0.124,0.124
2026-08-04,opt_aad2768b05,total_pc_hi_h20,options_sentiment,dead,0.386,0.386
2026-08-04,opt_c8998dbbe6,equity_pc_lo_h10,options_sentiment,dead,0.762,0.762
2026-08-04,opt_d6053cc7a0,total_pc_lo_h20,options_sentiment,dead,0.407,0.407
2026-08-04,opt_f09bd225c9,equity_pc_hi_h10,options_sentiment,dead,0.511,0.511
2026-08-04,pos_0e8203cb20,legacy_noncomm_pct_oi_hi_h20_sp500,positioning,dead,0.809,0.809
2026-08-04,pos_3b1f2f7be5,legacy_noncomm_pct_oi_lo_h60_nasdaq100,positioning,survive,0.0,0.0
2026-08-04,pos_4503921189,legacy_noncomm_pct_oi_lo_h20_sp500,positioning,dead,0.306,0.306
2026-08-04,pos_46e606b679,tff_lev_net_pct_oi_hi_h60_sp500,positioning,dead,0.827,0.827
2026-08-04,pos_4f52a87fc8,tff_lev_net_pct_oi_hi_h20_sp500,positioning,dead,0.659,0.659
2026-08-04,pos_5618fa6478,tff_lev_net_pct_oi_lo_h60_nasdaq100,positioning,dead,0.01,0.01
2026-08-04,pos_566a8459e8,tff_lev_net_pct_oi_lo_h20_nasdaq100,positioning,dead,0.492,0.492
2026-08-04,pos_69b292d2ff,legacy_noncomm_pct_oi_lo_h20_nasdaq100,positioning,dead,0.126,0.126
2026-08-04,pos_74c61491cb,legacy_noncomm_pct_oi_hi_h20_nasdaq100,positioning,dead,0.218,0.218
2026-08-04,pos_771e2a7ea4,tff_lev_net_pct_oi_lo_h20_sp500,positioning,dead,0.023,0.023
2026-08-04,pos_951ab21851,tff_lev_net_pct_oi_lo_h60_sp500,positioning,dead,0.174,0.174
2026-08-04,pos_ad633d4d56,tff_lev_net_pct_oi_hi_h60_nasdaq100,positioning,dead,0.111,0.111
2026-08-04,pos_c5297400c9,legacy_noncomm_pct_oi_lo_h60_sp500,positioning,dead,0.66,0.66
2026-08-04,pos_d898f33d4c,tff_lev_net_pct_oi_hi_h20_nasdaq100,positioning,dead,0.203,0.203
2026-08-04,pos_f7aa0cde34,legacy_noncomm_pct_oi_hi_h60_sp500,positioning,dead,0.479,0.479
2026-08-04,pos_fb69e287a1,legacy_noncomm_pct_oi_hi_h60_nasdaq100,positioning,dead,0.918,0.918
2026-08-04,reb_018df927fb,p1_h5_sp500,rebound,dead,0.249,0.6
2026-08-04,reb_0b54f655e4,p10_h1_nasdaq,rebound,faded,0.0,0.317
2026-08-04,reb_183bf3c31c,p5_h1_sp500,rebound,dead,0.928,0.262
2026-08-04,reb_2617209d72,p10_h5_nasdaq,rebound,faded,0.001,0.193
2026-08-04,reb_2b218993db,p1_h5_nasdaq,rebound,dead,0.547,0.898
2026-08-04,reb_7155c924ca,p10_h1_sp500,rebound,dead,0.261,0.097
2026-08-04,reb_7e3e4a8d62,p1_h1_sp500,rebound,dead,0.273,0.504
2026-08-04,reb_8055fe6f4a,p1_h1_nasdaq,rebound,dead,0.219,0.519
2026-08-04,reb_91f1615526,p10_h5_sp500,rebound,dead,0.033,0.699
2026-08-04,reb_9adb2feef5,p5_h1_nasdaq,rebound,survive,0.0,0.079
2026-08-04,reb_b016e921c3,p5_h5_sp500,rebound,dead,0.366,0.667
2026-08-04,reb_b61bcf84d2,p5_h5_nasdaq,rebound,dead,0.042,0.068
2026-08-04,reg_74448026aa,golden_cross_sp500,regime,survive,0.0,0.016
2026-08-04,reg_9c0efb465b,golden_cross_nasdaq,regime,dead,0.069,0.072
2026-08-04,str_104f8d7bd8,break3_h1_nasdaq,streak_break,dead,0.872,0.435
2026-08-04,str_10ce6fe56e,down4_h1_nasdaq,streak_down,dead,0.003,0.729
2026-08-04,str_1560c11bbd,break5_h5_nasdaq,streak_break,dead,0.785,0.37
2026-08-04,str_16775f1703,break3_h5_nasdaq,streak_break,dead,0.59,0.493
2026-08-04,str_1b6fe1e8ca,down3_h5_sp500,streak_down,dead,0.237,0.891
2026-08-04,str_36b9f79448,down3_h1_nasdaq,streak_down,dead,0.034,0.556
2026-08-04,str_4320d0a275,break3_h5_sp500,streak_break,dead,0.781,0.488
2026-08-04,str_43ea43f9bc,down3_h20_nasdaq,streak_down,dead,0.009,0.154
2026-08-04,str_5824ee8bd5,break5_h5_sp500,streak_break,dead,0.897,0.857
2026-08-04,str_79e97ed91e,down5_h5_nasdaq,streak_down,dead,0.053,0.047
2026-08-04,str_7fd52c09bf,down5_h20_sp500,streak_down,dead,0.833,0.13
2026-08-04,str_7ff66aade6,break5_h1_sp500,streak_break,dead,0.282,0.757
2026-08-04,str_8969baac75,break3_h20_sp500,streak_break,dead,0.02,0.338
2026-08-04,str_8bc1b7d951,down3_h20_sp500,streak_down,dead,0.061,0.881
2026-08-04,str_8c2a185099,down5_h1_sp500,streak_down,dead,0.285,0.013
2026-08-04,str_947583c00a,break5_h20_nasdaq,streak_break,dead,0.144,0.764
2026-08-04,str_9638e678bf,down4_h20_sp500,streak_down,dead,0.424,0.04
2026-08-04,str_a754f69e1f,break5_h20_sp500,streak_break,dead,0.469,0.904
2026-08-04,str_b2f9430e92,down5_h1_nasdaq,streak_down,dead,0.681,0.166
2026-08-04,str_b6d73df6b9,down5_h5_sp500,streak_down,dead,0.597,0.032
2026-08-04,str_b725749b5b,down3_h1_sp500,streak_down,dead,0.366,0.072
2026-08-04,str_b847620031,down4_h5_sp500,streak_down,dead,0.967,0.056
2026-08-04,str_b8d9734d1a,down4_h20_nasdaq,streak_down,dead,0.225,0.775
2026-08-04,str_b916af0ac0,down4_h5_nasdaq,streak_down,dead,0.267,0.044
2026-08-04,str_baa87542e8,down5_h20_nasdaq,streak_down,dead,0.176,0.461
2026-08-04,str_be41d45643,down3_h5_nasdaq,streak_down,dead,0.006,0.723
2026-08-04,str_be73a914d2,down4_h1_sp500,streak_down,dead,0.769,0.156
2026-08-04,str_df987e7acf,break3_h1_sp500,streak_break,dead,0.097,0.184
2026-08-04,str_eaadd5b6d1,break5_h1_nasdaq,streak_break,dead,0.655,0.179
2026-08-04,str_ecf1394eae,break3_h20_nasdaq,streak_break,dead,0.019,0.196
2026-08-04,tra_085bba7150,n504_h126_low_sp500,trailing_extreme,dead,0.798,0.9284
2026-08-04,tra_089dcbd8a1,n252_h126_high_nasdaq,trailing_extreme,dead,0.16,0.218
2026-08-04,tra_1f25b3bd0f,n126_h63_high_nasdaq,trailing_extreme,dead,0.637,0.56
2026-08-04,tra_22e8f33640,n126_h63_low_sp500,trailing_extreme,dead,0.923,0.351
2026-08-04,tra_4ced8af588,n252_h126_high_sp500,trailing_extreme,dead,0.103,0.101
2026-08-04,tra_5711325073,n504_h126_high_sp500,trailing_extreme,dead,0.544,0.023
2026-08-04,tra_9006717c86,n63_h21_low_nasdaq,trailing_extreme,dead,0.499,0.157
2026-08-04,tra_93edbbb9e4,n63_h21_high_sp500,trailing_extreme,dead,0.245,0.209
2026-08-04,tra_a60deafb82,n63_h21_high_nasdaq,trailing_extreme,dead,0.273,0.862
2026-08-04,tra_ace02affa1,n63_h21_low_sp500,trailing_extreme,dead,0.224,0.629
2026-08-04,tra_c5a6e7707e,n126_h63_low_nasdaq,trailing_extreme,dead,0.158,0.004
2026-08-04,tra_c802f55825,n252_h126_low_nasdaq,trailing_extreme,dead,0.447,0.3362
2026-08-04,tra_e355b4c138,n252_h126_low_sp500,trailing_extreme,dead,0.962,0.62
2026-08-04,tra_f8f8b8c0db,n126_h63_high_sp500,trailing_extreme,dead,0.366,0.017
2026-08-05,cal_021d07d02a,monthof_10_sp500,calendar,dead,0.928072,0.517483
2026-08-05,cal_02b889c7e0,monthof_8_sp500,calendar,dead,0.988012,0.761239
2026-08-05,cal_05facdcc22,quarter_end_sp500,calendar,dead,0.775225,0.726274
2026-08-05,cal_0662569f50,monthof_12_nasdaq,calendar,dead,0.498501,0.657343
2026-08-05,cal_116d0565a8,quarter_end_nasdaq,calendar,dead,0.886114,0.408591
2026-08-05,cal_11bf800cae,world_cup_year_nasdaq,calendar,dead,0.002997,0.090909
2026-08-05,cal_146a3e8961,dow_nasdaq,calendar,faded,0.000999,0.618382
2026-08-05,cal_19104677ae,monthof_6_sp500,calendar,dead,0.808192,0.468531
2026-08-05,cal_216be59585,monthof_11_nasdaq,calendar,dead,0.166833,0.361638
2026-08-05,cal_2a991b85ee,sell_in_may_nasdaq,calendar,dead,0.025974,0.543457
2026-08-05,cal_2bf2b4d53f,monthof_9_sp500,calendar,survive,0.000999,0.061938
2026-08-05,cal_2de632e38b,monthof_6_nasdaq,calendar,dead,0.998002,0.867133
2026-08-05,cal_2e5f17d421,month_nasdaq,calendar,inconclusive,0.323676,0.575425
2026-08-05,cal_2e7a9a5ca1,monthof_3_sp500,calendar,dead,0.644356,0.764236
2026-08-05,cal_345031f898,monthof_5_nasdaq,calendar,dead,0.637363,0.626374
2026-08-05,cal_398f5c0e31,opex_week_nasdaq,calendar,dead,0.597403,0.656344
2026-08-05,cal_433ee46bbe,opex_week_sp500,calendar,dead,0.232767,0.705295
2026-08-05,cal_456e8c2d5e,monthof_12_sp500,calendar,dead,0.240759,0.969031
2026-08-05,cal_4a891b25f0,monthof_8_nasdaq,calendar,dead,0.388611,0.933067
2026-08-05,cal_4aa242d26e,monthof_5_sp500,calendar,dead,0.257742,0.841159
2026-08-05,cal_4bf363bd79,monthof_7_sp500,calendar,dead,0.061938,0.412587
2026-08-05,cal_527d0ae2db,monthof_1_nasdaq,calendar,dead,0.053946,0.949051
2026-08-05,cal_579e6e1355,monthof_2_nasdaq,calendar,dead,0.393606,0.317682
2026-08-05,cal_597774dc60,monthof_1_sp500,calendar,dead,0.292707,0.526474
2026-08-05,cal_5a22160179,turn_of_month_sp500,calendar,faded,0.000999,0.228771
2026-08-05,cal_6a08a2ccb6,pre_holiday_nasdaq,calendar,dead,0.136863,0.212787
2026-08-05,cal_6ebedbd943,monthof_10_nasdaq,calendar,dead,0.666334,0.381618
2026-08-05,cal_6f4b839635,pre_fomc_nasdaq,calendar,dead,0.306693,0.310689
2026-08-05,cal_7114c0729a,month_sp500,calendar,inconclusive,0.023976,0.157842
2026-08-05,cal_7738ecb1bc,turn_of_month_nasdaq,calendar,faded,0.000999,0.167832
2026-08-05,cal_79870937ed,world_cup_year_sp500,calendar,dead,0.018981,0.201798
2026-08-05,cal_7ded9a48d4,monthof_2_sp500,calendar,dead,0.157842,0.270729
2026-08-05,cal_82e1f1d8c9,pre_holiday_sp500,calendar,dead,0.078921,0.141858
2026-08-05,cal_85cc7cc6d7,dow_sp500,calendar,faded,0.000999,0.831169
2026-08-05,cal_8669d8c09d,monthof_11_sp500,calendar,dead,0.421578,0.144855
2026-08-05,cal_87670427d9,january_sp500,calendar,dead,0.14985,0.738262
2026-08-05,cal_8d5125126b,term_year3_sp500,calendar,inconclusive,0.04995,
2026-08-05,cal_8fe611a742,santa_nasdaq,calendar,dead,0.00999,0.217782
2026-08-05,cal_94c08fa012,santa_sp500,calendar,faded,0.000999,0.195804
2026-08-05,cal_ba8471031e,pre_fomc_sp500,calendar,dead,0.151848,0.150849
2026-08-05,cal_bbcc723bdf,decade_digit_sp500,calendar,inconclusive,0.163836,
2026-08-05,cal_bc77212229,sell_in_may_sp500,calendar,dead,0.097902,0.266733
2026-08-05,cal_c3a33a6db5,monthof_4_sp500,calendar,dead,0.211788,0.198801
2026-08-05,cal_c8b0832b2e,monthof_7_nasdaq,calendar,dead,0.829171,0.553447
2026-08-05,cal_d4de5634d3,september_nasdaq,calendar,dead,0.006993,0.020979
2026-08-05,cal_e041ed5979,monthof_3_nasdaq,calendar,dead,0.61039,0.802198
2026-08-05,cal_e3052fad5c,monthof_4_nasdaq,calendar,dead,0.391608,0.518482
2026-08-05,cal_ec09c00a99,presidential_cycle_sp500,calendar,inconclusive,0.300699,
2026-08-05,cal_f70ee53794,monthof_9_nasdaq,calendar,dead,0.018981,0.048951
2026-08-05,cal_f80dd36a7a,january_nasdaq,calendar,dead,0.025974,0.48951
2026-08-05,cal_f923f81493,september_sp500,calendar,survive,0.000999,0.021978
2026-08-05,fac_4beec74249,BTC_mom20_neg,factor,dead,0.005,0.003
2026-08-05,fac_70486895ee,dxy_rising,factor,dead,0.471,0.726
2026-08-05,fac_7578b1d58f,vix_backwardation,factor,dead,0.841,0.641
2026-08-05,fac_778b84a969,NASDAQ_mom20_neg,factor,dead,0.045,0.534
2026-08-05,fac_79cf4a9a7b,NASDAQ_above_ma200,factor,dead,0.009,0.11
2026-08-05,fac_a1bf6a105c,nasdaq_rsi_overbought,factor,dead,0.288,0.356
2026-08-05,fac_ab89704768,nasdaq_high_vol,factor,dead,0.004,0.907
2026-08-05,fac_bed960d3e2,NASDAQ_mom20_pos,factor,dead,0.391,0.612
2026-08-05,fac_c872e5eb69,BTC_above_ma200,factor,dead,0.1,0.092
2026-08-05,fac_cc60102eac,dxy_falling,factor,dead,0.785,0.919
2026-08-05,fac_d738a0c3fd,nasdaq_low_vol,factor,dead,0.272,0.624
2026-08-05,fac_d8a4f38258,overnight_mom_neg,factor,dead,0.307,0.421
2026-08-05,fac_dcbd9f57b5,overnight_mom_pos,factor,dead,0.307,0.421
2026-08-05,fac_e2be6309e8,nasdaq_rsi_oversold,factor,dead,0.577,0.448
2026-08-05,fac_f834dcf2c0,BTC_mom20_pos,factor,survive,0.0,0.0
2026-08-05,opt_13e0620c3f,total_pc_lo_h10,options_sentiment,dead,0.601,0.601
2026-08-05,opt_2bdac60949,total_pc_hi_h10,options_sentiment,dead,0.827,0.827
2026-08-05,opt_6b7c040f34,equity_pc_hi_h20,options_sentiment,dead,0.99,0.99
2026-08-05,opt_706c7e01ed,equity_pc_lo_h20,options_sentiment,dead,0.116,0.116
2026-08-05,opt_aad2768b05,total_pc_hi_h20,options_sentiment,dead,0.408,0.408
2026-08-05,opt_c8998dbbe6,equity_pc_lo_h10,options_sentiment,dead,0.752,0.752
2026-08-05,opt_d6053cc7a0,total_pc_lo_h20,options_sentiment,dead,0.407,0.407
2026-08-05,opt_f09bd225c9,equity_pc_hi_h10,options_sentiment,dead,0.519,0.519
2026-08-05,pos_0e8203cb20,legacy_noncomm_pct_oi_hi_h20_sp500,positioning,dead,0.807,0.807
2026-08-05,pos_3b1f2f7be5,legacy_noncomm_pct_oi_lo_h60_nasdaq100,positioning,survive,0.0,0.0
2026-08-05,pos_4503921189,legacy_noncomm_pct_oi_lo_h20_sp500,positioning,dead,0.306,0.306
2026-08-05,pos_46e606b679,tff_lev_net_pct_oi_hi_h60_sp500,positioning,dead,0.826,0.826
2026-08-05,pos_4f52a87fc8,tff_lev_net_pct_oi_hi_h20_sp500,positioning,dead,0.646,0.646
2026-08-05,pos_5618fa6478,tff_lev_net_pct_oi_lo_h60_nasdaq100,positioning,dead,0.01,0.01
2026-08-05,pos_566a8459e8,tff_lev_net_pct_oi_lo_h20_nasdaq100,positioning,dead,0.485,0.485
2026-08-05,pos_69b292d2ff,legacy_noncomm_pct_oi_lo_h20_nasdaq100,positioning,dead,0.124,0.124
2026-08-05,pos_74c61491cb,legacy_noncomm_pct_oi_hi_h20_nasdaq100,positioning,dead,0.219,0.219
2026-08-05,pos_771e2a7ea4,tff_lev_net_pct_oi_lo_h20_sp500,positioning,dead,0.02,0.02
2026-08-05,pos_951ab21851,tff_lev_net_pct_oi_lo_h60_sp500,positioning,dead,0.173,0.173
2026-08-05,pos_ad633d4d56,tff_lev_net_pct_oi_hi_h60_nasdaq100,positioning,dead,0.109,0.109
2026-08-05,pos_c5297400c9,legacy_noncomm_pct_oi_lo_h60_sp500,positioning,dead,0.66,0.66
2026-08-05,pos_d898f33d4c,tff_lev_net_pct_oi_hi_h20_nasdaq100,positioning,dead,0.195,0.195
2026-08-05,pos_f7aa0cde34,legacy_noncomm_pct_oi_hi_h60_sp500,positioning,dead,0.478,0.478
2026-08-05,pos_fb69e287a1,legacy_noncomm_pct_oi_hi_h60_nasdaq100,positioning,dead,0.921,0.921
2026-08-05,reb_018df927fb,p1_h5_sp500,rebound,dead,0.252,0.613
2026-08-05,reb_0b54f655e4,p10_h1_nasdaq,rebound,faded,0.0,0.333
2026-08-05,reb_183bf3c31c,p5_h1_sp500,rebound,dead,0.892,0.255
2026-08-05,reb_2617209d72,p10_h5_nasdaq,rebound,faded,0.001,0.205
2026-08-05,reb_2b218993db,p1_h5_nasdaq,rebound,dead,0.543,0.888
2026-08-05,reb_7155c924ca,p10_h1_sp500,rebound,dead,0.275,0.077
2026-08-05,reb_7e3e4a8d62,p1_h1_sp500,rebound,dead,0.265,0.53
2026-08-05,reb_8055fe6f4a,p1_h1_nasdaq,rebound,dead,0.236,0.487
2026-08-05,reb_91f1615526,p10_h5_sp500,rebound,dead,0.039,0.692
2026-08-05,reb_9adb2feef5,p5_h1_nasdaq,rebound,survive,0.0,0.086
2026-08-05,reb_b016e921c3,p5_h5_sp500,rebound,dead,0.361,0.682
2026-08-05,reb_b61bcf84d2,p5_h5_nasdaq,rebound,dead,0.037,0.059
2026-08-05,reg_74448026aa,golden_cross_sp500,regime,survive,0.0,0.017
2026-08-05,reg_9c0efb465b,golden_cross_nasdaq,regime,dead,0.067,0.072
2026-08-05,str_104f8d7bd8,break3_h1_nasdaq,streak_break,dead,0.831,0.455
2026-08-05,str_10ce6fe56e,down4_h1_nasdaq,streak_down,dead,0.002,0.689
2026-08-05,str_1560c11bbd,break5_h5_nasdaq,streak_break,dead,0.795,0.368
2026-08-05,str_16775f1703,break3_h5_nasdaq,streak_break,dead,0.604,0.49
2026-08-05,str_1b6fe1e8ca,down3_h5_sp500,streak_down,dead,0.244,0.877
2026-08-05,str_36b9f79448,down3_h1_nasdaq,streak_down,dead,0.028,0.54
2026-08-05,str_4320d0a275,break3_h5_sp500,streak_break,dead,0.792,0.491
2026-08-05,str_43ea43f9bc,down3_h20_nasdaq,streak_down,dead,0.007,0.149
2026-08-05,str_5824ee8bd5,break5_h5_sp500,streak_break,dead,0.882,0.831
2026-08-05,str_79e97ed91e,down5_h5_nasdaq,streak_down,dead,0.05,0.062
2026-08-05,str_7fd52c09bf,down5_h20_sp500,streak_down,dead,0.836,0.13
2026-08-05,str_7ff66aade6,break5_h1_sp500,streak_break,dead,0.254,0.749
2026-08-05,str_8969baac75,break3_h20_sp500,streak_break,dead,0.019,0.347
2026-08-05,str_8bc1b7d951,down3_h20_sp500,streak_down,dead,0.063,0.908
2026-08-05,str_8c2a185099,down5_h1_sp500,streak_down,dead,0.327,0.009
2026-08-05,str_947583c00a,break5_h20_nasdaq,streak_break,dead,0.153,0.769
2026-08-05,str_9638e678bf,down4_h20_sp500,streak_down,dead,0.425,0.044
2026-08-05,str_a754f69e1f,break5_h20_sp500,streak_break,dead,0.461,0.892
2026-08-05,str_b2f9430e92,down5_h1_nasdaq,streak_down,dead,0.727,0.153
2026-08-05,str_b6d73df6b9,down5_h5_sp500,streak_down,dead,0.581,0.03
2026-08-05,str_b725749b5b,down3_h1_sp500,streak_down,dead,0.388,0.076
2026-08-05,str_b847620031,down4_h5_sp500,streak_down,dead,0.988,0.044
2026-08-05,str_b8d9734d1a,down4_h20_nasdaq,streak_down,dead,0.219,0.762
2026-08-05,str_b916af0ac0,down4_h5_nasdaq,streak_down,dead,0.278,0.043
2026-08-05,str_baa87542e8,down5_h20_nasdaq,streak_down,dead,0.173,0.457
2026-08-05,str_be41d45643,down3_h5_nasdaq,streak_down,dead,0.008,0.725
2026-08-05,str_be73a914d2,down4_h1_sp500,streak_down,dead,0.735,0.153
2026-08-05,str_df987e7acf,break3_h1_sp500,streak_break,dead,0.081,0.16
2026-08-05,str_eaadd5b6d1,break5_h1_nasdaq,streak_break,dead,0.656,0.171
2026-08-05,str_ecf1394eae,break3_h20_nasdaq,streak_break,dead,0.016,0.206
2026-08-05,tra_085bba7150,n504_h126_low_sp500,trailing_extreme,dead,0.8,0.9274
2026-08-05,tra_089dcbd8a1,n252_h126_high_nasdaq,trailing_extreme,dead,0.159,0.217
2026-08-05,tra_1f25b3bd0f,n126_h63_high_nasdaq,trailing_extreme,dead,0.632,0.555
2026-08-05,tra_22e8f33640,n126_h63_low_sp500,trailing_extreme,dead,0.934,0.35
2026-08-05,tra_4ced8af588,n252_h126_high_sp500,trailing_extreme,dead,0.101,0.099
2026-08-05,tra_5711325073,n504_h126_high_sp500,trailing_extreme,dead,0.533,0.023
2026-08-05,tra_9006717c86,n63_h21_low_nasdaq,trailing_extreme,dead,0.488,0.16
2026-08-05,tra_93edbbb9e4,n63_h21_high_sp500,trailing_extreme,dead,0.24,0.201
2026-08-05,tra_a60deafb82,n63_h21_high_nasdaq,trailing_extreme,dead,0.273,0.868
2026-08-05,tra_ace02affa1,n63_h21_low_sp500,trailing_extreme,dead,0.219,0.629
2026-08-05,tra_c5a6e7707e,n126_h63_low_nasdaq,trailing_extreme,dead,0.159,0.003
2026-08-05,tra_c802f55825,n252_h126_low_nasdaq,trailing_extreme,dead,0.445,0.3382
2026-08-05,tra_e355b4c138,n252_h126_low_sp500,trailing_extreme,dead,0.961,0.621
2026-08-05,tra_f8f8b8c0db,n126_h63_high_sp500,trailing_extreme,dead,0.371,0.018
2026-08-06,cal_021d07d02a,monthof_10_sp500,calendar,dead,0.917083,0.504496
2026-08-06,cal_02b889c7e0,monthof_8_sp500,calendar,dead,0.968032,0.727273
2026-08-06,cal_05facdcc22,quarter_end_sp500,calendar,dead,0.797203,0.691309
2026-08-06,cal_0662569f50,monthof_12_nasdaq,calendar,dead,0.508492,0.622378
2026-08-06,cal_116d0565a8,quarter_end_nasdaq,calendar,dead,0.877123,0.416583
2026-08-06,cal_11bf800cae,world_cup_year_nasdaq,calendar,dead,0.001998,0.097902
2026-08-06,cal_146a3e8961,dow_nasdaq,calendar,faded,0.000999,0.61039
2026-08-06,cal_19104677ae,monthof_6_sp500,calendar,dead,0.811189,0.485514
2026-08-06,cal_216be59585,monthof_11_nasdaq,calendar,dead,0.172827,0.37962
2026-08-06,cal_2a991b85ee,sell_in_may_nasdaq,calendar,dead,0.020979,0.505495
2026-08-06,cal_2bf2b4d53f,monthof_9_sp500,calendar,dead,0.001998,0.057942
2026-08-06,cal_2de632e38b,monthof_6_nasdaq,calendar,dead,0.996004,0.884116
2026-08-06,cal_2e5f17d421,month_nasdaq,calendar,inconclusive,0.320679,0.577423
2026-08-06,cal_2e7a9a5ca1,monthof_3_sp500,calendar,dead,0.687313,0.766234
2026-08-06,cal_345031f898,monthof_5_nasdaq,calendar,dead,0.616384,0.645355
2026-08-06,cal_398f5c0e31,opex_week_nasdaq,calendar,dead,0.627373,0.678322
2026-08-06,cal_433ee46bbe,opex_week_sp500,calendar,dead,0.242757,0.701299
2026-08-06,cal_456e8c2d5e,monthof_12_sp500,calendar,dead,0.254745,0.978022
2026-08-06,cal_4a891b25f0,monthof_8_nasdaq,calendar,dead,0.36963,0.887113
2026-08-06,cal_4aa242d26e,monthof_5_sp500,calendar,dead,0.256743,0.857143
2026-08-06,cal_4bf363bd79,monthof_7_sp500,calendar,dead,0.064935,0.407592
2026-08-06,cal_527d0ae2db,monthof_1_nasdaq,calendar,dead,0.044955,0.922078
2026-08-06,cal_579e6e1355,monthof_2_nasdaq,calendar,dead,0.42957,0.336663
2026-08-06,cal_597774dc60,monthof_1_sp500,calendar,dead,0.301698,0.533467
2026-08-06,cal_5a22160179,turn_of_month_sp500,calendar,faded,0.000999,0.187812
2026-08-06,cal_6a08a2ccb6,pre_holiday_nasdaq,calendar,dead,0.118881,0.202797
2026-08-06,cal_6ebedbd943,monthof_10_nasdaq,calendar,dead,0.679321,0.363636
2026-08-06,cal_6f4b839635,pre_fomc_nasdaq,calendar,dead,0.290709,0.296703
2026-08-06,cal_7114c0729a,month_sp500,calendar,inconclusive,0.023976,0.15984
2026-08-06,cal_7738ecb1bc,turn_of_month_nasdaq,calendar,faded,0.000999,0.161838
2026-08-06,cal_79870937ed,world_cup_year_sp500,calendar,dead,0.010989,0.201798
2026-08-06,cal_7ded9a48d4,monthof_2_sp500,calendar,dead,0.155844,0.224775
2026-08-06,cal_82e1f1d8c9,pre_holiday_sp500,calendar,dead,0.073926,0.13986
2026-08-06,cal_85cc7cc6d7,dow_sp500,calendar,faded,0.000999,0.835165
2026-08-06,cal_8669d8c09d,monthof_11_sp500,calendar,dead,0.442557,0.120879
2026-08-06,cal_87670427d9,january_sp500,calendar,dead,0.14985,0.741259
2026-08-06,cal_8d5125126b,term_year3_sp500,calendar,inconclusive,0.04995,
2026-08-06,cal_8fe611a742,santa_nasdaq,calendar,dead,0.013986,0.192807
2026-08-06,cal_94c08fa012,santa_sp500,calendar,dead,0.001998,0.190809
2026-08-06,cal_ba8471031e,pre_fomc_sp500,calendar,dead,0.121878,0.123876
2026-08-06,cal_bbcc723bdf,decade_digit_sp500,calendar,inconclusive,0.163836,
2026-08-06,cal_bc77212229,sell_in_may_sp500,calendar,dead,0.082917,0.232767
2026-08-06,cal_c3a33a6db5,monthof_4_sp500,calendar,dead,0.20979,0.223776
2026-08-06,cal_c8b0832b2e,monthof_7_nasdaq,calendar,dead,0.844156,0.593407
2026-08-06,cal_d4de5634d3,september_nasdaq,calendar,dead,0.005994,0.024975
2026-08-06,cal_e041ed5979,monthof_3_nasdaq,calendar,dead,0.599401,0.782218
2026-08-06,cal_e3052fad5c,monthof_4_nasdaq,calendar,dead,0.423576,0.508492
2026-08-06,cal_ec09c00a99,presidential_cycle_sp500,calendar,inconclusive,0.300699,
2026-08-06,cal_f70ee53794,monthof_9_nasdaq,calendar,dead,0.015984,0.058941
2026-08-06,cal_f80dd36a7a,january_nasdaq,calendar,dead,0.030969,0.485514
2026-08-06,cal_f923f81493,september_sp500,calendar,survive,0.000999,0.044955
2026-08-06,fac_4beec74249,BTC_mom20_neg,factor,dead,0.004,0.003
2026-08-06,fac_70486895ee,dxy_rising,factor,dead,0.463,0.726
2026-08-06,fac_7578b1d58f,vix_backwardation,factor,dead,0.842,0.641
2026-08-06,fac_778b84a969,NASDAQ_mom20_neg,factor,dead,0.048,0.54
2026-08-06,fac_79cf4a9a7b,NASDAQ_above_ma200,factor,dead,0.009,0.114
2026-08-06,fac_a1bf6a105c,nasdaq_rsi_overbought,factor,dead,0.288,0.361
2026-08-06,fac_ab89704768,nasdaq_high_vol,factor,dead,0.004,0.905
2026-08-06,fac_bed960d3e2,NASDAQ_mom20_pos,factor,dead,0.402,0.62
2026-08-06,fac_c872e5eb69,BTC_above_ma200,factor,dead,0.1,0.094
2026-08-06,fac_cc60102eac,dxy_falling,factor,dead,0.781,0.922
2026-08-06,fac_d738a0c3fd,nasdaq_low_vol,factor,dead,0.272,0.649
2026-08-06,fac_d8a4f38258,overnight_mom_neg,factor,dead,0.302,0.424
2026-08-06,fac_dcbd9f57b5,overnight_mom_pos,factor,dead,0.302,0.424
2026-08-06,fac_e2be6309e8,nasdaq_rsi_oversold,factor,dead,0.587,0.444
2026-08-06,fac_f834dcf2c0,BTC_mom20_pos,factor,survive,0.0,0.0
2026-08-06,opt_13e0620c3f,total_pc_lo_h10,options_sentiment,dead,0.592,0.592
2026-08-06,opt_2bdac60949,total_pc_hi_h10,options_sentiment,dead,0.831,0.831
2026-08-06,opt_6b7c040f34,equity_pc_hi_h20,options_sentiment,dead,0.974,0.974
2026-08-06,opt_706c7e01ed,equity_pc_lo_h20,options_sentiment,dead,0.118,0.118
2026-08-06,opt_aad2768b05,total_pc_hi_h20,options_sentiment,dead,0.398,0.398
2026-08-06,opt_c8998dbbe6,equity_pc_lo_h10,options_sentiment,dead,0.775,0.775
2026-08-06,opt_d6053cc7a0,total_pc_lo_h20,options_sentiment,dead,0.415,0.415
2026-08-06,opt_f09bd225c9,equity_pc_hi_h10,options_sentiment,dead,0.511,0.511
2026-08-06,pos_0e8203cb20,legacy_noncomm_pct_oi_hi_h20_sp500,positioning,dead,0.8,0.8
2026-08-06,pos_3b1f2f7be5,legacy_noncomm_pct_oi_lo_h60_nasdaq100,positioning,survive,0.0,0.0
2026-08-06,pos_4503921189,legacy_noncomm_pct_oi_lo_h20_sp500,positioning,dead,0.306,0.306
2026-08-06,pos_46e606b679,tff_lev_net_pct_oi_hi_h60_sp500,positioning,dead,0.828,0.828
2026-08-06,pos_4f52a87fc8,tff_lev_net_pct_oi_hi_h20_sp500,positioning,dead,0.656,0.656
2026-08-06,pos_5618fa6478,tff_lev_net_pct_oi_lo_h60_nasdaq100,positioning,dead,0.01,0.01
2026-08-06,pos_566a8459e8,tff_lev_net_pct_oi_lo_h20_nasdaq100,positioning,dead,0.471,0.471
2026-08-06,pos_69b292d2ff,legacy_noncomm_pct_oi_lo_h20_nasdaq100,positioning,dead,0.121,0.121
2026-08-06,pos_74c61491cb,legacy_noncomm_pct_oi_hi_h20_nasdaq100,positioning,dead,0.217,0.217
2026-08-06,pos_771e2a7ea4,tff_lev_net_pct_oi_lo_h20_sp500,positioning,dead,0.021,0.021
2026-08-06,pos_951ab21851,tff_lev_net_pct_oi_lo_h60_sp500,positioning,dead,0.176,0.176
2026-08-06,pos_ad633d4d56,tff_lev_net_pct_oi_hi_h60_nasdaq100,positioning,dead,0.107,0.107
2026-08-06,pos_c5297400c9,legacy_noncomm_pct_oi_lo_h60_sp500,positioning,dead,0.66,0.66
2026-08-06,pos_d898f33d4c,tff_lev_net_pct_oi_hi_h20_nasdaq100,positioning,dead,0.198,0.198
2026-08-06,pos_f7aa0cde34,legacy_noncomm_pct_oi_hi_h60_sp500,positioning,dead,0.483,0.483
2026-08-06,pos_fb69e287a1,legacy_noncomm_pct_oi_hi_h60_nasdaq100,positioning,dead,0.924,0.924
2026-08-06,reb_018df927fb,p1_h5_sp500,rebound,dead,0.251,0.643
2026-08-06,reb_0b54f655e4,p10_h1_nasdaq,rebound,faded,0.0,0.334
2026-08-06,reb_183bf3c31c,p5_h1_sp500,rebound,dead,0.959,0.245
2026-08-06,reb_2617209d72,p10_h5_nasdaq,rebound,faded,0.001,0.212
2026-08-06,reb_2b218993db,p1_h5_nasdaq,rebound,dead,0.56,0.897
2026-08-06,reb_7155c924ca,p10_h1_sp500,rebound,dead,0.281,0.082
2026-08-06,reb_7e3e4a8d62,p1_h1_sp500,rebound,dead,0.244,0.537
2026-08-06,reb_8055fe6f4a,p1_h1_nasdaq,rebound,dead,0.237,0.485
2026-08-06,reb_91f1615526,p10_h5_sp500,rebound,dead,0.041,0.671
2026-08-06,reb_9adb2feef5,p5_h1_nasdaq,rebound,survive,0.0,0.086
2026-08-06,reb_b016e921c3,p5_h5_sp500,rebound,dead,0.347,0.671
2026-08-06,reb_b61bcf84d2,p5_h5_nasdaq,rebound,dead,0.038,0.06
2026-08-06,reg_74448026aa,golden_cross_sp500,regime,survive,0.0,0.014
2026-08-06,reg_9c0efb465b,golden_cross_nasdaq,regime,dead,0.066,0.071
2026-08-06,str_104f8d7bd8,break3_h1_nasdaq,streak_break,dead,0.824,0.408
2026-08-06,str_10ce6fe56e,down4_h1_nasdaq,streak_down,dead,0.002,0.691
2026-08-06,str_1560c11bbd,break5_h5_nasdaq,streak_break,dead,0.815,0.318
2026-08-06,str_16775f1703,break3_h5_nasdaq,streak_break,dead,0.617,0.47
2026-08-06,str_1b6fe1e8ca,down3_h5_sp500,streak_down,dead,0.224,0.861
2026-08-06,str_36b9f79448,down3_h1_nasdaq,streak_down,dead,0.028,0.554
2026-08-06,str_4320d0a275,break3_h5_sp500,streak_break,dead,0.807,0.49
2026-08-06,str_43ea43f9bc,down3_h20_nasdaq,streak_down,dead,0.005,0.147
2026-08-06,str_5824ee8bd5,break5_h5_sp500,streak_break,dead,0.892,0.815
2026-08-06,str_79e97ed91e,down5_h5_nasdaq,streak_down,dead,0.051,0.061
2026-08-06,str_7fd52c09bf,down5_h20_sp500,streak_down,dead,0.837,0.133
2026-08-06,str_7ff66aade6,break5_h1_sp500,streak_break,dead,0.3,0.77
2026-08-06,str_8969baac75,break3_h20_sp500,streak_break,dead,0.023,0.357
2026-08-06,str_8bc1b7d951,down3_h20_sp500,streak_down,dead,0.065,0.913
2026-08-06,str_8c2a185099,down5_h1_sp500,streak_down,dead,0.317,0.01
2026-08-06,str_947583c00a,break5_h20_nasdaq,streak_break,dead,0.156,0.774
2026-08-06,str_9638e678bf,down4_h20_sp500,streak_down,dead,0.415,0.041
2026-08-06,str_a754f69e1f,break5_h20_sp500,streak_break,dead,0.462,0.889
2026-08-06,str_b2f9430e92,down5_h1_nasdaq,streak_down,dead,0.733,0.145
2026-08-06,str_b6d73df6b9,down5_h5_sp500,streak_down,dead,0.584,0.026
2026-08-06,str_b725749b5b,down3_h1_sp500,streak_down,dead,0.359,0.069
2026-08-06,str_b847620031,down4_h5_sp500,streak_down,dead,0.968,0.049
2026-08-06,str_b8d9734d1a,down4_h20_nasdaq,streak_down,dead,0.222,0.793
2026-08-06,str_b916af0ac0,down4_h5_nasdaq,streak_down,dead,0.259,0.039
2026-08-06,str_baa87542e8,down5_h20_nasdaq,streak_down,dead,0.157,0.443
2026-08-06,str_be41d45643,down3_h5_nasdaq,streak_down,dead,0.008,0.732
2026-08-06,str_be73a914d2,down4_h1_sp500,streak_down,dead,0.749,0.187
2026-08-06,str_df987e7acf,break3_h1_sp500,streak_break,dead,0.101,0.177
2026-08-06,str_eaadd5b6d1,break5_h1_nasdaq,streak_break,dead,0.649,0.169
2026-08-06,str_ecf1394eae,break3_h20_nasdaq,streak_break,dead,0.017,0.207
2026-08-06,tra_085bba7150,n504_h126_low_sp500,trailing_extreme,dead,0.789,0.9274
2026-08-06,tra_089dcbd8a1,n252_h126_high_nasdaq,trailing_extreme,dead,0.161,0.218
2026-08-06,tra_1f25b3bd0f,n126_h63_high_nasdaq,trailing_extreme,dead,0.637,0.554
2026-08-06,tra_22e8f33640,n126_h63_low_sp500,trailing_extreme,dead,0.927,0.353
2026-08-06,tra_4ced8af588,n252_h126_high_sp500,trailing_extreme,dead,0.103,0.096
2026-08-06,tra_5711325073,n504_h126_high_sp500,trailing_extreme,dead,0.532,0.024
2026-08-06,tra_9006717c86,n63_h21_low_nasdaq,trailing_extreme,dead,0.486,0.157
2026-08-06,tra_93edbbb9e4,n63_h21_high_sp500,trailing_extreme,dead,0.227,0.193
2026-08-06,tra_a60deafb82,n63_h21_high_nasdaq,trailing_extreme,dead,0.261,0.878
2026-08-06,tra_ace02affa1,n63_h21_low_sp500,trailing_extreme,dead,0.228,0.631
2026-08-06,tra_c5a6e7707e,n126_h63_low_nasdaq,trailing_extreme,dead,0.157,0.003
2026-08-06,tra_c802f55825,n252_h126_low_nasdaq,trailing_extreme,dead,0.445,0.3372
2026-08-06,tra_e355b4c138,n252_h126_low_sp500,trailing_extreme,dead,0.957,0.622
2026-08-06,tra_f8f8b8c0db,n126_h63_high_sp500,trailing_extreme,dead,0.365,0.018
2026-08-07,cal_021d07d02a,monthof_10_sp500,calendar,dead,0.917083,0.501499
2026-08-07,cal_02b889c7e0,monthof_8_sp500,calendar,dead,0.964036,0.72028
2026-08-07,cal_05facdcc22,quarter_end_sp500,calendar,dead,0.796204,0.691309
2026-08-07,cal_0662569f50,monthof_12_nasdaq,calendar,dead,0.508492,0.623377
2026-08-07,cal_116d0565a8,quarter_end_nasdaq,calendar,dead,0.876124,0.418581
2026-08-07,cal_11bf800cae,world_cup_year_nasdaq,calendar,dead,0.001998,0.092907
2026-08-07,cal_146a3e8961,dow_nasdaq,calendar,faded,0.000999,0.616384
2026-08-07,cal_19104677ae,monthof_6_sp500,calendar,dead,0.811189,0.486513
2026-08-07,cal_216be59585,monthof_11_nasdaq,calendar,dead,0.172827,0.378621
2026-08-07,cal_2a991b85ee,sell_in_may_nasdaq,calendar,dead,0.020979,0.504496
2026-08-07,cal_2bf2b4d53f,monthof_9_sp500,calendar,dead,0.001998,0.056943
2026-08-07,cal_2de632e38b,monthof_6_nasdaq,calendar,dead,0.995005,0.884116
2026-08-07,cal_2e5f17d421,month_nasdaq,calendar,inconclusive,0.31968,0.579421
2026-08-07,cal_2e7a9a5ca1,monthof_3_sp500,calendar,dead,0.688312,0.765235
2026-08-07,cal_345031f898,monthof_5_nasdaq,calendar,dead,0.614386,0.64036
2026-08-07,cal_398f5c0e31,opex_week_nasdaq,calendar,dead,0.626374,0.681319
2026-08-07,cal_433ee46bbe,opex_week_sp500,calendar,dead,0.243756,0.701299
2026-08-07,cal_456e8c2d5e,monthof_12_sp500,calendar,dead,0.254745,0.979021
2026-08-07,cal_4a891b25f0,monthof_8_nasdaq,calendar,dead,0.364635,0.878122
2026-08-07,cal_4aa242d26e,monthof_5_sp500,calendar,dead,0.255744,0.854146
2026-08-07,cal_4bf363bd79,monthof_7_sp500,calendar,dead,0.064935,0.408591
2026-08-07,cal_527d0ae2db,monthof_1_nasdaq,calendar,dead,0.044955,0.923077
2026-08-07,cal_579e6e1355,monthof_2_nasdaq,calendar,dead,0.42957,0.336663
2026-08-07,cal_597774dc60,monthof_1_sp500,calendar,dead,0.301698,0.535465
2026-08-07,cal_5a22160179,turn_of_month_sp500,calendar,faded,0.000999,0.191808
2026-08-07,cal_6a08a2ccb6,pre_holiday_nasdaq,calendar,dead,0.118881,0.202797
2026-08-07,cal_6ebedbd943,monthof_10_nasdaq,calendar,dead,0.681319,0.363636
2026-08-07,cal_6f4b839635,pre_fomc_nasdaq,calendar,dead,0.290709,0.295704
2026-08-07,cal_7114c0729a,month_sp500,calendar,inconclusive,0.024975,0.156843
2026-08-07,cal_7738ecb1bc,turn_of_month_nasdaq,calendar,faded,0.000999,0.162837
2026-08-07,cal_79870937ed,world_cup_year_sp500,calendar,dead,0.010989,0.197802
2026-08-07,cal_7ded9a48d4,monthof_2_sp500,calendar,dead,0.155844,0.224775
2026-08-07,cal_82e1f1d8c9,pre_holiday_sp500,calendar,dead,0.073926,0.13986
2026-08-07,cal_85cc7cc6d7,dow_sp500,calendar,faded,0.000999,0.835165
2026-08-07,cal_8669d8c09d,monthof_11_sp500,calendar,dead,0.442557,0.120879
2026-08-07,cal_87670427d9,january_sp500,calendar,dead,0.14985,0.741259
2026-08-07,cal_8d5125126b,term_year3_sp500,calendar,inconclusive,0.04995,
2026-08-07,cal_8fe611a742,santa_nasdaq,calendar,dead,0.013986,0.192807
2026-08-07,cal_94c08fa012,santa_sp500,calendar,dead,0.001998,0.190809
2026-08-07,cal_ba8471031e,pre_fomc_sp500,calendar,dead,0.121878,0.122877
2026-08-07,cal_bbcc723bdf,decade_digit_sp500,calendar,inconclusive,0.163836,
2026-08-07,cal_bc77212229,sell_in_may_sp500,calendar,dead,0.081918,0.232767
2026-08-07,cal_c3a33a6db5,monthof_4_sp500,calendar,dead,0.20979,0.223776
2026-08-07,cal_c8b0832b2e,monthof_7_nasdaq,calendar,dead,0.844156,0.592408
2026-08-07,cal_d4de5634d3,september_nasdaq,calendar,dead,0.005994,0.024975
2026-08-07,cal_e041ed5979,monthof_3_nasdaq,calendar,dead,0.6004,0.781219
2026-08-07,cal_e3052fad5c,monthof_4_nasdaq,calendar,dead,0.423576,0.506494
2026-08-07,cal_ec09c00a99,presidential_cycle_sp500,calendar,inconclusive,0.300699,
2026-08-07,cal_f70ee53794,monthof_9_nasdaq,calendar,dead,0.015984,0.05994
2026-08-07,cal_f80dd36a7a,january_nasdaq,calendar,dead,0.030969,0.485514
2026-08-07,cal_f923f81493,september_sp500,calendar,survive,0.000999,0.044955
2026-08-07,fac_4beec74249,BTC_mom20_neg,factor,dead,0.004,0.003
2026-08-07,fac_70486895ee,dxy_rising,factor,dead,0.463,0.726
2026-08-07,fac_7578b1d58f,vix_backwardation,factor,dead,0.842,0.641
2026-08-07,fac_778b84a969,NASDAQ_mom20_neg,factor,dead,0.048,0.54
2026-08-07,fac_79cf4a9a7b,NASDAQ_above_ma200,factor,dead,0.009,0.114
2026-08-07,fac_a1bf6a105c,nasdaq_rsi_overbought,factor,dead,0.288,0.361
2026-08-07,fac_ab89704768,nasdaq_high_vol,factor,dead,0.004,0.905
2026-08-07,fac_bed960d3e2,NASDAQ_mom20_pos,factor,dead,0.402,0.62
2026-08-07,fac_c872e5eb69,BTC_above_ma200,factor,dead,0.1,0.094
2026-08-07,fac_cc60102eac,dxy_falling,factor,dead,0.781,0.922
2026-08-07,fac_d738a0c3fd,nasdaq_low_vol,factor,dead,0.272,0.649
2026-08-07,fac_d8a4f38258,overnight_mom_neg,factor,dead,0.302,0.424
2026-08-07,fac_dcbd9f57b5,overnight_mom_pos,factor,dead,0.302,0.424
2026-08-07,fac_e2be6309e8,nasdaq_rsi_oversold,factor,dead,0.587,0.444
2026-08-07,fac_f834dcf2c0,BTC_mom20_pos,factor,survive,0.0,0.0
2026-08-07,opt_13e0620c3f,total_pc_lo_h10,options_sentiment,dead,0.592,0.592
2026-08-07,opt_2bdac60949,total_pc_hi_h10,options_sentiment,dead,0.831,0.831
2026-08-07,opt_6b7c040f34,equity_pc_hi_h20,options_sentiment,dead,0.974,0.974
2026-08-07,opt_706c7e01ed,equity_pc_lo_h20,options_sentiment,dead,0.118,0.118
2026-08-07,opt_aad2768b05,total_pc_hi_h20,options_sentiment,dead,0.398,0.398
2026-08-07,opt_c8998dbbe6,equity_pc_lo_h10,options_sentiment,dead,0.775,0.775
2026-08-07,opt_d6053cc7a0,total_pc_lo_h20,options_sentiment,dead,0.415,0.415
2026-08-07,opt_f09bd225c9,equity_pc_hi_h10,options_sentiment,dead,0.511,0.511
2026-08-07,pos_0e8203cb20,legacy_noncomm_pct_oi_hi_h20_sp500,positioning,dead,0.8,0.8
2026-08-07,pos_3b1f2f7be5,legacy_noncomm_pct_oi_lo_h60_nasdaq100,positioning,survive,0.0,0.0
2026-08-07,pos_4503921189,legacy_noncomm_pct_oi_lo_h20_sp500,positioning,dead,0.306,0.306
2026-08-07,pos_46e606b679,tff_lev_net_pct_oi_hi_h60_sp500,positioning,dead,0.828,0.828
2026-08-07,pos_4f52a87fc8,tff_lev_net_pct_oi_hi_h20_sp500,positioning,dead,0.656,0.656
2026-08-07,pos_5618fa6478,tff_lev_net_pct_oi_lo_h60_nasdaq100,positioning,dead,0.01,0.01
2026-08-07,pos_566a8459e8,tff_lev_net_pct_oi_lo_h20_nasdaq100,positioning,dead,0.471,0.471
2026-08-07,pos_69b292d2ff,legacy_noncomm_pct_oi_lo_h20_nasdaq100,positioning,dead,0.121,0.121
2026-08-07,pos_74c61491cb,legacy_noncomm_pct_oi_hi_h20_nasdaq100,positioning,dead,0.217,0.217
2026-08-07,pos_771e2a7ea4,tff_lev_net_pct_oi_lo_h20_sp500,positioning,dead,0.021,0.021
2026-08-07,pos_951ab21851,tff_lev_net_pct_oi_lo_h60_sp500,positioning,dead,0.176,0.176
2026-08-07,pos_ad633d4d56,tff_lev_net_pct_oi_hi_h60_nasdaq100,positioning,dead,0.107,0.107
2026-08-07,pos_c5297400c9,legacy_noncomm_pct_oi_lo_h60_sp500,positioning,dead,0.66,0.66
2026-08-07,pos_d898f33d4c,tff_lev_net_pct_oi_hi_h20_nasdaq100,positioning,dead,0.198,0.198
2026-08-07,pos_f7aa0cde34,legacy_noncomm_pct_oi_hi_h60_sp500,positioning,dead,0.483,0.483
2026-08-07,pos_fb69e287a1,legacy_noncomm_pct_oi_hi_h60_nasdaq100,positioning,dead,0.924,0.924
2026-08-07,reb_018df927fb,p1_h5_sp500,rebound,dead,0.251,0.643
2026-08-07,reb_0b54f655e4,p10_h1_nasdaq,rebound,faded,0.0,0.339
2026-08-07,reb_183bf3c31c,p5_h1_sp500,rebound,dead,0.961,0.243
2026-08-07,reb_2617209d72,p10_h5_nasdaq,rebound,faded,0.001,0.212
2026-08-07,reb_2b218993db,p1_h5_nasdaq,rebound,dead,0.56,0.897
2026-08-07,reb_7155c924ca,p10_h1_sp500,rebound,dead,0.282,0.08
2026-08-07,reb_7e3e4a8d62,p1_h1_sp500,rebound,dead,0.244,0.535
2026-08-07,reb_8055fe6f4a,p1_h1_nasdaq,rebound,dead,0.238,0.487
2026-08-07,reb_91f1615526,p10_h5_sp500,rebound,dead,0.041,0.671
2026-08-07,reb_9adb2feef5,p5_h1_nasdaq,rebound,survive,0.0,0.091
2026-08-07,reb_b016e921c3,p5_h5_sp500,rebound,dead,0.347,0.671
2026-08-07,reb_b61bcf84d2,p5_h5_nasdaq,rebound,dead,0.038,0.06
2026-08-07,reg_74448026aa,golden_cross_sp500,regime,survive,0.0,0.014
2026-08-07,reg_9c0efb465b,golden_cross_nasdaq,regime,dead,0.066,0.071
2026-08-07,str_104f8d7bd8,break3_h1_nasdaq,streak_break,dead,0.826,0.411
2026-08-07,str_10ce6fe56e,down4_h1_nasdaq,streak_down,dead,0.002,0.696
2026-08-07,str_1560c11bbd,break5_h5_nasdaq,streak_break,dead,0.815,0.318
2026-08-07,str_16775f1703,break3_h5_nasdaq,streak_break,dead,0.617,0.47
2026-08-07,str_1b6fe1e8ca,down3_h5_sp500,streak_down,dead,0.224,0.861
2026-08-07,str_36b9f79448,down3_h1_nasdaq,streak_down,dead,0.028,0.549
2026-08-07,str_4320d0a275,break3_h5_sp500,streak_break,dead,0.807,0.49
2026-08-07,str_43ea43f9bc,down3_h20_nasdaq,streak_down,dead,0.005,0.147
2026-08-07,str_5824ee8bd5,break5_h5_sp500,streak_break,dead,0.892,0.815
2026-08-07,str_79e97ed91e,down5_h5_nasdaq,streak_down,dead,0.051,0.061
2026-08-07,str_7fd52c09bf,down5_h20_sp500,streak_down,dead,0.837,0.133
2026-08-07,str_7ff66aade6,break5_h1_sp500,streak_break,dead,0.298,0.771
2026-08-07,str_8969baac75,break3_h20_sp500,streak_break,dead,0.023,0.357
2026-08-07,str_8bc1b7d951,down3_h20_sp500,streak_down,dead,0.065,0.913
2026-08-07,str_8c2a185099,down5_h1_sp500,streak_down,dead,0.317,0.01
2026-08-07,str_947583c00a,break5_h20_nasdaq,streak_break,dead,0.156,0.774
2026-08-07,str_9638e678bf,down4_h20_sp500,streak_down,dead,0.415,0.041
2026-08-07,str_a754f69e1f,break5_h20_sp500,streak_break,dead,0.462,0.889
2026-08-07,str_b2f9430e92,down5_h1_nasdaq,streak_down,dead,0.735,0.144
2026-08-07,str_b6d73df6b9,down5_h5_sp500,streak_down,dead,0.584,0.026
2026-08-07,str_b725749b5b,down3_h1_sp500,streak_down,dead,0.358,0.066
2026-08-07,str_b847620031,down4_h5_sp500,streak_down,dead,0.968,0.049
2026-08-07,str_b8d9734d1a,down4_h20_nasdaq,streak_down,dead,0.222,0.793
2026-08-07,str_b916af0ac0,down4_h5_nasdaq,streak_down,dead,0.259,0.039
2026-08-07,str_baa87542e8,down5_h20_nasdaq,streak_down,dead,0.157,0.443
2026-08-07,str_be41d45643,down3_h5_nasdaq,streak_down,dead,0.008,0.732
2026-08-07,str_be73a914d2,down4_h1_sp500,streak_down,dead,0.751,0.185
2026-08-07,str_df987e7acf,break3_h1_sp500,streak_break,dead,0.1,0.18
2026-08-07,str_eaadd5b6d1,break5_h1_nasdaq,streak_break,dead,0.648,0.168
2026-08-07,str_ecf1394eae,break3_h20_nasdaq,streak_break,dead,0.017,0.207
2026-08-07,tra_085bba7150,n504_h126_low_sp500,trailing_extreme,dead,0.789,0.9274
2026-08-07,tra_089dcbd8a1,n252_h126_high_nasdaq,trailing_extreme,dead,0.161,0.218
2026-08-07,tra_1f25b3bd0f,n126_h63_high_nasdaq,trailing_extreme,dead,0.637,0.554
2026-08-07,tra_22e8f33640,n126_h63_low_sp500,trailing_extreme,dead,0.927,0.353
2026-08-07,tra_4ced8af588,n252_h126_high_sp500,trailing_extreme,dead,0.103,0.096
2026-08-07,tra_5711325073,n504_h126_high_sp500,trailing_extreme,dead,0.532,0.024
2026-08-07,tra_9006717c86,n63_h21_low_nasdaq,trailing_extreme,dead,0.486,0.157
2026-08-07,tra_93edbbb9e4,n63_h21_high_sp500,trailing_extreme,dead,0.227,0.193
2026-08-07,tra_a60deafb82,n63_h21_high_nasdaq,trailing_extreme,dead,0.261,0.878
2026-08-07,tra_ace02affa1,n63_h21_low_sp500,trailing_extreme,dead,0.228,0.631
2026-08-07,tra_c5a6e7707e,n126_h63_low_nasdaq,trailing_extreme,dead,0.157,0.003
2026-08-07,tra_c802f55825,n252_h126_low_nasdaq,trailing_extreme,dead,0.445,0.3372
2026-08-07,tra_e355b4c138,n252_h126_low_sp500,trailing_extreme,dead,0.957,0.622
2026-08-07,tra_f8f8b8c0db,n126_h63_high_sp500,trailing_extreme,dead,0.365,0.018
2026-08-10,cal_021d07d02a,monthof_10_sp500,calendar,dead,0.923077,0.494505
2026-08-10,cal_02b889c7e0,monthof_8_sp500,calendar,dead,0.989011,0.736264
2026-08-10,cal_05facdcc22,quarter_end_sp500,calendar,dead,0.772228,0.719281
2026-08-10,cal_0662569f50,monthof_12_nasdaq,calendar,dead,0.525475,0.657343
2026-08-10,cal_116d0565a8,quarter_end_nasdaq,calendar,dead,0.878122,0.450549
2026-08-10,cal_11bf800cae,world_cup_year_nasdaq,calendar,survive,0.000999,0.083916
2026-08-10,cal_146a3e8961,dow_nasdaq,calendar,faded,0.000999,0.628372
2026-08-10,cal_19104677ae,monthof_6_sp500,calendar,dead,0.838162,0.456543
2026-08-10,cal_216be59585,monthof_11_nasdaq,calendar,dead,0.158841,0.372627
2026-08-10,cal_2a991b85ee,sell_in_may_nasdaq,calendar,dead,0.030969,0.495504
2026-08-10,cal_2bf2b4d53f,monthof_9_sp500,calendar,dead,0.001998,0.058941
2026-08-10,cal_2de632e38b,monthof_6_nasdaq,calendar,dead,0.997003,0.851149
2026-08-10,cal_2e5f17d421,month_nasdaq,calendar,inconclusive,0.323676,0.577423
2026-08-10,cal_2e7a9a5ca1,monthof_3_sp500,calendar,dead,0.643357,0.777223
2026-08-10,cal_345031f898,monthof_5_nasdaq,calendar,dead,0.622378,0.645355
2026-08-10,cal_398f5c0e31,opex_week_nasdaq,calendar,dead,0.611389,0.698302
2026-08-10,cal_433ee46bbe,opex_week_sp500,calendar,dead,0.260739,0.649351
2026-08-10,cal_456e8c2d5e,monthof_12_sp500,calendar,dead,0.233766,0.971029
2026-08-10,cal_4a891b25f0,monthof_8_nasdaq,calendar,dead,0.366633,0.926074
2026-08-10,cal_4aa242d26e,monthof_5_sp500,calendar,dead,0.277722,0.849151
2026-08-10,cal_4bf363bd79,monthof_7_sp500,calendar,dead,0.070929,0.404595
2026-08-10,cal_527d0ae2db,monthof_1_nasdaq,calendar,dead,0.051948,0.937063
2026-08-10,cal_579e6e1355,monthof_2_nasdaq,calendar,dead,0.467532,0.332667
2026-08-10,cal_597774dc60,monthof_1_sp500,calendar,dead,0.301698,0.533467
2026-08-10,cal_5a22160179,turn_of_month_sp500,calendar,faded,0.000999,0.211788
2026-08-10,cal_6a08a2ccb6,pre_holiday_nasdaq,calendar,dead,0.134865,0.214785
2026-08-10,cal_6ebedbd943,monthof_10_nasdaq,calendar,dead,0.665335,0.362637
2026-08-10,cal_6f4b839635,pre_fomc_nasdaq,calendar,dead,0.310689,0.287712
2026-08-10,cal_7114c0729a,month_sp500,calendar,inconclusive,0.023976,0.157842
2026-08-10,cal_7738ecb1bc,turn_of_month_nasdaq,calendar,faded,0.000999,0.153846
2026-08-10,cal_79870937ed,world_cup_year_sp500,calendar,dead,0.012987,0.22977
2026-08-10,cal_7ded9a48d4,monthof_2_sp500,calendar,dead,0.160839,0.235764
2026-08-10,cal_82e1f1d8c9,pre_holiday_sp500,calendar,dead,0.07992,0.155844
2026-08-10,cal_85cc7cc6d7,dow_sp500,calendar,faded,0.000999,0.823177
2026-08-10,cal_8669d8c09d,monthof_11_sp500,calendar,dead,0.402597,0.130869
2026-08-10,cal_87670427d9,january_sp500,calendar,dead,0.135864,0.732268
2026-08-10,cal_8d5125126b,term_year3_sp500,calendar,inconclusive,0.04995,
2026-08-10,cal_8fe611a742,santa_nasdaq,calendar,dead,0.00999,0.226773
2026-08-10,cal_94c08fa012,santa_sp500,calendar,faded,0.000999,0.193806
2026-08-10,cal_ba8471031e,pre_fomc_sp500,calendar,dead,0.158841,0.175824
2026-08-10,cal_bbcc723bdf,decade_digit_sp500,calendar,inconclusive,0.163836,
2026-08-10,cal_bc77212229,sell_in_may_sp500,calendar,dead,0.085914,0.260739
2026-08-10,cal_c3a33a6db5,monthof_4_sp500,calendar,dead,0.193806,0.221778
2026-08-10,cal_c8b0832b2e,monthof_7_nasdaq,calendar,dead,0.826174,0.573427
2026-08-10,cal_d4de5634d3,september_nasdaq,calendar,dead,0.00999,0.034965
2026-08-10,cal_e041ed5979,monthof_3_nasdaq,calendar,dead,0.58042,0.824176
2026-08-10,cal_e3052fad5c,monthof_4_nasdaq,calendar,dead,0.412587,0.502498
2026-08-10,cal_ec09c00a99,presidential_cycle_sp500,calendar,inconclusive,0.300699,
2026-08-10,cal_f70ee53794,monthof_9_nasdaq,calendar,dead,0.021978,0.046953
2026-08-10,cal_f80dd36a7a,january_nasdaq,calendar,dead,0.025974,0.476523
2026-08-10,cal_f923f81493,september_sp500,calendar,dead,0.002997,0.028971
2026-08-10,fac_4beec74249,BTC_mom20_neg,factor,dead,0.004,0.0
2026-08-10,fac_70486895ee,dxy_rising,factor,dead,0.461,0.73
2026-08-10,fac_7578b1d58f,vix_backwardation,factor,dead,0.828,0.613
2026-08-10,fac_778b84a969,NASDAQ_mom20_neg,factor,dead,0.046,0.554
2026-08-10,fac_79cf4a9a7b,NASDAQ_above_ma200,factor,dead,0.007,0.107
2026-08-10,fac_a1bf6a105c,nasdaq_rsi_overbought,factor,dead,0.287,0.399
2026-08-10,fac_ab89704768,nasdaq_high_vol,factor,dead,0.003,0.897
2026-08-10,fac_bed960d3e2,NASDAQ_mom20_pos,factor,dead,0.39,0.629
2026-08-10,fac_c872e5eb69,BTC_above_ma200,factor,dead,0.101,0.085
2026-08-10,fac_cc60102eac,dxy_falling,factor,dead,0.77,0.926
2026-08-10,fac_d738a0c3fd,nasdaq_low_vol,factor,dead,0.272,0.63
2026-08-10,fac_d8a4f38258,overnight_mom_neg,factor,dead,0.303,0.402
2026-08-10,fac_dcbd9f57b5,overnight_mom_pos,factor,dead,0.303,0.402
2026-08-10,fac_e2be6309e8,nasdaq_rsi_oversold,factor,dead,0.59,0.448
2026-08-10,fac_f834dcf2c0,BTC_mom20_pos,factor,survive,0.0,0.0
2026-08-10,opt_13e0620c3f,total_pc_lo_h10,options_sentiment,dead,0.619,0.619
2026-08-10,opt_2bdac60949,total_pc_hi_h10,options_sentiment,dead,0.818,0.818
2026-08-10,opt_6b7c040f34,equity_pc_hi_h20,options_sentiment,dead,0.997,0.997
2026-08-10,opt_706c7e01ed,equity_pc_lo_h20,options_sentiment,dead,0.129,0.129
2026-08-10,opt_aad2768b05,total_pc_hi_h20,options_sentiment,dead,0.4,0.4
2026-08-10,opt_c8998dbbe6,equity_pc_lo_h10,options_sentiment,dead,0.768,0.768
2026-08-10,opt_d6053cc7a0,total_pc_lo_h20,options_sentiment,dead,0.399,0.399
2026-08-10,opt_f09bd225c9,equity_pc_hi_h10,options_sentiment,dead,0.518,0.518
2026-08-10,pos_0e8203cb20,legacy_noncomm_pct_oi_hi_h20_sp500,positioning,dead,0.799,0.799
2026-08-10,pos_3b1f2f7be5,legacy_noncomm_pct_oi_lo_h60_nasdaq100,positioning,survive,0.0,0.0
2026-08-10,pos_4503921189,legacy_noncomm_pct_oi_lo_h20_sp500,positioning,dead,0.302,0.302
2026-08-10,pos_46e606b679,tff_lev_net_pct_oi_hi_h60_sp500,positioning,dead,0.827,0.827
2026-08-10,pos_4f52a87fc8,tff_lev_net_pct_oi_hi_h20_sp500,positioning,dead,0.648,0.648
2026-08-10,pos_5618fa6478,tff_lev_net_pct_oi_lo_h60_nasdaq100,positioning,dead,0.011,0.011
2026-08-10,pos_566a8459e8,tff_lev_net_pct_oi_lo_h20_nasdaq100,positioning,dead,0.472,0.472
2026-08-10,pos_69b292d2ff,legacy_noncomm_pct_oi_lo_h20_nasdaq100,positioning,dead,0.124,0.124
2026-08-10,pos_74c61491cb,legacy_noncomm_pct_oi_hi_h20_nasdaq100,positioning,dead,0.211,0.211
2026-08-10,pos_771e2a7ea4,tff_lev_net_pct_oi_lo_h20_sp500,positioning,dead,0.019,0.019
2026-08-10,pos_951ab21851,tff_lev_net_pct_oi_lo_h60_sp500,positioning,dead,0.173,0.173
2026-08-10,pos_ad633d4d56,tff_lev_net_pct_oi_hi_h60_nasdaq100,positioning,dead,0.109,0.109
2026-08-10,pos_c5297400c9,legacy_noncomm_pct_oi_lo_h60_sp500,positioning,dead,0.672,0.672
2026-08-10,pos_d898f33d4c,tff_lev_net_pct_oi_hi_h20_nasdaq100,positioning,dead,0.199,0.199
2026-08-10,pos_f7aa0cde34,legacy_noncomm_pct_oi_hi_h60_sp500,positioning,dead,0.48,0.48
2026-08-10,pos_fb69e287a1,legacy_noncomm_pct_oi_hi_h60_nasdaq100,positioning,dead,0.92,0.92
2026-08-10,reb_018df927fb,p1_h5_sp500,rebound,dead,0.27,0.615
2026-08-10,reb_0b54f655e4,p10_h1_nasdaq,rebound,faded,0.0,0.335
2026-08-10,reb_183bf3c31c,p5_h1_sp500,rebound,dead,0.943,0.257
2026-08-10,reb_2617209d72,p10_h5_nasdaq,rebound,dead,0.002,0.204
2026-08-10,reb_2b218993db,p1_h5_nasdaq,rebound,dead,0.548,0.877
2026-08-10,reb_7155c924ca,p10_h1_sp500,rebound,dead,0.292,0.097
2026-08-10,reb_7e3e4a8d62,p1_h1_sp500,rebound,dead,0.28,0.554
2026-08-10,reb_8055fe6f4a,p1_h1_nasdaq,rebound,dead,0.243,0.464
2026-08-10,reb_91f1615526,p10_h5_sp500,rebound,dead,0.034,0.678
2026-08-10,reb_9adb2feef5,p5_h1_nasdaq,rebound,survive,0.0,0.086
2026-08-10,reb_b016e921c3,p5_h5_sp500,rebound,dead,0.33,0.753
2026-08-10,reb_b61bcf84d2,p5_h5_nasdaq,rebound,dead,0.041,0.054
2026-08-10,reg_74448026aa,golden_cross_sp500,regime,survive,0.0,0.014
2026-08-10,reg_9c0efb465b,golden_cross_nasdaq,regime,dead,0.056,0.071
2026-08-10,str_104f8d7bd8,break3_h1_nasdaq,streak_break,dead,0.855,0.456
2026-08-10,str_10ce6fe56e,down4_h1_nasdaq,streak_down,faded,0.0,0.702
2026-08-10,str_1560c11bbd,break5_h5_nasdaq,streak_break,dead,0.782,0.342
2026-08-10,str_16775f1703,break3_h5_nasdaq,streak_break,dead,0.62,0.449
2026-08-10,str_1b6fe1e8ca,down3_h5_sp500,streak_down,dead,0.209,0.863
2026-08-10,str_36b9f79448,down3_h1_nasdaq,streak_down,dead,0.052,0.511
2026-08-10,str_4320d0a275,break3_h5_sp500,streak_break,dead,0.787,0.491
2026-08-10,str_43ea43f9bc,down3_h20_nasdaq,streak_down,dead,0.007,0.143
2026-08-10,str_5824ee8bd5,break5_h5_sp500,streak_break,dead,0.89,0.819
2026-08-10,str_79e97ed91e,down5_h5_nasdaq,streak_down,dead,0.05,0.067
2026-08-10,str_7fd52c09bf,down5_h20_sp500,streak_down,dead,0.834,0.129
2026-08-10,str_7ff66aade6,break5_h1_sp500,streak_break,dead,0.274,0.818
2026-08-10,str_8969baac75,break3_h20_sp500,streak_break,dead,0.027,0.357
2026-08-10,str_8bc1b7d951,down3_h20_sp500,streak_down,dead,0.07,0.913
2026-08-10,str_8c2a185099,down5_h1_sp500,streak_down,dead,0.298,0.023
2026-08-10,str_947583c00a,break5_h20_nasdaq,streak_break,dead,0.15,0.769
2026-08-10,str_9638e678bf,down4_h20_sp500,streak_down,dead,0.431,0.041
2026-08-10,str_a754f69e1f,break5_h20_sp500,streak_break,dead,0.466,0.903
2026-08-10,str_b2f9430e92,down5_h1_nasdaq,streak_down,dead,0.685,0.156
2026-08-10,str_b6d73df6b9,down5_h5_sp500,streak_down,dead,0.559,0.032
2026-08-10,str_b725749b5b,down3_h1_sp500,streak_down,dead,0.354,0.069
2026-08-10,str_b847620031,down4_h5_sp500,streak_down,dead,0.96,0.042
2026-08-10,str_b8d9734d1a,down4_h20_nasdaq,streak_down,dead,0.22,0.79
2026-08-10,str_b916af0ac0,down4_h5_nasdaq,streak_down,dead,0.26,0.05
2026-08-10,str_baa87542e8,down5_h20_nasdaq,streak_down,dead,0.162,0.46
2026-08-10,str_be41d45643,down3_h5_nasdaq,streak_down,dead,0.006,0.75
2026-08-10,str_be73a914d2,down4_h1_sp500,streak_down,dead,0.748,0.182
2026-08-10,str_df987e7acf,break3_h1_sp500,streak_break,dead,0.101,0.181
2026-08-10,str_eaadd5b6d1,break5_h1_nasdaq,streak_break,dead,0.648,0.143
2026-08-10,str_ecf1394eae,break3_h20_nasdaq,streak_break,dead,0.02,0.194
2026-08-10,tra_085bba7150,n504_h126_low_sp500,trailing_extreme,dead,0.794,0.9264
2026-08-10,tra_089dcbd8a1,n252_h126_high_nasdaq,trailing_extreme,dead,0.16,0.22
2026-08-10,tra_1f25b3bd0f,n126_h63_high_nasdaq,trailing_extreme,dead,0.64,0.555
2026-08-10,tra_22e8f33640,n126_h63_low_sp500,trailing_extreme,dead,0.927,0.353
2026-08-10,tra_4ced8af588,n252_h126_high_sp500,trailing_extreme,dead,0.099,0.094
2026-08-10,tra_5711325073,n504_h126_high_sp500,trailing_extreme,dead,0.554,0.023
2026-08-10,tra_9006717c86,n63_h21_low_nasdaq,trailing_extreme,dead,0.491,0.158
2026-08-10,tra_93edbbb9e4,n63_h21_high_sp500,trailing_extreme,dead,0.238,0.202
2026-08-10,tra_a60deafb82,n63_h21_high_nasdaq,trailing_extreme,dead,0.265,0.872
2026-08-10,tra_ace02affa1,n63_h21_low_sp500,trailing_extreme,dead,0.23,0.634
2026-08-10,tra_c5a6e7707e,n126_h63_low_nasdaq,trailing_extreme,dead,0.155,0.003
2026-08-10,tra_c802f55825,n252_h126_low_nasdaq,trailing_extreme,dead,0.443,0.3372
2026-08-10,tra_e355b4c138,n252_h126_low_sp500,trailing_extreme,dead,0.96,0.621
2026-08-10,tra_f8f8b8c0db,n126_h63_high_sp500,trailing_extreme,dead,0.37,0.018
2026-08-11,cal_021d07d02a,monthof_10_sp500,calendar,dead,0.921079,0.487512
2026-08-11,cal_02b889c7e0,monthof_8_sp500,calendar,dead,0.987013,0.769231
2026-08-11,cal_05facdcc22,quarter_end_sp500,calendar,dead,0.791209,0.716284
2026-08-11,cal_0662569f50,monthof_12_nasdaq,calendar,dead,0.498501,0.645355
2026-08-11,cal_116d0565a8,quarter_end_nasdaq,calendar,dead,0.888112,0.431568
2026-08-11,cal_11bf800cae,world_cup_year_nasdaq,calendar,faded,0.000999,0.108891
2026-08-11,cal_146a3e8961,dow_nasdaq,calendar,faded,0.000999,0.633367
2026-08-11,cal_19104677ae,monthof_6_sp500,calendar,dead,0.81019,0.474525
2026-08-11,cal_216be59585,monthof_11_nasdaq,calendar,dead,0.178821,0.367632
2026-08-11,cal_2a991b85ee,sell_in_may_nasdaq,calendar,dead,0.028971,0.494505
2026-08-11,cal_2bf2b4d53f,monthof_9_sp500,calendar,survive,0.000999,0.061938
2026-08-11,cal_2de632e38b,monthof_6_nasdaq,calendar,dead,0.996004,0.867133
2026-08-11,cal_2e5f17d421,month_nasdaq,calendar,inconclusive,0.323676,0.575425
2026-08-11,cal_2e7a9a5ca1,monthof_3_sp500,calendar,dead,0.66034,0.78022
2026-08-11,cal_345031f898,monthof_5_nasdaq,calendar,dead,0.623377,0.632368
2026-08-11,cal_398f5c0e31,opex_week_nasdaq,calendar,dead,0.584416,0.67033
2026-08-11,cal_433ee46bbe,opex_week_sp500,calendar,dead,0.20979,0.669331
2026-08-11,cal_456e8c2d5e,monthof_12_sp500,calendar,dead,0.243756,0.975025
2026-08-11,cal_4a891b25f0,monthof_8_nasdaq,calendar,dead,0.385614,0.907093
2026-08-11,cal_4aa242d26e,monthof_5_sp500,calendar,dead,0.272727,0.851149
2026-08-11,cal_4bf363bd79,monthof_7_sp500,calendar,dead,0.068931,0.431568
2026-08-11,cal_527d0ae2db,monthof_1_nasdaq,calendar,dead,0.056943,0.934066
2026-08-11,cal_579e6e1355,monthof_2_nasdaq,calendar,dead,0.40959,0.312687
2026-08-11,cal_597774dc60,monthof_1_sp500,calendar,dead,0.291708,0.522478
2026-08-11,cal_5a22160179,turn_of_month_sp500,calendar,faded,0.000999,0.188811
2026-08-11,cal_6a08a2ccb6,pre_holiday_nasdaq,calendar,dead,0.154845,0.243756
2026-08-11,cal_6ebedbd943,monthof_10_nasdaq,calendar,dead,0.651349,0.383616
2026-08-11,cal_6f4b839635,pre_fomc_nasdaq,calendar,dead,0.290709,0.295704
2026-08-11,cal_7114c0729a,month_sp500,calendar,inconclusive,0.023976,0.157842
2026-08-11,cal_7738ecb1bc,turn_of_month_nasdaq,calendar,dead,0.001998,0.171828
2026-08-11,cal_79870937ed,world_cup_year_sp500,calendar,dead,0.01998,0.1998
2026-08-11,cal_7ded9a48d4,monthof_2_sp500,calendar,dead,0.161838,0.256743
2026-08-11,cal_82e1f1d8c9,pre_holiday_sp500,calendar,dead,0.086913,0.144855
2026-08-11,cal_85cc7cc6d7,dow_sp500,calendar,faded,0.000999,0.829171
2026-08-11,cal_8669d8c09d,monthof_11_sp500,calendar,dead,0.402597,0.127872
2026-08-11,cal_87670427d9,january_sp500,calendar,dead,0.136863,0.738262
2026-08-11,cal_8d5125126b,term_year3_sp500,calendar,inconclusive,0.04995,
2026-08-11,cal_8fe611a742,santa_nasdaq,calendar,dead,0.001998,0.207792
2026-08-11,cal_94c08fa012,santa_sp500,calendar,faded,0.000999,0.214785
2026-08-11,cal_ba8471031e,pre_fomc_sp500,calendar,dead,0.170829,0.158841
2026-08-11,cal_bbcc723bdf,decade_digit_sp500,calendar,inconclusive,0.163836,
2026-08-11,cal_bc77212229,sell_in_may_sp500,calendar,dead,0.088911,0.245754
2026-08-11,cal_c3a33a6db5,monthof_4_sp500,calendar,dead,0.196803,0.221778
2026-08-11,cal_c8b0832b2e,monthof_7_nasdaq,calendar,dead,0.821179,0.555445
2026-08-11,cal_d4de5634d3,september_nasdaq,calendar,dead,0.008991,0.026973
2026-08-11,cal_e041ed5979,monthof_3_nasdaq,calendar,dead,0.57043,0.784216
2026-08-11,cal_e3052fad5c,monthof_4_nasdaq,calendar,dead,0.397602,0.504496
2026-08-11,cal_ec09c00a99,presidential_cycle_sp500,calendar,inconclusive,0.300699,
2026-08-11,cal_f70ee53794,monthof_9_nasdaq,calendar,dead,0.016983,0.047952
2026-08-11,cal_f80dd36a7a,january_nasdaq,calendar,dead,0.031968,0.463536
2026-08-11,cal_f923f81493,september_sp500,calendar,survive,0.000999,0.035964
2026-08-11,fac_4beec74249,BTC_mom20_neg,factor,dead,0.006,0.0
2026-08-11,fac_70486895ee,dxy_rising,factor,dead,0.468,0.725
2026-08-11,fac_7578b1d58f,vix_backwardation,factor,dead,0.821,0.614
2026-08-11,fac_778b84a969,NASDAQ_mom20_neg,factor,dead,0.047,0.547
2026-08-11,fac_79cf4a9a7b,NASDAQ_above_ma200,factor,dead,0.008,0.101
2026-08-11,fac_a1bf6a105c,nasdaq_rsi_overbought,factor,dead,0.296,0.414
2026-08-11,fac_ab89704768,nasdaq_high_vol,factor,dead,0.003,0.896
2026-08-11,fac_bed960d3e2,NASDAQ_mom20_pos,factor,dead,0.387,0.609
2026-08-11,fac_c872e5eb69,BTC_above_ma200,factor,dead,0.101,0.08
2026-08-11,fac_cc60102eac,dxy_falling,factor,dead,0.772,0.919
2026-08-11,fac_d738a0c3fd,nasdaq_low_vol,factor,dead,0.28,0.625
2026-08-11,fac_d8a4f38258,overnight_mom_neg,factor,dead,0.301,0.379
2026-08-11,fac_dcbd9f57b5,overnight_mom_pos,factor,dead,0.301,0.379
2026-08-11,fac_e2be6309e8,nasdaq_rsi_oversold,factor,dead,0.583,0.443
2026-08-11,fac_f834dcf2c0,BTC_mom20_pos,factor,survive,0.0,0.0
2026-08-11,opt_13e0620c3f,total_pc_lo_h10,options_sentiment,dead,0.614,0.614
2026-08-11,opt_2bdac60949,total_pc_hi_h10,options_sentiment,dead,0.827,0.827
2026-08-11,opt_6b7c040f34,equity_pc_hi_h20,options_sentiment,dead,0.981,0.981
2026-08-11,opt_706c7e01ed,equity_pc_lo_h20,options_sentiment,dead,0.121,0.121
2026-08-11,opt_aad2768b05,total_pc_hi_h20,options_sentiment,dead,0.4,0.4
2026-08-11,opt_c8998dbbe6,equity_pc_lo_h10,options_sentiment,dead,0.783,0.783
2026-08-11,opt_d6053cc7a0,total_pc_lo_h20,options_sentiment,dead,0.403,0.403
2026-08-11,opt_f09bd225c9,equity_pc_hi_h10,options_sentiment,dead,0.564,0.564
2026-08-11,pos_0e8203cb20,legacy_noncomm_pct_oi_hi_h20_sp500,positioning,dead,0.798,0.798
2026-08-11,pos_3b1f2f7be5,legacy_noncomm_pct_oi_lo_h60_nasdaq100,positioning,survive,0.0,0.0
2026-08-11,pos_4503921189,legacy_noncomm_pct_oi_lo_h20_sp500,positioning,dead,0.304,0.304
2026-08-11,pos_46e606b679,tff_lev_net_pct_oi_hi_h60_sp500,positioning,dead,0.826,0.826
2026-08-11,pos_4f52a87fc8,tff_lev_net_pct_oi_hi_h20_sp500,positioning,dead,0.651,0.651
2026-08-11,pos_5618fa6478,tff_lev_net_pct_oi_lo_h60_nasdaq100,positioning,dead,0.011,0.011
2026-08-11,pos_566a8459e8,tff_lev_net_pct_oi_lo_h20_nasdaq100,positioning,dead,0.474,0.474
2026-08-11,pos_69b292d2ff,legacy_noncomm_pct_oi_lo_h20_nasdaq100,positioning,dead,0.126,0.126
2026-08-11,pos_74c61491cb,legacy_noncomm_pct_oi_hi_h20_nasdaq100,positioning,dead,0.209,0.209
2026-08-11,pos_771e2a7ea4,tff_lev_net_pct_oi_lo_h20_sp500,positioning,dead,0.022,0.022
2026-08-11,pos_951ab21851,tff_lev_net_pct_oi_lo_h60_sp500,positioning,dead,0.173,0.173
2026-08-11,pos_ad633d4d56,tff_lev_net_pct_oi_hi_h60_nasdaq100,positioning,dead,0.108,0.108
2026-08-11,pos_c5297400c9,legacy_noncomm_pct_oi_lo_h60_sp500,positioning,dead,0.665,0.665
2026-08-11,pos_d898f33d4c,tff_lev_net_pct_oi_hi_h20_nasdaq100,positioning,dead,0.204,0.204
2026-08-11,pos_f7aa0cde34,legacy_noncomm_pct_oi_hi_h60_sp500,positioning,dead,0.481,0.481
2026-08-11,pos_fb69e287a1,legacy_noncomm_pct_oi_hi_h60_nasdaq100,positioning,dead,0.922,0.922
2026-08-11,reb_018df927fb,p1_h5_sp500,rebound,dead,0.27,0.619
2026-08-11,reb_0b54f655e4,p10_h1_nasdaq,rebound,faded,0.0,0.341
2026-08-11,reb_183bf3c31c,p5_h1_sp500,rebound,dead,0.921,0.257
2026-08-11,reb_2617209d72,p10_h5_nasdaq,rebound,faded,0.001,0.198
2026-08-11,reb_2b218993db,p1_h5_nasdaq,rebound,dead,0.541,0.845
2026-08-11,reb_7155c924ca,p10_h1_sp500,rebound,dead,0.259,0.101
2026-08-11,reb_7e3e4a8d62,p1_h1_sp500,rebound,dead,0.272,0.534
2026-08-11,reb_8055fe6f4a,p1_h1_nasdaq,rebound,dead,0.25,0.464
2026-08-11,reb_91f1615526,p10_h5_sp500,rebound,dead,0.027,0.667
2026-08-11,reb_9adb2feef5,p5_h1_nasdaq,rebound,survive,0.0,0.088
2026-08-11,reb_b016e921c3,p5_h5_sp500,rebound,dead,0.339,0.733
2026-08-11,reb_b61bcf84d2,p5_h5_nasdaq,rebound,dead,0.034,0.049
2026-08-11,reg_74448026aa,golden_cross_sp500,regime,survive,0.0,0.015
2026-08-11,reg_9c0efb465b,golden_cross_nasdaq,regime,dead,0.055,0.069
2026-08-11,str_104f8d7bd8,break3_h1_nasdaq,streak_break,dead,0.84,0.413
2026-08-11,str_10ce6fe56e,down4_h1_nasdaq,streak_down,dead,0.003,0.711
2026-08-11,str_1560c11bbd,break5_h5_nasdaq,streak_break,dead,0.779,0.343
2026-08-11,str_16775f1703,break3_h5_nasdaq,streak_break,dead,0.59,0.456
2026-08-11,str_1b6fe1e8ca,down3_h5_sp500,streak_down,dead,0.202,0.901
2026-08-11,str_36b9f79448,down3_h1_nasdaq,streak_down,dead,0.033,0.554
2026-08-11,str_4320d0a275,break3_h5_sp500,streak_break,dead,0.779,0.504
2026-08-11,str_43ea43f9bc,down3_h20_nasdaq,streak_down,dead,0.006,0.145
2026-08-11,str_5824ee8bd5,break5_h5_sp500,streak_break,dead,0.858,0.83
2026-08-11,str_79e97ed91e,down5_h5_nasdaq,streak_down,dead,0.055,0.053
2026-08-11,str_7fd52c09bf,down5_h20_sp500,streak_down,dead,0.825,0.128
2026-08-11,str_7ff66aade6,break5_h1_sp500,streak_break,dead,0.243,0.793
2026-08-11,str_8969baac75,break3_h20_sp500,streak_break,dead,0.024,0.357
2026-08-11,str_8bc1b7d951,down3_h20_sp500,streak_down,dead,0.075,0.915
2026-08-11,str_8c2a185099,down5_h1_sp500,streak_down,dead,0.273,0.015
2026-08-11,str_947583c00a,break5_h20_nasdaq,streak_break,dead,0.144,0.773
2026-08-11,str_9638e678bf,down4_h20_sp500,streak_down,dead,0.44,0.046
2026-08-11,str_a754f69e1f,break5_h20_sp500,streak_break,dead,0.481,0.91
2026-08-11,str_b2f9430e92,down5_h1_nasdaq,streak_down,dead,0.666,0.165
2026-08-11,str_b6d73df6b9,down5_h5_sp500,streak_down,dead,0.559,0.021
2026-08-11,str_b725749b5b,down3_h1_sp500,streak_down,dead,0.358,0.076
2026-08-11,str_b847620031,down4_h5_sp500,streak_down,dead,0.977,0.047
2026-08-11,str_b8d9734d1a,down4_h20_nasdaq,streak_down,dead,0.214,0.77
2026-08-11,str_b916af0ac0,down4_h5_nasdaq,streak_down,dead,0.264,0.051
2026-08-11,str_baa87542e8,down5_h20_nasdaq,streak_down,dead,0.167,0.459
2026-08-11,str_be41d45643,down3_h5_nasdaq,streak_down,dead,0.006,0.771
2026-08-11,str_be73a914d2,down4_h1_sp500,streak_down,dead,0.718,0.176
2026-08-11,str_df987e7acf,break3_h1_sp500,streak_break,dead,0.082,0.178
2026-08-11,str_eaadd5b6d1,break5_h1_nasdaq,streak_break,dead,0.644,0.165
2026-08-11,str_ecf1394eae,break3_h20_nasdaq,streak_break,dead,0.018,0.199
2026-08-11,tra_085bba7150,n504_h126_low_sp500,trailing_extreme,dead,0.795,0.9264
2026-08-11,tra_089dcbd8a1,n252_h126_high_nasdaq,trailing_extreme,dead,0.159,0.22
2026-08-11,tra_1f25b3bd0f,n126_h63_high_nasdaq,trailing_extreme,dead,0.636,0.556
2026-08-11,tra_22e8f33640,n126_h63_low_sp500,trailing_extreme,dead,0.927,0.353
2026-08-11,tra_4ced8af588,n252_h126_high_sp500,trailing_extreme,dead,0.1,0.095
2026-08-11,tra_5711325073,n504_h126_high_sp500,trailing_extreme,dead,0.553,0.023
2026-08-11,tra_9006717c86,n63_h21_low_nasdaq,trailing_extreme,dead,0.496,0.155
2026-08-11,tra_93edbbb9e4,n63_h21_high_sp500,trailing_extreme,dead,0.235,0.199
2026-08-11,tra_a60deafb82,n63_h21_high_nasdaq,trailing_extreme,dead,0.267,0.869
2026-08-11,tra_ace02affa1,n63_h21_low_sp500,trailing_extreme,dead,0.234,0.634
2026-08-11,tra_c5a6e7707e,n126_h63_low_nasdaq,trailing_extreme,dead,0.156,0.003
2026-08-11,tra_c802f55825,n252_h126_low_nasdaq,trailing_extreme,dead,0.442,0.3382
2026-08-11,tra_e355b4c138,n252_h126_low_sp500,trailing_extreme,dead,0.962,0.621
2026-08-11,tra_f8f8b8c0db,n126_h63_high_sp500,trailing_extreme,dead,0.369,0.016
2026-08-12,cal_021d07d02a,monthof_10_sp500,calendar,dead,0.911089,0.496503
2026-08-12,cal_02b889c7e0,monthof_8_sp500,calendar,dead,0.97003,0.733267
2026-08-12,cal_05facdcc22,quarter_end_sp500,calendar,dead,0.79021,0.712288
2026-08-12,cal_0662569f50,monthof_12_nasdaq,calendar,dead,0.496503,0.645355
2026-08-12,cal_116d0565a8,quarter_end_nasdaq,calendar,dead,0.888112,0.441558
2026-08-12,cal_11bf800cae,world_cup_year_nasdaq,calendar,survive,0.000999,0.096903
2026-08-12,cal_146a3e8961,dow_nasdaq,calendar,faded,0.000999,0.598402
2026-08-12,cal_19104677ae,monthof_6_sp500,calendar,dead,0.796204,0.476523
2026-08-12,cal_216be59585,monthof_11_nasdaq,calendar,dead,0.182817,0.390609
2026-08-12,cal_2a991b85ee,sell_in_may_nasdaq,calendar,dead,0.026973,0.524476
2026-08-12,cal_2bf2b4d53f,monthof_9_sp500,calendar,dead,0.003996,0.053946
2026-08-12,cal_2de632e38b,monthof_6_nasdaq,calendar,dead,0.999001,0.891109
2026-08-12,cal_2e5f17d421,month_nasdaq,calendar,inconclusive,0.323676,0.575425
2026-08-12,cal_2e7a9a5ca1,monthof_3_sp500,calendar,dead,0.667333,0.742258
2026-08-12,cal_345031f898,monthof_5_nasdaq,calendar,dead,0.638362,0.648352
2026-08-12,cal_398f5c0e31,opex_week_nasdaq,calendar,dead,0.59041,0.684316
2026-08-12,cal_433ee46bbe,opex_week_sp500,calendar,dead,0.232767,0.676324
2026-08-12,cal_456e8c2d5e,monthof_12_sp500,calendar,dead,0.224775,0.97003
2026-08-12,cal_4a891b25f0,monthof_8_nasdaq,calendar,dead,0.383616,0.913087
2026-08-12,cal_4aa242d26e,monthof_5_sp500,calendar,dead,0.247752,0.861139
2026-08-12,cal_4bf363bd79,monthof_7_sp500,calendar,dead,0.067932,0.381618
2026-08-12,cal_527d0ae2db,monthof_1_nasdaq,calendar,dead,0.041958,0.942058
2026-08-12,cal_579e6e1355,monthof_2_nasdaq,calendar,dead,0.434565,0.311688
2026-08-12,cal_597774dc60,monthof_1_sp500,calendar,dead,0.277722,0.535465
2026-08-12,cal_5a22160179,turn_of_month_sp500,calendar,faded,0.000999,0.206793
2026-08-12,cal_6a08a2ccb6,pre_holiday_nasdaq,calendar,dead,0.12987,0.218781
2026-08-12,cal_6ebedbd943,monthof_10_nasdaq,calendar,dead,0.672328,0.355644
2026-08-12,cal_6f4b839635,pre_fomc_nasdaq,calendar,dead,0.292707,0.305694
2026-08-12,cal_7114c0729a,month_sp500,calendar,inconclusive,0.023976,0.158841
2026-08-12,cal_7738ecb1bc,turn_of_month_nasdaq,calendar,faded,0.000999,0.168831
2026-08-12,cal_79870937ed,world_cup_year_sp500,calendar,dead,0.007992,0.191808
2026-08-12,cal_7ded9a48d4,monthof_2_sp500,calendar,dead,0.17982,0.253746
2026-08-12,cal_82e1f1d8c9,pre_holiday_sp500,calendar,dead,0.087912,0.13986
2026-08-12,cal_85cc7cc6d7,dow_sp500,calendar,faded,0.000999,0.819181
2026-08-12,cal_8669d8c09d,monthof_11_sp500,calendar,dead,0.441558,0.120879
2026-08-12,cal_87670427d9,january_sp500,calendar,dead,0.161838,0.77023
2026-08-12,cal_8d5125126b,term_year3_sp500,calendar,inconclusive,0.04995,
2026-08-12,cal_8fe611a742,santa_nasdaq,calendar,dead,0.003996,0.200799
2026-08-12,cal_94c08fa012,santa_sp500,calendar,faded,0.000999,0.195804
2026-08-12,cal_ba8471031e,pre_fomc_sp500,calendar,dead,0.15984,0.160839
2026-08-12,cal_bbcc723bdf,decade_digit_sp500,calendar,inconclusive,0.163836,
2026-08-12,cal_bc77212229,sell_in_may_sp500,calendar,dead,0.073926,0.238761
2026-08-12,cal_c3a33a6db5,monthof_4_sp500,calendar,dead,0.204795,0.195804
2026-08-12,cal_c8b0832b2e,monthof_7_nasdaq,calendar,dead,0.826174,0.584416
2026-08-12,cal_d4de5634d3,september_nasdaq,calendar,dead,0.004995,0.030969
2026-08-12,cal_e041ed5979,monthof_3_nasdaq,calendar,dead,0.573427,0.782218
2026-08-12,cal_e3052fad5c,monthof_4_nasdaq,calendar,dead,0.42957,0.482517
2026-08-12,cal_ec09c00a99,presidential_cycle_sp500,calendar,inconclusive,0.300699,
2026-08-12,cal_f70ee53794,monthof_9_nasdaq,calendar,dead,0.013986,0.058941
2026-08-12,cal_f80dd36a7a,january_nasdaq,calendar,dead,0.026973,0.470529
2026-08-12,cal_f923f81493,september_sp500,calendar,survive,0.000999,0.03996
2026-08-12,fac_4beec74249,BTC_mom20_neg,factor,dead,0.005,0.0
2026-08-12,fac_70486895ee,dxy_rising,factor,dead,0.456,0.723
2026-08-12,fac_7578b1d58f,vix_backwardation,factor,dead,0.833,0.608
2026-08-12,fac_778b84a969,NASDAQ_mom20_neg,factor,dead,0.045,0.55
2026-08-12,fac_79cf4a9a7b,NASDAQ_above_ma200,factor,dead,0.009,0.1
2026-08-12,fac_a1bf6a105c,nasdaq_rsi_overbought,factor,dead,0.297,0.42
2026-08-12,fac_ab89704768,nasdaq_high_vol,factor,dead,0.003,0.896
2026-08-12,fac_bed960d3e2,NASDAQ_mom20_pos,factor,dead,0.395,0.608
2026-08-12,fac_c872e5eb69,BTC_above_ma200,factor,dead,0.106,0.084
2026-08-12,fac_cc60102eac,dxy_falling,factor,dead,0.768,0.911
2026-08-12,fac_d738a0c3fd,nasdaq_low_vol,factor,dead,0.278,0.614
2026-08-12,fac_d8a4f38258,overnight_mom_neg,factor,dead,0.29,0.37
2026-08-12,fac_dcbd9f57b5,overnight_mom_pos,factor,dead,0.29,0.37
2026-08-12,fac_e2be6309e8,nasdaq_rsi_oversold,factor,dead,0.573,0.437
2026-08-12,fac_f834dcf2c0,BTC_mom20_pos,factor,survive,0.0,0.0
2026-08-12,opt_13e0620c3f,total_pc_lo_h10,options_sentiment,dead,0.605,0.605
2026-08-12,opt_2bdac60949,total_pc_hi_h10,options_sentiment,dead,0.822,0.822
2026-08-12,opt_6b7c040f34,equity_pc_hi_h20,options_sentiment,dead,0.986,0.986
2026-08-12,opt_706c7e01ed,equity_pc_lo_h20,options_sentiment,dead,0.126,0.126
2026-08-12,opt_aad2768b05,total_pc_hi_h20,options_sentiment,dead,0.377,0.377
2026-08-12,opt_c8998dbbe6,equity_pc_lo_h10,options_sentiment,dead,0.754,0.754
2026-08-12,opt_d6053cc7a0,total_pc_lo_h20,options_sentiment,dead,0.406,0.406
2026-08-12,opt_f09bd225c9,equity_pc_hi_h10,options_sentiment,dead,0.539,0.539
2026-08-12,pos_0e8203cb20,legacy_noncomm_pct_oi_hi_h20_sp500,positioning,dead,0.791,0.791
2026-08-12,pos_3b1f2f7be5,legacy_noncomm_pct_oi_lo_h60_nasdaq100,positioning,survive,0.0,0.0
2026-08-12,pos_4503921189,legacy_noncomm_pct_oi_lo_h20_sp500,positioning,dead,0.302,0.302
2026-08-12,pos_46e606b679,tff_lev_net_pct_oi_hi_h60_sp500,positioning,dead,0.822,0.822
2026-08-12,pos_4f52a87fc8,tff_lev_net_pct_oi_hi_h20_sp500,positioning,dead,0.652,0.652
2026-08-12,pos_5618fa6478,tff_lev_net_pct_oi_lo_h60_nasdaq100,positioning,dead,0.011,0.011
2026-08-12,pos_566a8459e8,tff_lev_net_pct_oi_lo_h20_nasdaq100,positioning,dead,0.471,0.471
2026-08-12,pos_69b292d2ff,legacy_noncomm_pct_oi_lo_h20_nasdaq100,positioning,dead,0.125,0.125
2026-08-12,pos_74c61491cb,legacy_noncomm_pct_oi_hi_h20_nasdaq100,positioning,dead,0.214,0.214
2026-08-12,pos_771e2a7ea4,tff_lev_net_pct_oi_lo_h20_sp500,positioning,dead,0.023,0.023
2026-08-12,pos_951ab21851,tff_lev_net_pct_oi_lo_h60_sp500,positioning,dead,0.172,0.172
2026-08-12,pos_ad633d4d56,tff_lev_net_pct_oi_hi_h60_nasdaq100,positioning,dead,0.108,0.108
2026-08-12,pos_c5297400c9,legacy_noncomm_pct_oi_lo_h60_sp500,positioning,dead,0.665,0.665
2026-08-12,pos_d898f33d4c,tff_lev_net_pct_oi_hi_h20_nasdaq100,positioning,dead,0.203,0.203
2026-08-12,pos_f7aa0cde34,legacy_noncomm_pct_oi_hi_h60_sp500,positioning,dead,0.482,0.482
2026-08-12,pos_fb69e287a1,legacy_noncomm_pct_oi_hi_h60_nasdaq100,positioning,dead,0.919,0.919
2026-08-12,reb_018df927fb,p1_h5_sp500,rebound,dead,0.269,0.64
2026-08-12,reb_0b54f655e4,p10_h1_nasdaq,rebound,faded,0.0,0.319
2026-08-12,reb_183bf3c31c,p5_h1_sp500,rebound,dead,0.928,0.242
2026-08-12,reb_2617209d72,p10_h5_nasdaq,rebound,faded,0.001,0.207
2026-08-12,reb_2b218993db,p1_h5_nasdaq,rebound,dead,0.58,0.834
2026-08-12,reb_7155c924ca,p10_h1_sp500,rebound,dead,0.263,0.085
2026-08-12,reb_7e3e4a8d62,p1_h1_sp500,rebound,dead,0.268,0.52
2026-08-12,reb_8055fe6f4a,p1_h1_nasdaq,rebound,dead,0.242,0.478
2026-08-12,reb_91f1615526,p10_h5_sp500,rebound,dead,0.03,0.682
2026-08-12,reb_9adb2feef5,p5_h1_nasdaq,rebound,survive,0.0,0.093
2026-08-12,reb_b016e921c3,p5_h5_sp500,rebound,dead,0.325,0.74
2026-08-12,reb_b61bcf84d2,p5_h5_nasdaq,rebound,dead,0.035,0.069
2026-08-12,reg_74448026aa,golden_cross_sp500,regime,survive,0.0,0.015
2026-08-12,reg_9c0efb465b,golden_cross_nasdaq,regime,dead,0.052,0.063
2026-08-12,str_104f8d7bd8,break3_h1_nasdaq,streak_break,dead,0.881,0.454
2026-08-12,str_10ce6fe56e,down4_h1_nasdaq,streak_down,faded,0.001,0.666
2026-08-12,str_1560c11bbd,break5_h5_nasdaq,streak_break,dead,0.792,0.338
2026-08-12,str_16775f1703,break3_h5_nasdaq,streak_break,dead,0.589,0.442
2026-08-12,str_1b6fe1e8ca,down3_h5_sp500,streak_down,dead,0.195,0.912
2026-08-12,str_36b9f79448,down3_h1_nasdaq,streak_down,dead,0.027,0.528
2026-08-12,str_4320d0a275,break3_h5_sp500,streak_break,dead,0.755,0.507
2026-08-12,str_43ea43f9bc,down3_h20_nasdaq,streak_down,dead,0.008,0.155
2026-08-12,str_5824ee8bd5,break5_h5_sp500,streak_break,dead,0.883,0.82
2026-08-12,str_79e97ed91e,down5_h5_nasdaq,streak_down,dead,0.055,0.05
2026-08-12,str_7fd52c09bf,down5_h20_sp500,streak_down,dead,0.845,0.124
2026-08-12,str_7ff66aade6,break5_h1_sp500,streak_break,dead,0.289,0.766
2026-08-12,str_8969baac75,break3_h20_sp500,streak_break,dead,0.02,0.362
2026-08-12,str_8bc1b7d951,down3_h20_sp500,streak_down,dead,0.078,0.923
2026-08-12,str_8c2a185099,down5_h1_sp500,streak_down,dead,0.303,0.022
2026-08-12,str_947583c00a,break5_h20_nasdaq,streak_break,dead,0.144,0.776
2026-08-12,str_9638e678bf,down4_h20_sp500,streak_down,dead,0.455,0.039
2026-08-12,str_a754f69e1f,break5_h20_sp500,streak_break,dead,0.472,0.88
2026-08-12,str_b2f9430e92,down5_h1_nasdaq,streak_down,dead,0.698,0.152
2026-08-12,str_b6d73df6b9,down5_h5_sp500,streak_down,dead,0.55,0.024
2026-08-12,str_b725749b5b,down3_h1_sp500,streak_down,dead,0.366,0.065
2026-08-12,str_b847620031,down4_h5_sp500,streak_down,dead,0.972,0.038
2026-08-12,str_b8d9734d1a,down4_h20_nasdaq,streak_down,dead,0.23,0.775
2026-08-12,str_b916af0ac0,down4_h5_nasdaq,streak_down,dead,0.285,0.051
2026-08-12,str_baa87542e8,down5_h20_nasdaq,streak_down,dead,0.168,0.47
2026-08-12,str_be41d45643,down3_h5_nasdaq,streak_down,dead,0.01,0.772
2026-08-12,str_be73a914d2,down4_h1_sp500,streak_down,dead,0.777,0.175
2026-08-12,str_df987e7acf,break3_h1_sp500,streak_break,dead,0.089,0.187
2026-08-12,str_eaadd5b6d1,break5_h1_nasdaq,streak_break,dead,0.614,0.16
2026-08-12,str_ecf1394eae,break3_h20_nasdaq,streak_break,dead,0.015,0.187
2026-08-12,tra_085bba7150,n504_h126_low_sp500,trailing_extreme,dead,0.796,0.9254
2026-08-12,tra_089dcbd8a1,n252_h126_high_nasdaq,trailing_extreme,dead,0.157,0.219
2026-08-12,tra_1f25b3bd0f,n126_h63_high_nasdaq,trailing_extreme,dead,0.642,0.558
2026-08-12,tra_22e8f33640,n126_h63_low_sp500,trailing_extreme,dead,0.936,0.352
2026-08-12,tra_4ced8af588,n252_h126_high_sp500,trailing_extreme,dead,0.1,0.091
2026-08-12,tra_5711325073,n504_h126_high_sp500,trailing_extreme,dead,0.542,0.023
2026-08-12,tra_9006717c86,n63_h21_low_nasdaq,trailing_extreme,dead,0.493,0.152
2026-08-12,tra_93edbbb9e4,n63_h21_high_sp500,trailing_extreme,dead,0.235,0.199
2026-08-12,tra_a60deafb82,n63_h21_high_nasdaq,trailing_extreme,dead,0.272,0.872
2026-08-12,tra_ace02affa1,n63_h21_low_sp500,trailing_extreme,dead,0.237,0.629
2026-08-12,tra_c5a6e7707e,n126_h63_low_nasdaq,trailing_extreme,dead,0.153,0.003
2026-08-12,tra_c802f55825,n252_h126_low_nasdaq,trailing_extreme,dead,0.436,0.3402
2026-08-12,tra_e355b4c138,n252_h126_low_sp500,trailing_extreme,dead,0.952,0.628
2026-08-12,tra_f8f8b8c0db,n126_h63_high_sp500,trailing_extreme,dead,0.373,0.015
2026-08-13,cal_021d07d02a,monthof_10_sp500,calendar,dead,0.918082,0.486513
2026-08-13,cal_02b889c7e0,monthof_8_sp500,calendar,dead,0.998002,0.764236
2026-08-13,cal_05facdcc22,quarter_end_sp500,calendar,dead,0.772228,0.715285
2026-08-13,cal_0662569f50,monthof_12_nasdaq,calendar,dead,0.521479,0.661339
2026-08-13,cal_116d0565a8,quarter_end_nasdaq,calendar,dead,0.881119,0.458541
2026-08-13,cal_11bf800cae,world_cup_year_nasdaq,calendar,survive,0.000999,0.091908
2026-08-13,cal_146a3e8961,dow_nasdaq,calendar,faded,0.000999,0.614386
2026-08-13,cal_19104677ae,monthof_6_sp500,calendar,dead,0.84016,0.450549
2026-08-13,cal_216be59585,monthof_11_nasdaq,calendar,dead,0.157842,0.377622
2026-08-13,cal_2a991b85ee,sell_in_may_nasdaq,calendar,dead,0.032967,0.48951
2026-08-13,cal_2bf2b4d53f,monthof_9_sp500,calendar,dead,0.001998,0.058941
2026-08-13,cal_2de632e38b,monthof_6_nasdaq,calendar,dead,0.999001,0.869131
2026-08-13,cal_2e5f17d421,month_nasdaq,calendar,inconclusive,0.326673,0.582418
2026-08-13,cal_2e7a9a5ca1,monthof_3_sp500,calendar,dead,0.643357,0.779221
2026-08-13,cal_345031f898,monthof_5_nasdaq,calendar,dead,0.619381,0.646354
2026-08-13,cal_398f5c0e31,opex_week_nasdaq,calendar,dead,0.606394,0.696304
2026-08-13,cal_433ee46bbe,opex_week_sp500,calendar,dead,0.261738,0.654346
2026-08-13,cal_456e8c2d5e,monthof_12_sp500,calendar,dead,0.226773,0.967033
2026-08-13,cal_4a891b25f0,monthof_8_nasdaq,calendar,dead,0.385614,0.953047
2026-08-13,cal_4aa242d26e,monthof_5_sp500,calendar,dead,0.272727,0.848152
2026-08-13,cal_4bf363bd79,monthof_7_sp500,calendar,dead,0.074925,0.414585
2026-08-13,cal_527d0ae2db,monthof_1_nasdaq,calendar,dead,0.050949,0.935065
2026-08-13,cal_579e6e1355,monthof_2_nasdaq,calendar,dead,0.466533,0.331668
2026-08-13,cal_597774dc60,monthof_1_sp500,calendar,dead,0.296703,0.53047
2026-08-13,cal_5a22160179,turn_of_month_sp500,calendar,faded,0.000999,0.191808
2026-08-13,cal_6a08a2ccb6,pre_holiday_nasdaq,calendar,dead,0.134865,0.210789
2026-08-13,cal_6ebedbd943,monthof_10_nasdaq,calendar,dead,0.665335,0.357642
2026-08-13,cal_6f4b839635,pre_fomc_nasdaq,calendar,dead,0.307692,0.288711
2026-08-13,cal_7114c0729a,month_sp500,calendar,inconclusive,0.025974,0.170829
2026-08-13,cal_7738ecb1bc,turn_of_month_nasdaq,calendar,faded,0.000999,0.13986
2026-08-13,cal_79870937ed,world_cup_year_sp500,calendar,dead,0.012987,0.224775
2026-08-13,cal_7ded9a48d4,monthof_2_sp500,calendar,dead,0.163836,0.230769
2026-08-13,cal_82e1f1d8c9,pre_holiday_sp500,calendar,dead,0.077922,0.154845
2026-08-13,cal_85cc7cc6d7,dow_sp500,calendar,faded,0.000999,0.833167
2026-08-13,cal_8669d8c09d,monthof_11_sp500,calendar,dead,0.404595,0.132867
2026-08-13,cal_87670427d9,january_sp500,calendar,dead,0.135864,0.738262
2026-08-13,cal_8d5125126b,term_year3_sp500,calendar,inconclusive,0.04995,
2026-08-13,cal_8fe611a742,santa_nasdaq,calendar,dead,0.00999,0.22977
2026-08-13,cal_94c08fa012,santa_sp500,calendar,faded,0.000999,0.190809
2026-08-13,cal_ba8471031e,pre_fomc_sp500,calendar,dead,0.164835,0.174825
2026-08-13,cal_bbcc723bdf,decade_digit_sp500,calendar,inconclusive,0.163836,
2026-08-13,cal_bc77212229,sell_in_may_sp500,calendar,dead,0.088911,0.267732
2026-08-13,cal_c3a33a6db5,monthof_4_sp500,calendar,dead,0.195804,0.222777
2026-08-13,cal_c8b0832b2e,monthof_7_nasdaq,calendar,dead,0.813187,0.601399
2026-08-13,cal_d4de5634d3,september_nasdaq,calendar,dead,0.00999,0.036963
2026-08-13,cal_e041ed5979,monthof_3_nasdaq,calendar,dead,0.584416,0.82018
2026-08-13,cal_e3052fad5c,monthof_4_nasdaq,calendar,dead,0.421578,0.505495
2026-08-13,cal_ec09c00a99,presidential_cycle_sp500,calendar,inconclusive,0.300699,
2026-08-13,cal_f70ee53794,monthof_9_nasdaq,calendar,dead,0.021978,0.046953
2026-08-13,cal_f80dd36a7a,january_nasdaq,calendar,dead,0.025974,0.472527
2026-08-13,cal_f923f81493,september_sp500,calendar,dead,0.002997,0.02997
2026-08-13,fac_4beec74249,BTC_mom20_neg,factor,dead,0.005,0.001
2026-08-13,fac_70486895ee,dxy_rising,factor,dead,0.476,0.787
2026-08-13,fac_7578b1d58f,vix_backwardation,factor,dead,0.818,0.625
2026-08-13,fac_778b84a969,NASDAQ_mom20_neg,factor,dead,0.045,0.542
2026-08-13,fac_79cf4a9a7b,NASDAQ_above_ma200,factor,dead,0.007,0.103
2026-08-13,fac_a1bf6a105c,nasdaq_rsi_overbought,factor,dead,0.291,0.408
2026-08-13,fac_ab89704768,nasdaq_high_vol,factor,dead,0.003,0.967
2026-08-13,fac_bed960d3e2,NASDAQ_mom20_pos,factor,dead,0.393,0.636
2026-08-13,fac_c872e5eb69,BTC_above_ma200,factor,dead,0.108,0.087
2026-08-13,fac_cc60102eac,dxy_falling,factor,dead,0.761,0.899
2026-08-13,fac_d738a0c3fd,nasdaq_low_vol,factor,dead,0.283,0.649
2026-08-13,fac_d8a4f38258,overnight_mom_neg,factor,dead,0.298,0.389
2026-08-13,fac_dcbd9f57b5,overnight_mom_pos,factor,dead,0.298,0.389
2026-08-13,fac_e2be6309e8,nasdaq_rsi_oversold,factor,dead,0.58,0.434
2026-08-13,fac_f834dcf2c0,BTC_mom20_pos,factor,survive,0.0,0.0
2026-08-13,opt_13e0620c3f,total_pc_lo_h10,options_sentiment,dead,0.619,0.619
2026-08-13,opt_2bdac60949,total_pc_hi_h10,options_sentiment,dead,0.821,0.821
2026-08-13,opt_6b7c040f34,equity_pc_hi_h20,options_sentiment,dead,0.913,0.913
2026-08-13,opt_706c7e01ed,equity_pc_lo_h20,options_sentiment,dead,0.129,0.129
2026-08-13,opt_aad2768b05,total_pc_hi_h20,options_sentiment,dead,0.461,0.461
2026-08-13,opt_c8998dbbe6,equity_pc_lo_h10,options_sentiment,dead,0.77,0.77
2026-08-13,opt_d6053cc7a0,total_pc_lo_h20,options_sentiment,dead,0.398,0.398
2026-08-13,opt_f09bd225c9,equity_pc_hi_h10,options_sentiment,dead,0.468,0.468
2026-08-13,pos_0e8203cb20,legacy_noncomm_pct_oi_hi_h20_sp500,positioning,dead,0.801,0.801
2026-08-13,pos_3b1f2f7be5,legacy_noncomm_pct_oi_lo_h60_nasdaq100,positioning,survive,0.0,0.0
2026-08-13,pos_4503921189,legacy_noncomm_pct_oi_lo_h20_sp500,positioning,dead,0.302,0.302
2026-08-13,pos_46e606b679,tff_lev_net_pct_oi_hi_h60_sp500,positioning,dead,0.827,0.827
2026-08-13,pos_4f52a87fc8,tff_lev_net_pct_oi_hi_h20_sp500,positioning,dead,0.646,0.646
2026-08-13,pos_5618fa6478,tff_lev_net_pct_oi_lo_h60_nasdaq100,positioning,dead,0.011,0.011
2026-08-13,pos_566a8459e8,tff_lev_net_pct_oi_lo_h20_nasdaq100,positioning,dead,0.482,0.482
2026-08-13,pos_69b292d2ff,legacy_noncomm_pct_oi_lo_h20_nasdaq100,positioning,dead,0.11,0.11
2026-08-13,pos_74c61491cb,legacy_noncomm_pct_oi_hi_h20_nasdaq100,positioning,dead,0.214,0.214
2026-08-13,pos_771e2a7ea4,tff_lev_net_pct_oi_lo_h20_sp500,positioning,dead,0.019,0.019
2026-08-13,pos_951ab21851,tff_lev_net_pct_oi_lo_h60_sp500,positioning,dead,0.173,0.173
2026-08-13,pos_ad633d4d56,tff_lev_net_pct_oi_hi_h60_nasdaq100,positioning,dead,0.108,0.108
2026-08-13,pos_c5297400c9,legacy_noncomm_pct_oi_lo_h60_sp500,positioning,dead,0.672,0.672
2026-08-13,pos_d898f33d4c,tff_lev_net_pct_oi_hi_h20_nasdaq100,positioning,dead,0.195,0.195
2026-08-13,pos_f7aa0cde34,legacy_noncomm_pct_oi_hi_h60_sp500,positioning,dead,0.48,0.48
2026-08-13,pos_fb69e287a1,legacy_noncomm_pct_oi_hi_h60_nasdaq100,positioning,dead,0.919,0.919
2026-08-13,reb_018df927fb,p1_h5_sp500,rebound,dead,0.268,0.616
2026-08-13,reb_0b54f655e4,p10_h1_nasdaq,rebound,faded,0.0,0.34
2026-08-13,reb_183bf3c31c,p5_h1_sp500,rebound,dead,0.944,0.253
2026-08-13,reb_2617209d72,p10_h5_nasdaq,rebound,dead,0.002,0.204
2026-08-13,reb_2b218993db,p1_h5_nasdaq,rebound,dead,0.546,0.871
2026-08-13,reb_7155c924ca,p10_h1_sp500,rebound,dead,0.275,0.1
2026-08-13,reb_7e3e4a8d62,p1_h1_sp500,rebound,dead,0.277,0.554
2026-08-13,reb_8055fe6f4a,p1_h1_nasdaq,rebound,dead,0.245,0.463
2026-08-13,reb_91f1615526,p10_h5_sp500,rebound,dead,0.029,0.708
2026-08-13,reb_9adb2feef5,p5_h1_nasdaq,rebound,survive,0.0,0.085
2026-08-13,reb_b016e921c3,p5_h5_sp500,rebound,dead,0.326,0.762
2026-08-13,reb_b61bcf84d2,p5_h5_nasdaq,rebound,dead,0.046,0.066
2026-08-13,reg_74448026aa,golden_cross_sp500,regime,survive,0.0,0.014
2026-08-13,reg_9c0efb465b,golden_cross_nasdaq,regime,dead,0.056,0.068
2026-08-13,str_104f8d7bd8,break3_h1_nasdaq,streak_break,dead,0.899,0.488
2026-08-13,str_10ce6fe56e,down4_h1_nasdaq,streak_down,faded,0.0,0.723
2026-08-13,str_1560c11bbd,break5_h5_nasdaq,streak_break,dead,0.775,0.34
2026-08-13,str_16775f1703,break3_h5_nasdaq,streak_break,dead,0.656,0.414
2026-08-13,str_1b6fe1e8ca,down3_h5_sp500,streak_down,dead,0.206,0.869
2026-08-13,str_36b9f79448,down3_h1_nasdaq,streak_down,dead,0.046,0.55
2026-08-13,str_4320d0a275,break3_h5_sp500,streak_break,dead,0.748,0.576
2026-08-13,str_43ea43f9bc,down3_h20_nasdaq,streak_down,dead,0.007,0.139
2026-08-13,str_5824ee8bd5,break5_h5_sp500,streak_break,dead,0.889,0.82
2026-08-13,str_79e97ed91e,down5_h5_nasdaq,streak_down,dead,0.054,0.06
2026-08-13,str_7fd52c09bf,down5_h20_sp500,streak_down,dead,0.739,0.213
2026-08-13,str_7ff66aade6,break5_h1_sp500,streak_break,dead,0.273,0.818
2026-08-13,str_8969baac75,break3_h20_sp500,streak_break,dead,0.027,0.359
2026-08-13,str_8bc1b7d951,down3_h20_sp500,streak_down,dead,0.07,0.911
2026-08-13,str_8c2a185099,down5_h1_sp500,streak_down,dead,0.297,0.023
2026-08-13,str_947583c00a,break5_h20_nasdaq,streak_break,dead,0.149,0.767
2026-08-13,str_9638e678bf,down4_h20_sp500,streak_down,dead,0.431,0.041
2026-08-13,str_a754f69e1f,break5_h20_sp500,streak_break,dead,0.467,0.903
2026-08-13,str_b2f9430e92,down5_h1_nasdaq,streak_down,dead,0.687,0.161
2026-08-13,str_b6d73df6b9,down5_h5_sp500,streak_down,dead,0.556,0.032
2026-08-13,str_b725749b5b,down3_h1_sp500,streak_down,dead,0.382,0.084
2026-08-13,str_b847620031,down4_h5_sp500,streak_down,dead,0.981,0.032
2026-08-13,str_b8d9734d1a,down4_h20_nasdaq,streak_down,dead,0.22,0.778
2026-08-13,str_b916af0ac0,down4_h5_nasdaq,streak_down,dead,0.203,0.072
2026-08-13,str_baa87542e8,down5_h20_nasdaq,streak_down,dead,0.161,0.463
2026-08-13,str_be41d45643,down3_h5_nasdaq,streak_down,dead,0.004,0.789
2026-08-13,str_be73a914d2,down4_h1_sp500,streak_down,dead,0.793,0.154
2026-08-13,str_df987e7acf,break3_h1_sp500,streak_break,dead,0.089,0.213
2026-08-13,str_eaadd5b6d1,break5_h1_nasdaq,streak_break,dead,0.645,0.144
2026-08-13,str_ecf1394eae,break3_h20_nasdaq,streak_break,dead,0.018,0.192
2026-08-13,tra_085bba7150,n504_h126_low_sp500,trailing_extreme,dead,0.794,0.9264
2026-08-13,tra_089dcbd8a1,n252_h126_high_nasdaq,trailing_extreme,dead,0.16,0.22
2026-08-13,tra_1f25b3bd0f,n126_h63_high_nasdaq,trailing_extreme,dead,0.64,0.556
2026-08-13,tra_22e8f33640,n126_h63_low_sp500,trailing_extreme,dead,0.927,0.353
2026-08-13,tra_4ced8af588,n252_h126_high_sp500,trailing_extreme,dead,0.099,0.094
2026-08-13,tra_5711325073,n504_h126_high_sp500,trailing_extreme,dead,0.554,0.023
2026-08-13,tra_9006717c86,n63_h21_low_nasdaq,trailing_extreme,dead,0.487,0.155
2026-08-13,tra_93edbbb9e4,n63_h21_high_sp500,trailing_extreme,dead,0.248,0.217
2026-08-13,tra_a60deafb82,n63_h21_high_nasdaq,trailing_extreme,dead,0.233,0.945
2026-08-13,tra_ace02affa1,n63_h21_low_sp500,trailing_extreme,dead,0.229,0.632
2026-08-13,tra_c5a6e7707e,n126_h63_low_nasdaq,trailing_extreme,dead,0.155,0.003
2026-08-13,tra_c802f55825,n252_h126_low_nasdaq,trailing_extreme,dead,0.443,0.3372
2026-08-13,tra_e355b4c138,n252_h126_low_sp500,trailing_extreme,dead,0.96,0.621
2026-08-13,tra_f8f8b8c0db,n126_h63_high_sp500,trailing_extreme,dead,0.37,0.018
2026-08-14,cal_021d07d02a,monthof_10_sp500,calendar,dead,0.921079,0.498501
2026-08-14,cal_02b889c7e0,monthof_8_sp500,calendar,dead,0.988012,0.762238
2026-08-14,cal_05facdcc22,quarter_end_sp500,calendar,dead,0.781219,0.727273
2026-08-14,cal_0662569f50,monthof_12_nasdaq,calendar,dead,0.507493,0.683317
2026-08-14,cal_116d0565a8,quarter_end_nasdaq,calendar,dead,0.878122,0.42957
2026-08-14,cal_11bf800cae,world_cup_year_nasdaq,calendar,dead,0.003996,0.108891
2026-08-14,cal_146a3e8961,dow_nasdaq,calendar,faded,0.000999,0.64036
2026-08-14,cal_19104677ae,monthof_6_sp500,calendar,dead,0.8002,0.490509
2026-08-14,cal_216be59585,monthof_11_nasdaq,calendar,dead,0.175824,0.376623
2026-08-14,cal_2a991b85ee,sell_in_may_nasdaq,calendar,dead,0.040959,0.504496
2026-08-14,cal_2bf2b4d53f,monthof_9_sp500,calendar,dead,0.002997,0.050949
2026-08-14,cal_2de632e38b,monthof_6_nasdaq,calendar,dead,0.993007,0.889111
2026-08-14,cal_2e5f17d421,month_nasdaq,calendar,inconclusive,0.324675,0.579421
2026-08-14,cal_2e7a9a5ca1,monthof_3_sp500,calendar,dead,0.657343,0.776224
2026-08-14,cal_345031f898,monthof_5_nasdaq,calendar,dead,0.635365,0.652348
2026-08-14,cal_398f5c0e31,opex_week_nasdaq,calendar,dead,0.569431,0.648352
2026-08-14,cal_433ee46bbe,opex_week_sp500,calendar,dead,0.245754,0.685315
2026-08-14,cal_456e8c2d5e,monthof_12_sp500,calendar,dead,0.217782,0.963037
2026-08-14,cal_4a891b25f0,monthof_8_nasdaq,calendar,dead,0.407592,0.945055
2026-08-14,cal_4aa242d26e,monthof_5_sp500,calendar,dead,0.278721,0.848152
2026-08-14,cal_4bf363bd79,monthof_7_sp500,calendar,dead,0.071928,0.400599
2026-08-14,cal_527d0ae2db,monthof_1_nasdaq,calendar,dead,0.058941,0.931069
2026-08-14,cal_579e6e1355,monthof_2_nasdaq,calendar,dead,0.428571,0.304695
2026-08-14,cal_597774dc60,monthof_1_sp500,calendar,dead,0.276723,0.536464
2026-08-14,cal_5a22160179,turn_of_month_sp500,calendar,faded,0.000999,0.1998
2026-08-14,cal_6a08a2ccb6,pre_holiday_nasdaq,calendar,dead,0.13986,0.234765
2026-08-14,cal_6ebedbd943,monthof_10_nasdaq,calendar,dead,0.685315,0.385614
2026-08-14,cal_6f4b839635,pre_fomc_nasdaq,calendar,dead,0.281718,0.30969
2026-08-14,cal_7114c0729a,month_sp500,calendar,inconclusive,0.025974,0.164835
2026-08-14,cal_7738ecb1bc,turn_of_month_nasdaq,calendar,faded,0.000999,0.153846
2026-08-14,cal_79870937ed,world_cup_year_sp500,calendar,dead,0.015984,0.213786
2026-08-14,cal_7ded9a48d4,monthof_2_sp500,calendar,dead,0.16983,0.280719
2026-08-14,cal_82e1f1d8c9,pre_holiday_sp500,calendar,dead,0.072927,0.141858
2026-08-14,cal_85cc7cc6d7,dow_sp500,calendar,faded,0.000999,0.844156
2026-08-14,cal_8669d8c09d,monthof_11_sp500,calendar,dead,0.426573,0.141858
2026-08-14,cal_87670427d9,january_sp500,calendar,dead,0.145854,0.736264
2026-08-14,cal_8d5125126b,term_year3_sp500,calendar,inconclusive,0.04995,
2026-08-14,cal_8fe611a742,santa_nasdaq,calendar,dead,0.007992,0.210789
2026-08-14,cal_94c08fa012,santa_sp500,calendar,faded,0.000999,0.193806
2026-08-14,cal_ba8471031e,pre_fomc_sp500,calendar,dead,0.145854,0.14985
2026-08-14,cal_bbcc723bdf,decade_digit_sp500,calendar,inconclusive,0.163836,
2026-08-14,cal_bc77212229,sell_in_may_sp500,calendar,dead,0.08991,0.246753
2026-08-14,cal_c3a33a6db5,monthof_4_sp500,calendar,dead,0.204795,0.204795
2026-08-14,cal_c8b0832b2e,monthof_7_nasdaq,calendar,dead,0.838162,0.576424
2026-08-14,cal_d4de5634d3,september_nasdaq,calendar,dead,0.007992,0.022977
2026-08-14,cal_e041ed5979,monthof_3_nasdaq,calendar,dead,0.614386,0.801199
2026-08-14,cal_e3052fad5c,monthof_4_nasdaq,calendar,dead,0.401598,0.537463
2026-08-14,cal_ec09c00a99,presidential_cycle_sp500,calendar,inconclusive,0.300699,
2026-08-14,cal_f70ee53794,monthof_9_nasdaq,calendar,dead,0.018981,0.04995
2026-08-14,cal_f80dd36a7a,january_nasdaq,calendar,dead,0.025974,0.477522
2026-08-14,cal_f923f81493,september_sp500,calendar,survive,0.000999,0.030969
2026-08-14,fac_4beec74249,BTC_mom20_neg,factor,dead,0.002,0.0
2026-08-14,fac_70486895ee,dxy_rising,factor,dead,0.458,0.707
2026-08-14,fac_7578b1d58f,vix_backwardation,factor,dead,0.837,0.616
2026-08-14,fac_778b84a969,NASDAQ_mom20_neg,factor,dead,0.052,0.549
2026-08-14,fac_79cf4a9a7b,NASDAQ_above_ma200,factor,dead,0.011,0.101
2026-08-14,fac_a1bf6a105c,nasdaq_rsi_overbought,factor,dead,0.297,0.425
2026-08-14,fac_ab89704768,nasdaq_high_vol,factor,dead,0.003,0.906
2026-08-14,fac_bed960d3e2,NASDAQ_mom20_pos,factor,dead,0.39,0.604
2026-08-14,fac_c872e5eb69,BTC_above_ma200,factor,dead,0.117,0.078
2026-08-14,fac_cc60102eac,dxy_falling,factor,dead,0.763,0.91
2026-08-14,fac_d738a0c3fd,nasdaq_low_vol,factor,dead,0.29,0.613
2026-08-14,fac_d8a4f38258,overnight_mom_neg,factor,dead,0.295,0.37
2026-08-14,fac_dcbd9f57b5,overnight_mom_pos,factor,dead,0.295,0.37
2026-08-14,fac_e2be6309e8,nasdaq_rsi_oversold,factor,dead,0.57,0.448
2026-08-14,fac_f834dcf2c0,BTC_mom20_pos,factor,survive,0.0,0.0
2026-08-14,opt_13e0620c3f,total_pc_lo_h10,options_sentiment,dead,0.608,0.608
2026-08-14,opt_2bdac60949,total_pc_hi_h10,options_sentiment,dead,0.827,0.827
2026-08-14,opt_6b7c040f34,equity_pc_hi_h20,options_sentiment,dead,0.985,0.985
2026-08-14,opt_706c7e01ed,equity_pc_lo_h20,options_sentiment,dead,0.132,0.132
2026-08-14,opt_aad2768b05,total_pc_hi_h20,options_sentiment,dead,0.388,0.388
2026-08-14,opt_c8998dbbe6,equity_pc_lo_h10,options_sentiment,dead,0.781,0.781
2026-08-14,opt_d6053cc7a0,total_pc_lo_h20,options_sentiment,dead,0.404,0.404
2026-08-14,opt_f09bd225c9,equity_pc_hi_h10,options_sentiment,dead,0.542,0.542
2026-08-14,pos_0e8203cb20,legacy_noncomm_pct_oi_hi_h20_sp500,positioning,dead,0.79,0.79
2026-08-14,pos_3b1f2f7be5,legacy_noncomm_pct_oi_lo_h60_nasdaq100,positioning,survive,0.0,0.0
2026-08-14,pos_4503921189,legacy_noncomm_pct_oi_lo_h20_sp500,positioning,dead,0.304,0.304
2026-08-14,pos_46e606b679,tff_lev_net_pct_oi_hi_h60_sp500,positioning,dead,0.823,0.823
2026-08-14,pos_4f52a87fc8,tff_lev_net_pct_oi_hi_h20_sp500,positioning,dead,0.657,0.657
2026-08-14,pos_5618fa6478,tff_lev_net_pct_oi_lo_h60_nasdaq100,positioning,dead,0.011,0.011
2026-08-14,pos_566a8459e8,tff_lev_net_pct_oi_lo_h20_nasdaq100,positioning,dead,0.466,0.466
2026-08-14,pos_69b292d2ff,legacy_noncomm_pct_oi_lo_h20_nasdaq100,positioning,dead,0.124,0.124
2026-08-14,pos_74c61491cb,legacy_noncomm_pct_oi_hi_h20_nasdaq100,positioning,dead,0.21,0.21
2026-08-14,pos_771e2a7ea4,tff_lev_net_pct_oi_lo_h20_sp500,positioning,dead,0.021,0.021
2026-08-14,pos_951ab21851,tff_lev_net_pct_oi_lo_h60_sp500,positioning,dead,0.18,0.18
2026-08-14,pos_ad633d4d56,tff_lev_net_pct_oi_hi_h60_nasdaq100,positioning,dead,0.109,0.109
2026-08-14,pos_c5297400c9,legacy_noncomm_pct_oi_lo_h60_sp500,positioning,dead,0.666,0.666
2026-08-14,pos_d898f33d4c,tff_lev_net_pct_oi_hi_h20_nasdaq100,positioning,dead,0.199,0.199
2026-08-14,pos_f7aa0cde34,legacy_noncomm_pct_oi_hi_h60_sp500,positioning,dead,0.49,0.49
2026-08-14,pos_fb69e287a1,legacy_noncomm_pct_oi_hi_h60_nasdaq100,positioning,dead,0.911,0.911
2026-08-14,reb_018df927fb,p1_h5_sp500,rebound,dead,0.26,0.63
2026-08-14,reb_0b54f655e4,p10_h1_nasdaq,rebound,faded,0.0,0.308
2026-08-14,reb_183bf3c31c,p5_h1_sp500,rebound,dead,0.955,0.262
2026-08-14,reb_2617209d72,p10_h5_nasdaq,rebound,dead,0.002,0.192
2026-08-14,reb_2b218993db,p1_h5_nasdaq,rebound,dead,0.556,0.844
2026-08-14,reb_7155c924ca,p10_h1_sp500,rebound,dead,0.274,0.085
2026-08-14,reb_7e3e4a8d62,p1_h1_sp500,rebound,dead,0.278,0.522
2026-08-14,reb_8055fe6f4a,p1_h1_nasdaq,rebound,dead,0.22,0.473
2026-08-14,reb_91f1615526,p10_h5_sp500,rebound,dead,0.034,0.673
2026-08-14,reb_9adb2feef5,p5_h1_nasdaq,rebound,survive,0.0,0.084
2026-08-14,reb_b016e921c3,p5_h5_sp500,rebound,dead,0.322,0.745
2026-08-14,reb_b61bcf84d2,p5_h5_nasdaq,rebound,dead,0.042,0.066
2026-08-14,reg_74448026aa,golden_cross_sp500,regime,survive,0.0,0.013
2026-08-14,reg_9c0efb465b,golden_cross_nasdaq,regime,dead,0.051,0.06
2026-08-14,str_104f8d7bd8,break3_h1_nasdaq,streak_break,dead,0.843,0.469
2026-08-14,str_10ce6fe56e,down4_h1_nasdaq,streak_down,faded,0.0,0.698
2026-08-14,str_1560c11bbd,break5_h5_nasdaq,streak_break,dead,0.822,0.324
2026-08-14,str_16775f1703,break3_h5_nasdaq,streak_break,dead,0.583,0.472
2026-08-14,str_1b6fe1e8ca,down3_h5_sp500,streak_down,dead,0.205,0.93
2026-08-14,str_36b9f79448,down3_h1_nasdaq,streak_down,dead,0.028,0.574
2026-08-14,str_4320d0a275,break3_h5_sp500,streak_break,dead,0.771,0.467
2026-08-14,str_43ea43f9bc,down3_h20_nasdaq,streak_down,dead,0.008,0.15
2026-08-14,str_5824ee8bd5,break5_h5_sp500,streak_break,dead,0.867,0.84
2026-08-14,str_79e97ed91e,down5_h5_nasdaq,streak_down,dead,0.054,0.043
2026-08-14,str_7fd52c09bf,down5_h20_sp500,streak_down,dead,0.848,0.127
2026-08-14,str_7ff66aade6,break5_h1_sp500,streak_break,dead,0.289,0.765
2026-08-14,str_8969baac75,break3_h20_sp500,streak_break,dead,0.023,0.337
2026-08-14,str_8bc1b7d951,down3_h20_sp500,streak_down,dead,0.075,0.951
2026-08-14,str_8c2a185099,down5_h1_sp500,streak_down,dead,0.317,0.014
2026-08-14,str_947583c00a,break5_h20_nasdaq,streak_break,dead,0.151,0.757
2026-08-14,str_9638e678bf,down4_h20_sp500,streak_down,dead,0.463,0.049
2026-08-14,str_a754f69e1f,break5_h20_sp500,streak_break,dead,0.483,0.906
2026-08-14,str_b2f9430e92,down5_h1_nasdaq,streak_down,dead,0.709,0.161
2026-08-14,str_b6d73df6b9,down5_h5_sp500,streak_down,dead,0.555,0.023
2026-08-14,str_b725749b5b,down3_h1_sp500,streak_down,dead,0.331,0.068
2026-08-14,str_b847620031,down4_h5_sp500,streak_down,dead,0.966,0.052
2026-08-14,str_b8d9734d1a,down4_h20_nasdaq,streak_down,dead,0.23,0.765
2026-08-14,str_b916af0ac0,down4_h5_nasdaq,streak_down,dead,0.292,0.052
2026-08-14,str_baa87542e8,down5_h20_nasdaq,streak_down,dead,0.187,0.461
2026-08-14,str_be41d45643,down3_h5_nasdaq,streak_down,dead,0.014,0.758
2026-08-14,str_be73a914d2,down4_h1_sp500,streak_down,dead,0.787,0.156
2026-08-14,str_df987e7acf,break3_h1_sp500,streak_break,dead,0.098,0.163
2026-08-14,str_eaadd5b6d1,break5_h1_nasdaq,streak_break,dead,0.611,0.17
2026-08-14,str_ecf1394eae,break3_h20_nasdaq,streak_break,dead,0.017,0.189
2026-08-14,tra_085bba7150,n504_h126_low_sp500,trailing_extreme,dead,0.79,0.9224
2026-08-14,tra_089dcbd8a1,n252_h126_high_nasdaq,trailing_extreme,dead,0.16,0.219
2026-08-14,tra_1f25b3bd0f,n126_h63_high_nasdaq,trailing_extreme,dead,0.643,0.555
2026-08-14,tra_22e8f33640,n126_h63_low_sp500,trailing_extreme,dead,0.931,0.355
2026-08-14,tra_4ced8af588,n252_h126_high_sp500,trailing_extreme,dead,0.102,0.089
2026-08-14,tra_5711325073,n504_h126_high_sp500,trailing_extreme,dead,0.554,0.022
2026-08-14,tra_9006717c86,n63_h21_low_nasdaq,trailing_extreme,dead,0.498,0.153
2026-08-14,tra_93edbbb9e4,n63_h21_high_sp500,trailing_extreme,dead,0.235,0.198
2026-08-14,tra_a60deafb82,n63_h21_high_nasdaq,trailing_extreme,dead,0.269,0.86
2026-08-14,tra_ace02affa1,n63_h21_low_sp500,trailing_extreme,dead,0.239,0.627
2026-08-14,tra_c5a6e7707e,n126_h63_low_nasdaq,trailing_extreme,dead,0.156,0.003
2026-08-14,tra_c802f55825,n252_h126_low_nasdaq,trailing_extreme,dead,0.439,0.3382
2026-08-14,tra_e355b4c138,n252_h126_low_sp500,trailing_extreme,dead,0.954,0.626
2026-08-14,tra_f8f8b8c0db,n126_h63_high_sp500,trailing_extreme,dead,0.371,0.015
2026-08-17,cal_021d07d02a,monthof_10_sp500,calendar,dead,0.926074,0.504496
2026-08-17,cal_02b889c7e0,monthof_8_sp500,calendar,dead,0.975025,0.735265
2026-08-17,cal_05facdcc22,quarter_end_sp500,calendar,dead,0.781219,0.72028
2026-08-17,cal_0662569f50,monthof_12_nasdaq,calendar,dead,0.509491,0.641359
2026-08-17,cal_116d0565a8,quarter_end_nasdaq,calendar,dead,0.882118,0.434565
2026-08-17,cal_11bf800cae,world_cup_year_nasdaq,calendar,dead,0.001998,0.086913
2026-08-17,cal_146a3e8961,dow_nasdaq,calendar,faded,0.000999,0.631369
2026-08-17,cal_19104677ae,monthof_6_sp500,calendar,dead,0.803197,0.454545
2026-08-17,cal_216be59585,monthof_11_nasdaq,calendar,dead,0.14985,0.400599
2026-08-17,cal_2a991b85ee,sell_in_may_nasdaq,calendar,dead,0.031968,0.52048
2026-08-17,cal_2bf2b4d53f,monthof_9_sp500,calendar,dead,0.002997,0.064935
2026-08-17,cal_2de632e38b,monthof_6_nasdaq,calendar,dead,0.993007,0.849151
2026-08-17,cal_2e5f17d421,month_nasdaq,calendar,inconclusive,0.323676,0.575425
2026-08-17,cal_2e7a9a5ca1,monthof_3_sp500,calendar,dead,0.675325,0.798202
2026-08-17,cal_345031f898,monthof_5_nasdaq,calendar,dead,0.619381,0.624376
2026-08-17,cal_398f5c0e31,opex_week_nasdaq,calendar,dead,0.582418,0.666334
2026-08-17,cal_433ee46bbe,opex_week_sp500,calendar,dead,0.236763,0.704296
2026-08-17,cal_456e8c2d5e,monthof_12_sp500,calendar,dead,0.211788,0.966034
2026-08-17,cal_4a891b25f0,monthof_8_nasdaq,calendar,dead,0.406593,0.932068
2026-08-17,cal_4aa242d26e,monthof_5_sp500,calendar,dead,0.268731,0.831169
2026-08-17,cal_4bf363bd79,monthof_7_sp500,calendar,dead,0.078921,0.404595
2026-08-17,cal_527d0ae2db,monthof_1_nasdaq,calendar,dead,0.05994,0.944056
2026-08-17,cal_579e6e1355,monthof_2_nasdaq,calendar,dead,0.405594,0.314685
2026-08-17,cal_597774dc60,monthof_1_sp500,calendar,dead,0.291708,0.513487
2026-08-17,cal_5a22160179,turn_of_month_sp500,calendar,faded,0.000999,0.214785
2026-08-17,cal_6a08a2ccb6,pre_holiday_nasdaq,calendar,dead,0.142857,0.217782
2026-08-17,cal_6ebedbd943,monthof_10_nasdaq,calendar,dead,0.647353,0.367632
2026-08-17,cal_6f4b839635,pre_fomc_nasdaq,calendar,dead,0.292707,0.280719
2026-08-17,cal_7114c0729a,month_sp500,calendar,inconclusive,0.023976,0.158841
2026-08-17,cal_7738ecb1bc,turn_of_month_nasdaq,calendar,faded,0.000999,0.156843
2026-08-17,cal_79870937ed,world_cup_year_sp500,calendar,dead,0.013986,0.211788
2026-08-17,cal_7ded9a48d4,monthof_2_sp500,calendar,dead,0.152847,0.263736
2026-08-17,cal_82e1f1d8c9,pre_holiday_sp500,calendar,dead,0.078921,0.126873
2026-08-17,cal_85cc7cc6d7,dow_sp500,calendar,faded,0.000999,0.822178
2026-08-17,cal_8669d8c09d,monthof_11_sp500,calendar,dead,0.413586,0.151848
2026-08-17,cal_87670427d9,january_sp500,calendar,dead,0.136863,0.733267
2026-08-17,cal_8d5125126b,term_year3_sp500,calendar,inconclusive,0.04995,
2026-08-17,cal_8fe611a742,santa_nasdaq,calendar,dead,0.004995,0.208791
2026-08-17,cal_94c08fa012,santa_sp500,calendar,faded,0.000999,0.207792
2026-08-17,cal_ba8471031e,pre_fomc_sp500,calendar,dead,0.153846,0.142857
2026-08-17,cal_bbcc723bdf,decade_digit_sp500,calendar,inconclusive,0.163836,
2026-08-17,cal_bc77212229,sell_in_may_sp500,calendar,dead,0.072927,0.252747
2026-08-17,cal_c3a33a6db5,monthof_4_sp500,calendar,dead,0.224775,0.216783
2026-08-17,cal_c8b0832b2e,monthof_7_nasdaq,calendar,dead,0.804196,0.593407
2026-08-17,cal_d4de5634d3,september_nasdaq,calendar,dead,0.006993,0.028971
2026-08-17,cal_e041ed5979,monthof_3_nasdaq,calendar,dead,0.584416,0.779221
2026-08-17,cal_e3052fad5c,monthof_4_nasdaq,calendar,dead,0.433566,0.524476
2026-08-17,cal_ec09c00a99,presidential_cycle_sp500,calendar,inconclusive,0.300699,
2026-08-17,cal_f70ee53794,monthof_9_nasdaq,calendar,dead,0.015984,0.036963
2026-08-17,cal_f80dd36a7a,january_nasdaq,calendar,dead,0.030969,0.46953
2026-08-17,cal_f923f81493,september_sp500,calendar,survive,0.000999,0.032967
2026-08-17,fac_4beec74249,BTC_mom20_neg,factor,dead,0.002,0.001
2026-08-17,fac_70486895ee,dxy_rising,factor,dead,0.469,0.701
2026-08-17,fac_7578b1d58f,vix_backwardation,factor,dead,0.829,0.598
2026-08-17,fac_778b84a969,NASDAQ_mom20_neg,factor,dead,0.053,0.529
2026-08-17,fac_79cf4a9a7b,NASDAQ_above_ma200,factor,dead,0.008,0.095
2026-08-17,fac_a1bf6a105c,nasdaq_rsi_overbought,factor,dead,0.294,0.405
2026-08-17,fac_ab89704768,nasdaq_high_vol,factor,dead,0.003,0.916
2026-08-17,fac_bed960d3e2,NASDAQ_mom20_pos,factor,dead,0.385,0.638
2026-08-17,fac_c872e5eb69,BTC_above_ma200,factor,dead,0.12,0.085
2026-08-17,fac_cc60102eac,dxy_falling,factor,dead,0.762,0.909
2026-08-17,fac_d738a0c3fd,nasdaq_low_vol,factor,dead,0.284,0.602
2026-08-17,fac_d8a4f38258,overnight_mom_neg,factor,dead,0.293,0.35
2026-08-17,fac_dcbd9f57b5,overnight_mom_pos,factor,dead,0.293,0.35
2026-08-17,fac_e2be6309e8,nasdaq_rsi_oversold,factor,dead,0.566,0.443
2026-08-17,fac_f834dcf2c0,BTC_mom20_pos,factor,survive,0.0,0.0
2026-08-17,opt_13e0620c3f,total_pc_lo_h10,options_sentiment,dead,0.618,0.618
2026-08-17,opt_2bdac60949,total_pc_hi_h10,options_sentiment,dead,0.826,0.826
2026-08-17,opt_6b7c040f34,equity_pc_hi_h20,options_sentiment,dead,0.981,0.981
2026-08-17,opt_706c7e01ed,equity_pc_lo_h20,options_sentiment,dead,0.135,0.135
2026-08-17,opt_aad2768b05,total_pc_hi_h20,options_sentiment,dead,0.397,0.397
2026-08-17,opt_c8998dbbe6,equity_pc_lo_h10,options_sentiment,dead,0.764,0.764
2026-08-17,opt_d6053cc7a0,total_pc_lo_h20,options_sentiment,dead,0.398,0.398
2026-08-17,opt_f09bd225c9,equity_pc_hi_h10,options_sentiment,dead,0.549,0.549
2026-08-17,pos_0e8203cb20,legacy_noncomm_pct_oi_hi_h20_sp500,positioning,dead,0.796,0.796
2026-08-17,pos_3b1f2f7be5,legacy_noncomm_pct_oi_lo_h60_nasdaq100,positioning,survive,0.0,0.0
2026-08-17,pos_4503921189,legacy_noncomm_pct_oi_lo_h20_sp500,positioning,dead,0.297,0.297
2026-08-17,pos_46e606b679,tff_lev_net_pct_oi_hi_h60_sp500,positioning,dead,0.826,0.826
2026-08-17,pos_4f52a87fc8,tff_lev_net_pct_oi_hi_h20_sp500,positioning,dead,0.654,0.654
2026-08-17,pos_5618fa6478,tff_lev_net_pct_oi_lo_h60_nasdaq100,positioning,dead,0.011,0.011
2026-08-17,pos_566a8459e8,tff_lev_net_pct_oi_lo_h20_nasdaq100,positioning,dead,0.456,0.456
2026-08-17,pos_69b292d2ff,legacy_noncomm_pct_oi_lo_h20_nasdaq100,positioning,dead,0.121,0.121
2026-08-17,pos_74c61491cb,legacy_noncomm_pct_oi_hi_h20_nasdaq100,positioning,dead,0.213,0.213
2026-08-17,pos_771e2a7ea4,tff_lev_net_pct_oi_lo_h20_sp500,positioning,dead,0.017,0.017
2026-08-17,pos_951ab21851,tff_lev_net_pct_oi_lo_h60_sp500,positioning,dead,0.185,0.185
2026-08-17,pos_ad633d4d56,tff_lev_net_pct_oi_hi_h60_nasdaq100,positioning,dead,0.107,0.107
2026-08-17,pos_c5297400c9,legacy_noncomm_pct_oi_lo_h60_sp500,positioning,dead,0.662,0.662
2026-08-17,pos_d898f33d4c,tff_lev_net_pct_oi_hi_h20_nasdaq100,positioning,dead,0.2,0.2
2026-08-17,pos_f7aa0cde34,legacy_noncomm_pct_oi_hi_h60_sp500,positioning,dead,0.491,0.491
2026-08-17,pos_fb69e287a1,legacy_noncomm_pct_oi_hi_h60_nasdaq100,positioning,dead,0.909,0.909
2026-08-17,reb_018df927fb,p1_h5_sp500,rebound,dead,0.275,0.602
2026-08-17,reb_0b54f655e4,p10_h1_nasdaq,rebound,faded,0.0,0.326
2026-08-17,reb_183bf3c31c,p5_h1_sp500,rebound,dead,0.873,0.249
2026-08-17,reb_2617209d72,p10_h5_nasdaq,rebound,faded,0.0,0.204
2026-08-17,reb_2b218993db,p1_h5_nasdaq,rebound,dead,0.547,0.872
2026-08-17,reb_7155c924ca,p10_h1_sp500,rebound,dead,0.241,0.068
2026-08-17,reb_7e3e4a8d62,p1_h1_sp500,rebound,dead,0.265,0.527
2026-08-17,reb_8055fe6f4a,p1_h1_nasdaq,rebound,dead,0.231,0.463
2026-08-17,reb_91f1615526,p10_h5_sp500,rebound,dead,0.036,0.66
2026-08-17,reb_9adb2feef5,p5_h1_nasdaq,rebound,survive,0.0,0.092
2026-08-17,reb_b016e921c3,p5_h5_sp500,rebound,dead,0.323,0.74
2026-08-17,reb_b61bcf84d2,p5_h5_nasdaq,rebound,dead,0.038,0.073
2026-08-17,reg_74448026aa,golden_cross_sp500,regime,survive,0.0,0.014
2026-08-17,reg_9c0efb465b,golden_cross_nasdaq,regime,dead,0.055,0.061
2026-08-17,str_104f8d7bd8,break3_h1_nasdaq,streak_break,dead,0.888,0.461
2026-08-17,str_10ce6fe56e,down4_h1_nasdaq,streak_down,dead,0.003,0.733
2026-08-17,str_1560c11bbd,break5_h5_nasdaq,streak_break,dead,0.822,0.329
2026-08-17,str_16775f1703,break3_h5_nasdaq,streak_break,dead,0.582,0.504
2026-08-17,str_1b6fe1e8ca,down3_h5_sp500,streak_down,dead,0.215,0.918
2026-08-17,str_36b9f79448,down3_h1_nasdaq,streak_down,dead,0.034,0.56
2026-08-17,str_4320d0a275,break3_h5_sp500,streak_break,dead,0.767,0.458
2026-08-17,str_43ea43f9bc,down3_h20_nasdaq,streak_down,dead,0.009,0.17
2026-08-17,str_5824ee8bd5,break5_h5_sp500,streak_break,dead,0.906,0.827
2026-08-17,str_79e97ed91e,down5_h5_nasdaq,streak_down,dead,0.054,0.043
2026-08-17,str_7fd52c09bf,down5_h20_sp500,streak_down,dead,0.841,0.123
2026-08-17,str_7ff66aade6,break5_h1_sp500,streak_break,dead,0.284,0.755
2026-08-17,str_8969baac75,break3_h20_sp500,streak_break,dead,0.022,0.339
2026-08-17,str_8bc1b7d951,down3_h20_sp500,streak_down,dead,0.071,0.9
2026-08-17,str_8c2a185099,down5_h1_sp500,streak_down,dead,0.308,0.019
2026-08-17,str_947583c00a,break5_h20_nasdaq,streak_break,dead,0.162,0.764
2026-08-17,str_9638e678bf,down4_h20_sp500,streak_down,dead,0.459,0.041
2026-08-17,str_a754f69e1f,break5_h20_sp500,streak_break,dead,0.479,0.9
2026-08-17,str_b2f9430e92,down5_h1_nasdaq,streak_down,dead,0.665,0.139
2026-08-17,str_b6d73df6b9,down5_h5_sp500,streak_down,dead,0.559,0.025
2026-08-17,str_b725749b5b,down3_h1_sp500,streak_down,dead,0.367,0.067
2026-08-17,str_b847620031,down4_h5_sp500,streak_down,dead,0.95,0.057
2026-08-17,str_b8d9734d1a,down4_h20_nasdaq,streak_down,dead,0.22,0.784
2026-08-17,str_b916af0ac0,down4_h5_nasdaq,streak_down,dead,0.305,0.051
2026-08-17,str_baa87542e8,down5_h20_nasdaq,streak_down,dead,0.18,0.451
2026-08-17,str_be41d45643,down3_h5_nasdaq,streak_down,dead,0.011,0.74
2026-08-17,str_be73a914d2,down4_h1_sp500,streak_down,dead,0.777,0.152
2026-08-17,str_df987e7acf,break3_h1_sp500,streak_break,dead,0.092,0.181
2026-08-17,str_eaadd5b6d1,break5_h1_nasdaq,streak_break,dead,0.651,0.158
2026-08-17,str_ecf1394eae,break3_h20_nasdaq,streak_break,dead,0.015,0.196
2026-08-17,tra_085bba7150,n504_h126_low_sp500,trailing_extreme,dead,0.792,0.9254
2026-08-17,tra_089dcbd8a1,n252_h126_high_nasdaq,trailing_extreme,dead,0.159,0.22
2026-08-17,tra_1f25b3bd0f,n126_h63_high_nasdaq,trailing_extreme,dead,0.643,0.557
2026-08-17,tra_22e8f33640,n126_h63_low_sp500,trailing_extreme,dead,0.922,0.352
2026-08-17,tra_4ced8af588,n252_h126_high_sp500,trailing_extreme,dead,0.102,0.091
2026-08-17,tra_5711325073,n504_h126_high_sp500,trailing_extreme,dead,0.555,0.022
2026-08-17,tra_9006717c86,n63_h21_low_nasdaq,trailing_extreme,dead,0.494,0.152
2026-08-17,tra_93edbbb9e4,n63_h21_high_sp500,trailing_extreme,dead,0.243,0.198
2026-08-17,tra_a60deafb82,n63_h21_high_nasdaq,trailing_extreme,dead,0.281,0.859
2026-08-17,tra_ace02affa1,n63_h21_low_sp500,trailing_extreme,dead,0.239,0.63
2026-08-17,tra_c5a6e7707e,n126_h63_low_nasdaq,trailing_extreme,dead,0.156,0.003
2026-08-17,tra_c802f55825,n252_h126_low_nasdaq,trailing_extreme,dead,0.44,0.3382
2026-08-17,tra_e355b4c138,n252_h126_low_sp500,trailing_extreme,dead,0.96,0.626
2026-08-17,tra_f8f8b8c0db,n126_h63_high_sp500,trailing_extreme,dead,0.372,0.015
2026-08-18,cal_021d07d02a,monthof_10_sp500,calendar,dead,0.911089,0.492507
2026-08-18,cal_02b889c7e0,monthof_8_sp500,calendar,dead,0.975025,0.741259
2026-08-18,cal_05facdcc22,quarter_end_sp500,calendar,dead,0.786214,0.715285
2026-08-18,cal_0662569f50,monthof_12_nasdaq,calendar,dead,0.491508,0.659341
2026-08-18,cal_116d0565a8,quarter_end_nasdaq,calendar,dead,0.888112,0.440559
2026-08-18,cal_11bf800cae,world_cup_year_nasdaq,calendar,survive,0.000999,0.093906
2026-08-18,cal_146a3e8961,dow_nasdaq,calendar,faded,0.000999,0.634366
2026-08-18,cal_19104677ae,monthof_6_sp500,calendar,dead,0.82018,0.516484
2026-08-18,cal_216be59585,monthof_11_nasdaq,calendar,dead,0.157842,0.340659
2026-08-18,cal_2a991b85ee,sell_in_may_nasdaq,calendar,dead,0.023976,0.522478
2026-08-18,cal_2bf2b4d53f,monthof_9_sp500,calendar,survive,0.000999,0.051948
2026-08-18,cal_2de632e38b,monthof_6_nasdaq,calendar,dead,0.998002,0.894106
2026-08-18,cal_2e5f17d421,month_nasdaq,calendar,inconclusive,0.321678,0.579421
2026-08-18,cal_2e7a9a5ca1,monthof_3_sp500,calendar,dead,0.683317,0.769231
2026-08-18,cal_345031f898,monthof_5_nasdaq,calendar,dead,0.645355,0.598402
2026-08-18,cal_398f5c0e31,opex_week_nasdaq,calendar,dead,0.571429,0.653347
2026-08-18,cal_433ee46bbe,opex_week_sp500,calendar,dead,0.241758,0.679321
2026-08-18,cal_456e8c2d5e,monthof_12_sp500,calendar,dead,0.237762,0.973027
2026-08-18,cal_4a891b25f0,monthof_8_nasdaq,calendar,dead,0.410589,0.906094
2026-08-18,cal_4aa242d26e,monthof_5_sp500,calendar,dead,0.242757,0.873127
2026-08-18,cal_4bf363bd79,monthof_7_sp500,calendar,dead,0.080919,0.454545
2026-08-18,cal_527d0ae2db,monthof_1_nasdaq,calendar,dead,0.037962,0.94006
2026-08-18,cal_579e6e1355,monthof_2_nasdaq,calendar,dead,0.433566,0.344655
2026-08-18,cal_597774dc60,monthof_1_sp500,calendar,dead,0.273726,0.531469
2026-08-18,cal_5a22160179,turn_of_month_sp500,calendar,faded,0.000999,0.224775
2026-08-18,cal_6a08a2ccb6,pre_holiday_nasdaq,calendar,dead,0.128871,0.254745
2026-08-18,cal_6ebedbd943,monthof_10_nasdaq,calendar,dead,0.659341,0.370629
2026-08-18,cal_6f4b839635,pre_fomc_nasdaq,calendar,dead,0.306693,0.327672
2026-08-18,cal_7114c0729a,month_sp500,calendar,inconclusive,0.025974,0.162837
2026-08-18,cal_7738ecb1bc,turn_of_month_nasdaq,calendar,faded,0.000999,0.142857
2026-08-18,cal_79870937ed,world_cup_year_sp500,calendar,dead,0.011988,0.176823
2026-08-18,cal_7ded9a48d4,monthof_2_sp500,calendar,dead,0.177822,0.268731
2026-08-18,cal_82e1f1d8c9,pre_holiday_sp500,calendar,dead,0.065934,0.138861
2026-08-18,cal_85cc7cc6d7,dow_sp500,calendar,faded,0.000999,0.841159
2026-08-18,cal_8669d8c09d,monthof_11_sp500,calendar,dead,0.452547,0.14985
2026-08-18,cal_87670427d9,january_sp500,calendar,dead,0.138861,0.752248
2026-08-18,cal_8d5125126b,term_year3_sp500,calendar,inconclusive,0.04995,
2026-08-18,cal_8fe611a742,santa_nasdaq,calendar,dead,0.008991,0.198801
2026-08-18,cal_94c08fa012,santa_sp500,calendar,faded,0.000999,0.211788
2026-08-18,cal_ba8471031e,pre_fomc_sp500,calendar,dead,0.137862,0.15984
2026-08-18,cal_bbcc723bdf,decade_digit_sp500,calendar,inconclusive,0.163836,
2026-08-18,cal_bc77212229,sell_in_may_sp500,calendar,dead,0.078921,0.264735
2026-08-18,cal_c3a33a6db5,monthof_4_sp500,calendar,dead,0.208791,0.220779
2026-08-18,cal_c8b0832b2e,monthof_7_nasdaq,calendar,dead,0.803197,0.572428
2026-08-18,cal_d4de5634d3,september_nasdaq,calendar,dead,0.011988,0.01998
2026-08-18,cal_e041ed5979,monthof_3_nasdaq,calendar,dead,0.615385,0.787213
2026-08-18,cal_e3052fad5c,monthof_4_nasdaq,calendar,dead,0.437562,0.533467
2026-08-18,cal_ec09c00a99,presidential_cycle_sp500,calendar,inconclusive,0.300699,
2026-08-18,cal_f70ee53794,monthof_9_nasdaq,calendar,dead,0.016983,0.04995
2026-08-18,cal_f80dd36a7a,january_nasdaq,calendar,dead,0.021978,0.482517
2026-08-18,cal_f923f81493,september_sp500,calendar,survive,0.000999,0.035964
2026-08-18,fac_4beec74249,BTC_mom20_neg,factor,dead,0.006,0.0
2026-08-18,fac_70486895ee,dxy_rising,factor,dead,0.483,0.767
2026-08-18,fac_7578b1d58f,vix_backwardation,factor,dead,0.827,0.614
2026-08-18,fac_778b84a969,NASDAQ_mom20_neg,factor,dead,0.048,0.53
2026-08-18,fac_79cf4a9a7b,NASDAQ_above_ma200,factor,dead,0.009,0.098
2026-08-18,fac_a1bf6a105c,nasdaq_rsi_overbought,factor,dead,0.293,0.439
2026-08-18,fac_ab89704768,nasdaq_high_vol,factor,dead,0.003,0.964
2026-08-18,fac_bed960d3e2,NASDAQ_mom20_pos,factor,dead,0.394,0.611
2026-08-18,fac_c872e5eb69,BTC_above_ma200,factor,dead,0.115,0.084
2026-08-18,fac_cc60102eac,dxy_falling,factor,dead,0.757,0.891
2026-08-18,fac_d738a0c3fd,nasdaq_low_vol,factor,dead,0.291,0.633
2026-08-18,fac_d8a4f38258,overnight_mom_neg,factor,dead,0.281,0.357
2026-08-18,fac_dcbd9f57b5,overnight_mom_pos,factor,dead,0.281,0.357
2026-08-18,fac_e2be6309e8,nasdaq_rsi_oversold,factor,dead,0.575,0.429
2026-08-18,fac_f834dcf2c0,BTC_mom20_pos,factor,survive,0.0,0.0
2026-08-18,opt_13e0620c3f,total_pc_lo_h10,options_sentiment,dead,0.591,0.591
2026-08-18,opt_2bdac60949,total_pc_hi_h10,options_sentiment,dead,0.829,0.829
2026-08-18,opt_6b7c040f34,equity_pc_hi_h20,options_sentiment,dead,0.894,0.894
2026-08-18,opt_706c7e01ed,equity_pc_lo_h20,options_sentiment,dead,0.134,0.134
2026-08-18,opt_aad2768b05,total_pc_hi_h20,options_sentiment,dead,0.461,0.461
2026-08-18,opt_c8998dbbe6,equity_pc_lo_h10,options_sentiment,dead,0.762,0.762
2026-08-18,opt_d6053cc7a0,total_pc_lo_h20,options_sentiment,dead,0.408,0.408
2026-08-18,opt_f09bd225c9,equity_pc_hi_h10,options_sentiment,dead,0.483,0.483
2026-08-18,pos_0e8203cb20,legacy_noncomm_pct_oi_hi_h20_sp500,positioning,dead,0.792,0.792
2026-08-18,pos_3b1f2f7be5,legacy_noncomm_pct_oi_lo_h60_nasdaq100,positioning,survive,0.0,0.0
2026-08-18,pos_4503921189,legacy_noncomm_pct_oi_lo_h20_sp500,positioning,dead,0.302,0.302
2026-08-18,pos_46e606b679,tff_lev_net_pct_oi_hi_h60_sp500,positioning,dead,0.825,0.825
2026-08-18,pos_4f52a87fc8,tff_lev_net_pct_oi_hi_h20_sp500,positioning,dead,0.656,0.656
2026-08-18,pos_5618fa6478,tff_lev_net_pct_oi_lo_h60_nasdaq100,positioning,dead,0.011,0.011
2026-08-18,pos_566a8459e8,tff_lev_net_pct_oi_lo_h20_nasdaq100,positioning,dead,0.466,0.466
2026-08-18,pos_69b292d2ff,legacy_noncomm_pct_oi_lo_h20_nasdaq100,positioning,dead,0.107,0.107
2026-08-18,pos_74c61491cb,legacy_noncomm_pct_oi_hi_h20_nasdaq100,positioning,dead,0.212,0.212
2026-08-18,pos_771e2a7ea4,tff_lev_net_pct_oi_lo_h20_sp500,positioning,dead,0.023,0.023
2026-08-18,pos_951ab21851,tff_lev_net_pct_oi_lo_h60_sp500,positioning,dead,0.179,0.179
2026-08-18,pos_ad633d4d56,tff_lev_net_pct_oi_hi_h60_nasdaq100,positioning,dead,0.109,0.109
2026-08-18,pos_c5297400c9,legacy_noncomm_pct_oi_lo_h60_sp500,positioning,dead,0.667,0.667
2026-08-18,pos_d898f33d4c,tff_lev_net_pct_oi_hi_h20_nasdaq100,positioning,dead,0.198,0.198
2026-08-18,pos_f7aa0cde34,legacy_noncomm_pct_oi_hi_h60_sp500,positioning,dead,0.49,0.49
2026-08-18,pos_fb69e287a1,legacy_noncomm_pct_oi_hi_h60_nasdaq100,positioning,dead,0.918,0.918
2026-08-18,reb_018df927fb,p1_h5_sp500,rebound,dead,0.257,0.609
2026-08-18,reb_0b54f655e4,p10_h1_nasdaq,rebound,faded,0.0,0.347
2026-08-18,reb_183bf3c31c,p5_h1_sp500,rebound,dead,0.918,0.239
2026-08-18,reb_2617209d72,p10_h5_nasdaq,rebound,dead,0.003,0.192
2026-08-18,reb_2b218993db,p1_h5_nasdaq,rebound,dead,0.535,0.828
2026-08-18,reb_7155c924ca,p10_h1_sp500,rebound,dead,0.245,0.087
2026-08-18,reb_7e3e4a8d62,p1_h1_sp500,rebound,dead,0.27,0.513
2026-08-18,reb_8055fe6f4a,p1_h1_nasdaq,rebound,dead,0.244,0.475
2026-08-18,reb_91f1615526,p10_h5_sp500,rebound,dead,0.026,0.684
2026-08-18,reb_9adb2feef5,p5_h1_nasdaq,rebound,faded,0.0,0.101
2026-08-18,reb_b016e921c3,p5_h5_sp500,rebound,dead,0.334,0.732
2026-08-18,reb_b61bcf84d2,p5_h5_nasdaq,rebound,dead,0.047,0.081
2026-08-18,reg_74448026aa,golden_cross_sp500,regime,survive,0.0,0.014
2026-08-18,reg_9c0efb465b,golden_cross_nasdaq,regime,dead,0.049,0.058
2026-08-18,str_104f8d7bd8,break3_h1_nasdaq,streak_break,dead,0.904,0.521
2026-08-18,str_10ce6fe56e,down4_h1_nasdaq,streak_down,faded,0.001,0.702
2026-08-18,str_1560c11bbd,break5_h5_nasdaq,streak_break,dead,0.815,0.337
2026-08-18,str_16775f1703,break3_h5_nasdaq,streak_break,dead,0.616,0.425
2026-08-18,str_1b6fe1e8ca,down3_h5_sp500,streak_down,dead,0.2,0.929
2026-08-18,str_36b9f79448,down3_h1_nasdaq,streak_down,dead,0.032,0.537
2026-08-18,str_4320d0a275,break3_h5_sp500,streak_break,dead,0.728,0.559
2026-08-18,str_43ea43f9bc,down3_h20_nasdaq,streak_down,dead,0.007,0.136
2026-08-18,str_5824ee8bd5,break5_h5_sp500,streak_break,dead,0.885,0.823
2026-08-18,str_79e97ed91e,down5_h5_nasdaq,streak_down,dead,0.051,0.046
2026-08-18,str_7fd52c09bf,down5_h20_sp500,streak_down,dead,0.745,0.207
2026-08-18,str_7ff66aade6,break5_h1_sp500,streak_break,dead,0.293,0.752
2026-08-18,str_8969baac75,break3_h20_sp500,streak_break,dead,0.019,0.355
2026-08-18,str_8bc1b7d951,down3_h20_sp500,streak_down,dead,0.071,0.937
2026-08-18,str_8c2a185099,down5_h1_sp500,streak_down,dead,0.294,0.016
2026-08-18,str_947583c00a,break5_h20_nasdaq,streak_break,dead,0.148,0.772
2026-08-18,str_9638e678bf,down4_h20_sp500,streak_down,dead,0.455,0.046
2026-08-18,str_a754f69e1f,break5_h20_sp500,streak_break,dead,0.478,0.898
2026-08-18,str_b2f9430e92,down5_h1_nasdaq,streak_down,dead,0.689,0.157
2026-08-18,str_b6d73df6b9,down5_h5_sp500,streak_down,dead,0.572,0.023
2026-08-18,str_b725749b5b,down3_h1_sp500,streak_down,dead,0.394,0.088
2026-08-18,str_b847620031,down4_h5_sp500,streak_down,dead,0.983,0.04
2026-08-18,str_b8d9734d1a,down4_h20_nasdaq,streak_down,dead,0.231,0.759
2026-08-18,str_b916af0ac0,down4_h5_nasdaq,streak_down,dead,0.245,0.066
2026-08-18,str_baa87542e8,down5_h20_nasdaq,streak_down,dead,0.174,0.472
2026-08-18,str_be41d45643,down3_h5_nasdaq,streak_down,dead,0.007,0.803
2026-08-18,str_be73a914d2,down4_h1_sp500,streak_down,dead,0.787,0.147
2026-08-18,str_df987e7acf,break3_h1_sp500,streak_break,dead,0.089,0.227
2026-08-18,str_eaadd5b6d1,break5_h1_nasdaq,streak_break,dead,0.643,0.155
2026-08-18,str_ecf1394eae,break3_h20_nasdaq,streak_break,dead,0.015,0.204
2026-08-18,tra_085bba7150,n504_h126_low_sp500,trailing_extreme,dead,0.791,0.9264
2026-08-18,tra_089dcbd8a1,n252_h126_high_nasdaq,trailing_extreme,dead,0.158,0.219
2026-08-18,tra_1f25b3bd0f,n126_h63_high_nasdaq,trailing_extreme,dead,0.641,0.56
2026-08-18,tra_22e8f33640,n126_h63_low_sp500,trailing_extreme,dead,0.934,0.354
2026-08-18,tra_4ced8af588,n252_h126_high_sp500,trailing_extreme,dead,0.1,0.089
2026-08-18,tra_5711325073,n504_h126_high_sp500,trailing_extreme,dead,0.553,0.024
2026-08-18,tra_9006717c86,n63_h21_low_nasdaq,trailing_extreme,dead,0.495,0.152
2026-08-18,tra_93edbbb9e4,n63_h21_high_sp500,trailing_extreme,dead,0.247,0.223
2026-08-18,tra_a60deafb82,n63_h21_high_nasdaq,trailing_extreme,dead,0.234,0.944
2026-08-18,tra_ace02affa1,n63_h21_low_sp500,trailing_extreme,dead,0.231,0.63
2026-08-18,tra_c5a6e7707e,n126_h63_low_nasdaq,trailing_extreme,dead,0.154,0.003
2026-08-18,tra_c802f55825,n252_h126_low_nasdaq,trailing_extreme,dead,0.442,0.3402
2026-08-18,tra_e355b4c138,n252_h126_low_sp500,trailing_extreme,dead,0.954,0.626
2026-08-18,tra_f8f8b8c0db,n126_h63_high_sp500,trailing_extreme,dead,0.373,0.016
2026-08-19,cal_021d07d02a,monthof_10_sp500,calendar,dead,0.929071,0.508492
2026-08-19,cal_02b889c7e0,monthof_8_sp500,calendar,dead,0.975025,0.753247
2026-08-19,cal_05facdcc22,quarter_end_sp500,calendar,dead,0.788212,0.714286
2026-08-19,cal_0662569f50,monthof_12_nasdaq,calendar,dead,0.502498,0.653347
2026-08-19,cal_116d0565a8,quarter_end_nasdaq,calendar,dead,0.881119,0.443556
2026-08-19,cal_11bf800cae,world_cup_year_nasdaq,calendar,dead,0.002997,0.072927
2026-08-19,cal_146a3e8961,dow_nasdaq,calendar,faded,0.000999,0.638362
2026-08-19,cal_19104677ae,monthof_6_sp500,calendar,dead,0.818182,0.475524
2026-08-19,cal_216be59585,monthof_11_nasdaq,calendar,dead,0.173826,0.390609
2026-08-19,cal_2a991b85ee,sell_in_may_nasdaq,calendar,dead,0.018981,0.514486
2026-08-19,cal_2bf2b4d53f,monthof_9_sp500,calendar,dead,0.001998,0.063936
2026-08-19,cal_2de632e38b,monthof_6_nasdaq,calendar,dead,0.993007,0.868132
2026-08-19,cal_2e5f17d421,month_nasdaq,calendar,inconclusive,0.31968,0.579421
2026-08-19,cal_2e7a9a5ca1,monthof_3_sp500,calendar,dead,0.682318,0.756244
2026-08-19,cal_345031f898,monthof_5_nasdaq,calendar,dead,0.6004,0.616384
2026-08-19,cal_398f5c0e31,opex_week_nasdaq,calendar,dead,0.596404,0.647353
2026-08-19,cal_433ee46bbe,opex_week_sp500,calendar,dead,0.256743,0.703297
2026-08-19,cal_456e8c2d5e,monthof_12_sp500,calendar,dead,0.23976,0.973027
2026-08-19,cal_4a891b25f0,monthof_8_nasdaq,calendar,dead,0.366633,0.888112
2026-08-19,cal_4aa242d26e,monthof_5_sp500,calendar,dead,0.252747,0.862138
2026-08-19,cal_4bf363bd79,monthof_7_sp500,calendar,dead,0.05994,0.438561
2026-08-19,cal_527d0ae2db,monthof_1_nasdaq,calendar,dead,0.063936,0.923077
2026-08-19,cal_579e6e1355,monthof_2_nasdaq,calendar,dead,0.452547,0.304695
2026-08-19,cal_597774dc60,monthof_1_sp500,calendar,dead,0.314685,0.526474
2026-08-19,cal_5a22160179,turn_of_month_sp500,calendar,faded,0.000999,0.192807
2026-08-19,cal_6a08a2ccb6,pre_holiday_nasdaq,calendar,dead,0.150849,0.218781
2026-08-19,cal_6ebedbd943,monthof_10_nasdaq,calendar,dead,0.683317,0.390609
2026-08-19,cal_6f4b839635,pre_fomc_nasdaq,calendar,dead,0.285714,0.304695
2026-08-19,cal_7114c0729a,month_sp500,calendar,inconclusive,0.024975,0.158841
2026-08-19,cal_7738ecb1bc,turn_of_month_nasdaq,calendar,faded,0.000999,0.157842
2026-08-19,cal_79870937ed,world_cup_year_sp500,calendar,dead,0.014985,0.181818
2026-08-19,cal_7ded9a48d4,monthof_2_sp500,calendar,dead,0.174825,0.263736
2026-08-19,cal_82e1f1d8c9,pre_holiday_sp500,calendar,dead,0.075924,0.121878
2026-08-19,cal_85cc7cc6d7,dow_sp500,calendar,faded,0.000999,0.828172
2026-08-19,cal_8669d8c09d,monthof_11_sp500,calendar,dead,0.435564,0.13986
2026-08-19,cal_87670427d9,january_sp500,calendar,dead,0.112887,0.749251
2026-08-19,cal_8d5125126b,term_year3_sp500,calendar,inconclusive,0.04995,
2026-08-19,cal_8fe611a742,santa_nasdaq,calendar,dead,0.005994,0.187812
2026-08-19,cal_94c08fa012,santa_sp500,calendar,faded,0.000999,0.215784
2026-08-19,cal_ba8471031e,pre_fomc_sp500,calendar,dead,0.151848,0.161838
2026-08-19,cal_bbcc723bdf,decade_digit_sp500,calendar,inconclusive,0.163836,
2026-08-19,cal_bc77212229,sell_in_may_sp500,calendar,dead,0.068931,0.251748
2026-08-19,cal_c3a33a6db5,monthof_4_sp500,calendar,dead,0.21978,0.202797
2026-08-19,cal_c8b0832b2e,monthof_7_nasdaq,calendar,dead,0.824176,0.559441
2026-08-19,cal_d4de5634d3,september_nasdaq,calendar,dead,0.008991,0.028971
2026-08-19,cal_e041ed5979,monthof_3_nasdaq,calendar,dead,0.599401,0.779221
2026-08-19,cal_e3052fad5c,monthof_4_nasdaq,calendar,dead,0.395604,0.478521
2026-08-19,cal_ec09c00a99,presidential_cycle_sp500,calendar,inconclusive,0.300699,
2026-08-19,cal_f70ee53794,monthof_9_nasdaq,calendar,dead,0.014985,0.041958
2026-08-19,cal_f80dd36a7a,january_nasdaq,calendar,dead,0.021978,0.466533
2026-08-19,cal_f923f81493,september_sp500,calendar,survive,0.000999,0.025974
2026-08-19,fac_4beec74249,BTC_mom20_neg,factor,dead,0.002,0.001
2026-08-19,fac_70486895ee,dxy_rising,factor,dead,0.44,0.687
2026-08-19,fac_7578b1d58f,vix_backwardation,factor,dead,0.822,0.615
2026-08-19,fac_778b84a969,NASDAQ_mom20_neg,factor,dead,0.055,0.507
2026-08-19,fac_79cf4a9a7b,NASDAQ_above_ma200,factor,dead,0.012,0.094
2026-08-19,fac_a1bf6a105c,nasdaq_rsi_overbought,factor,dead,0.295,0.404
2026-08-19,fac_ab89704768,nasdaq_high_vol,factor,dead,0.004,0.933
2026-08-19,fac_bed960d3e2,NASDAQ_mom20_pos,factor,dead,0.401,0.645
2026-08-19,fac_c872e5eb69,BTC_above_ma200,factor,dead,0.122,0.087
2026-08-19,fac_cc60102eac,dxy_falling,factor,dead,0.755,0.898
2026-08-19,fac_d738a0c3fd,nasdaq_low_vol,factor,dead,0.277,0.586
2026-08-19,fac_d8a4f38258,overnight_mom_neg,factor,dead,0.294,0.347
2026-08-19,fac_dcbd9f57b5,overnight_mom_pos,factor,dead,0.294,0.347
2026-08-19,fac_e2be6309e8,nasdaq_rsi_oversold,factor,dead,0.556,0.42
2026-08-19,fac_f834dcf2c0,BTC_mom20_pos,factor,survive,0.0,0.0
2026-08-19,opt_13e0620c3f,total_pc_lo_h10,options_sentiment,dead,0.617,0.617
2026-08-19,opt_2bdac60949,total_pc_hi_h10,options_sentiment,dead,0.818,0.818
2026-08-19,opt_6b7c040f34,equity_pc_hi_h20,options_sentiment,dead,0.981,0.981
2026-08-19,opt_706c7e01ed,equity_pc_lo_h20,options_sentiment,dead,0.13,0.13
2026-08-19,opt_aad2768b05,total_pc_hi_h20,options_sentiment,dead,0.389,0.389
2026-08-19,opt_c8998dbbe6,equity_pc_lo_h10,options_sentiment,dead,0.766,0.766
2026-08-19,opt_d6053cc7a0,total_pc_lo_h20,options_sentiment,dead,0.402,0.402
2026-08-19,opt_f09bd225c9,equity_pc_hi_h10,options_sentiment,dead,0.538,0.538
2026-08-19,pos_0e8203cb20,legacy_noncomm_pct_oi_hi_h20_sp500,positioning,dead,0.797,0.797
2026-08-19,pos_3b1f2f7be5,legacy_noncomm_pct_oi_lo_h60_nasdaq100,positioning,survive,0.0,0.0
2026-08-19,pos_4503921189,legacy_noncomm_pct_oi_lo_h20_sp500,positioning,dead,0.304,0.304
2026-08-19,pos_46e606b679,tff_lev_net_pct_oi_hi_h60_sp500,positioning,dead,0.825,0.825
2026-08-19,pos_4f52a87fc8,tff_lev_net_pct_oi_hi_h20_sp500,positioning,dead,0.646,0.646
2026-08-19,pos_5618fa6478,tff_lev_net_pct_oi_lo_h60_nasdaq100,positioning,dead,0.01,0.01
2026-08-19,pos_566a8459e8,tff_lev_net_pct_oi_lo_h20_nasdaq100,positioning,dead,0.453,0.453
2026-08-19,pos_69b292d2ff,legacy_noncomm_pct_oi_lo_h20_nasdaq100,positioning,dead,0.125,0.125
2026-08-19,pos_74c61491cb,legacy_noncomm_pct_oi_hi_h20_nasdaq100,positioning,dead,0.215,0.215
2026-08-19,pos_771e2a7ea4,tff_lev_net_pct_oi_lo_h20_sp500,positioning,dead,0.019,0.019
2026-08-19,pos_951ab21851,tff_lev_net_pct_oi_lo_h60_sp500,positioning,dead,0.185,0.185
2026-08-19,pos_ad633d4d56,tff_lev_net_pct_oi_hi_h60_nasdaq100,positioning,dead,0.11,0.11
2026-08-19,pos_c5297400c9,legacy_noncomm_pct_oi_lo_h60_sp500,positioning,dead,0.659,0.659
2026-08-19,pos_d898f33d4c,tff_lev_net_pct_oi_hi_h20_nasdaq100,positioning,dead,0.196,0.196
2026-08-19,pos_f7aa0cde34,legacy_noncomm_pct_oi_hi_h60_sp500,positioning,dead,0.503,0.503
2026-08-19,pos_fb69e287a1,legacy_noncomm_pct_oi_hi_h60_nasdaq100,positioning,dead,0.914,0.914
2026-08-19,reb_018df927fb,p1_h5_sp500,rebound,dead,0.265,0.615
2026-08-19,reb_0b54f655e4,p10_h1_nasdaq,rebound,faded,0.0,0.325
2026-08-19,reb_183bf3c31c,p5_h1_sp500,rebound,dead,0.92,0.246
2026-08-19,reb_2617209d72,p10_h5_nasdaq,rebound,faded,0.0,0.2
2026-08-19,reb_2b218993db,p1_h5_nasdaq,rebound,dead,0.515,0.857
2026-08-19,reb_7155c924ca,p10_h1_sp500,rebound,dead,0.268,0.075
2026-08-19,reb_7e3e4a8d62,p1_h1_sp500,rebound,dead,0.246,0.504
2026-08-19,reb_8055fe6f4a,p1_h1_nasdaq,rebound,dead,0.255,0.47
2026-08-19,reb_91f1615526,p10_h5_sp500,rebound,dead,0.043,0.661
2026-08-19,reb_9adb2feef5,p5_h1_nasdaq,rebound,survive,0.0,0.075
2026-08-19,reb_b016e921c3,p5_h5_sp500,rebound,dead,0.326,0.736
2026-08-19,reb_b61bcf84d2,p5_h5_nasdaq,rebound,dead,0.031,0.057
2026-08-19,reg_74448026aa,golden_cross_sp500,regime,survive,0.0,0.01
2026-08-19,reg_9c0efb465b,golden_cross_nasdaq,regime,dead,0.057,0.061
2026-08-19,str_104f8d7bd8,break3_h1_nasdaq,streak_break,dead,0.87,0.481
2026-08-19,str_10ce6fe56e,down4_h1_nasdaq,streak_down,faded,0.001,0.734
2026-08-19,str_1560c11bbd,break5_h5_nasdaq,streak_break,dead,0.824,0.296
2026-08-19,str_16775f1703,break3_h5_nasdaq,streak_break,dead,0.625,0.474
2026-08-19,str_1b6fe1e8ca,down3_h5_sp500,streak_down,dead,0.196,0.916
2026-08-19,str_36b9f79448,down3_h1_nasdaq,streak_down,dead,0.027,0.504
2026-08-19,str_4320d0a275,break3_h5_sp500,streak_break,dead,0.785,0.467
2026-08-19,str_43ea43f9bc,down3_h20_nasdaq,streak_down,dead,0.01,0.154
2026-08-19,str_5824ee8bd5,break5_h5_sp500,streak_break,dead,0.885,0.812
2026-08-19,str_79e97ed91e,down5_h5_nasdaq,streak_down,dead,0.052,0.041
2026-08-19,str_7fd52c09bf,down5_h20_sp500,streak_down,dead,0.83,0.114
2026-08-19,str_7ff66aade6,break5_h1_sp500,streak_break,dead,0.278,0.751
2026-08-19,str_8969baac75,break3_h20_sp500,streak_break,dead,0.029,0.362
2026-08-19,str_8bc1b7d951,down3_h20_sp500,streak_down,dead,0.078,0.899
2026-08-19,str_8c2a185099,down5_h1_sp500,streak_down,dead,0.283,0.012
2026-08-19,str_947583c00a,break5_h20_nasdaq,streak_break,dead,0.172,0.787
2026-08-19,str_9638e678bf,down4_h20_sp500,streak_down,dead,0.468,0.047
2026-08-19,str_a754f69e1f,break5_h20_sp500,streak_break,dead,0.481,0.888
2026-08-19,str_b2f9430e92,down5_h1_nasdaq,streak_down,dead,0.678,0.143
2026-08-19,str_b6d73df6b9,down5_h5_sp500,streak_down,dead,0.553,0.026
2026-08-19,str_b725749b5b,down3_h1_sp500,streak_down,dead,0.336,0.047
2026-08-19,str_b847620031,down4_h5_sp500,streak_down,dead,0.936,0.04
2026-08-19,str_b8d9734d1a,down4_h20_nasdaq,streak_down,dead,0.216,0.784
2026-08-19,str_b916af0ac0,down4_h5_nasdaq,streak_down,dead,0.278,0.037
2026-08-19,str_baa87542e8,down5_h20_nasdaq,streak_down,dead,0.186,0.444
2026-08-19,str_be41d45643,down3_h5_nasdaq,streak_down,dead,0.01,0.744
2026-08-19,str_be73a914d2,down4_h1_sp500,streak_down,dead,0.821,0.164
2026-08-19,str_df987e7acf,break3_h1_sp500,streak_break,dead,0.081,0.197
2026-08-19,str_eaadd5b6d1,break5_h1_nasdaq,streak_break,dead,0.637,0.18
2026-08-19,str_ecf1394eae,break3_h20_nasdaq,streak_break,dead,0.013,0.22
2026-08-19,tra_085bba7150,n504_h126_low_sp500,trailing_extreme,dead,0.791,0.9234
2026-08-19,tra_089dcbd8a1,n252_h126_high_nasdaq,trailing_extreme,dead,0.158,0.22
2026-08-19,tra_1f25b3bd0f,n126_h63_high_nasdaq,trailing_extreme,dead,0.641,0.56
2026-08-19,tra_22e8f33640,n126_h63_low_sp500,trailing_extreme,dead,0.923,0.357
2026-08-19,tra_4ced8af588,n252_h126_high_sp500,trailing_extreme,dead,0.1,0.092
2026-08-19,tra_5711325073,n504_h126_high_sp500,trailing_extreme,dead,0.552,0.022
2026-08-19,tra_9006717c86,n63_h21_low_nasdaq,trailing_extreme,dead,0.494,0.153
2026-08-19,tra_93edbbb9e4,n63_h21_high_sp500,trailing_extreme,dead,0.247,0.204
2026-08-19,tra_a60deafb82,n63_h21_high_nasdaq,trailing_extreme,dead,0.277,0.861
2026-08-19,tra_ace02affa1,n63_h21_low_sp500,trailing_extreme,dead,0.241,0.632
2026-08-19,tra_c5a6e7707e,n126_h63_low_nasdaq,trailing_extreme,dead,0.157,0.003
2026-08-19,tra_c802f55825,n252_h126_low_nasdaq,trailing_extreme,dead,0.438,0.3402
2026-08-19,tra_e355b4c138,n252_h126_low_sp500,trailing_extreme,dead,0.958,0.624
2026-08-19,tra_f8f8b8c0db,n126_h63_high_sp500,trailing_extreme,dead,0.365,0.013
2026-08-20,cal_021d07d02a,monthof_10_sp500,calendar,dead,0.923077,0.511489
2026-08-20,cal_02b889c7e0,monthof_8_sp500,calendar,dead,0.956044,0.726274
2026-08-20,cal_05facdcc22,quarter_end_sp500,calendar,dead,0.801199,0.701299
2026-08-20,cal_0662569f50,monthof_12_nasdaq,calendar,dead,0.497502,0.664336
2026-08-20,cal_116d0565a8,quarter_end_nasdaq,calendar,dead,0.879121,0.436563
2026-08-20,cal_11bf800cae,world_cup_year_nasdaq,calendar,dead,0.001998,0.080919
2026-08-20,cal_146a3e8961,dow_nasdaq,calendar,faded,0.000999,0.627373
2026-08-20,cal_19104677ae,monthof_6_sp500,calendar,dead,0.818182,0.46953
2026-08-20,cal_216be59585,monthof_11_nasdaq,calendar,dead,0.167832,0.343656
2026-08-20,cal_2a991b85ee,sell_in_may_nasdaq,calendar,dead,0.022977,0.545455
2026-08-20,cal_2bf2b4d53f,monthof_9_sp500,calendar,dead,0.001998,0.066933
2026-08-20,cal_2de632e38b,monthof_6_nasdaq,calendar,dead,0.996004,0.872128
2026-08-20,cal_2e5f17d421,month_nasdaq,calendar,inconclusive,0.318681,0.577423
2026-08-20,cal_2e7a9a5ca1,monthof_3_sp500,calendar,dead,0.661339,0.769231
2026-08-20,cal_345031f898,monthof_5_nasdaq,calendar,dead,0.615385,0.621379
2026-08-20,cal_398f5c0e31,opex_week_nasdaq,calendar,dead,0.595405,0.663337
2026-08-20,cal_433ee46bbe,opex_week_sp500,calendar,dead,0.242757,0.661339
2026-08-20,cal_456e8c2d5e,monthof_12_sp500,calendar,dead,0.240759,0.975025
2026-08-20,cal_4a891b25f0,monthof_8_nasdaq,calendar,dead,0.348651,0.89011
2026-08-20,cal_4aa242d26e,monthof_5_sp500,calendar,dead,0.260739,0.862138
2026-08-20,cal_4bf363bd79,monthof_7_sp500,calendar,dead,0.073926,0.405594
2026-08-20,cal_527d0ae2db,monthof_1_nasdaq,calendar,dead,0.048951,0.933067
2026-08-20,cal_579e6e1355,monthof_2_nasdaq,calendar,dead,0.442557,0.325674
2026-08-20,cal_597774dc60,monthof_1_sp500,calendar,dead,0.282717,0.508492
2026-08-20,cal_5a22160179,turn_of_month_sp500,calendar,faded,0.000999,0.198801
2026-08-20,cal_6a08a2ccb6,pre_holiday_nasdaq,calendar,dead,0.13986,0.212787
2026-08-20,cal_6ebedbd943,monthof_10_nasdaq,calendar,dead,0.664336,0.358641
2026-08-20,cal_6f4b839635,pre_fomc_nasdaq,calendar,dead,0.290709,0.282717
2026-08-20,cal_7114c0729a,month_sp500,calendar,inconclusive,0.024975,0.155844
2026-08-20,cal_7738ecb1bc,turn_of_month_nasdaq,calendar,faded,0.000999,0.151848
2026-08-20,cal_79870937ed,world_cup_year_sp500,calendar,dead,0.014985,0.215784
2026-08-20,cal_7ded9a48d4,monthof_2_sp500,calendar,dead,0.173826,0.252747
2026-08-20,cal_82e1f1d8c9,pre_holiday_sp500,calendar,dead,0.068931,0.134865
2026-08-20,cal_85cc7cc6d7,dow_sp500,calendar,faded,0.000999,0.799201
2026-08-20,cal_8669d8c09d,monthof_11_sp500,calendar,dead,0.401598,0.134865
2026-08-20,cal_87670427d9,january_sp500,calendar,dead,0.160839,0.759241
2026-08-20,cal_8d5125126b,term_year3_sp500,calendar,inconclusive,0.04995,
2026-08-20,cal_8fe611a742,santa_nasdaq,calendar,dead,0.001998,0.221778
2026-08-20,cal_94c08fa012,santa_sp500,calendar,faded,0.000999,0.214785
2026-08-20,cal_ba8471031e,pre_fomc_sp500,calendar,dead,0.12987,0.158841
2026-08-20,cal_bbcc723bdf,decade_digit_sp500,calendar,inconclusive,0.163836,
2026-08-20,cal_bc77212229,sell_in_may_sp500,calendar,dead,0.073926,0.263736
2026-08-20,cal_c3a33a6db5,monthof_4_sp500,calendar,dead,0.194805,0.200799
2026-08-20,cal_c8b0832b2e,monthof_7_nasdaq,calendar,dead,0.857143,0.604396
2026-08-20,cal_d4de5634d3,september_nasdaq,calendar,dead,0.007992,0.023976
2026-08-20,cal_e041ed5979,monthof_3_nasdaq,calendar,dead,0.589411,0.779221
2026-08-20,cal_e3052fad5c,monthof_4_nasdaq,calendar,dead,0.425574,0.487512
2026-08-20,cal_ec09c00a99,presidential_cycle_sp500,calendar,inconclusive,0.300699,
2026-08-20,cal_f70ee53794,monthof_9_nasdaq,calendar,dead,0.00999,0.058941
2026-08-20,cal_f80dd36a7a,january_nasdaq,calendar,dead,0.020979,0.495504
2026-08-20,cal_f923f81493,september_sp500,calendar,survive,0.000999,0.034965
2026-08-20,fac_4beec74249,BTC_mom20_neg,factor,dead,0.002,0.0
2026-08-20,fac_70486895ee,dxy_rising,factor,dead,0.442,0.691
2026-08-20,fac_7578b1d58f,vix_backwardation,factor,dead,0.825,0.617
2026-08-20,fac_778b84a969,NASDAQ_mom20_neg,factor,dead,0.057,0.498
2026-08-20,fac_79cf4a9a7b,NASDAQ_above_ma200,factor,dead,0.013,0.094
2026-08-20,fac_a1bf6a105c,nasdaq_rsi_overbought,factor,dead,0.292,0.403
2026-08-20,fac_ab89704768,nasdaq_high_vol,factor,dead,0.004,0.942
2026-08-20,fac_bed960d3e2,NASDAQ_mom20_pos,factor,dead,0.408,0.652
2026-08-20,fac_c872e5eb69,BTC_above_ma200,factor,dead,0.122,0.086
2026-08-20,fac_cc60102eac,dxy_falling,factor,dead,0.757,0.884
2026-08-20,fac_d738a0c3fd,nasdaq_low_vol,factor,dead,0.279,0.581
2026-08-20,fac_d8a4f38258,overnight_mom_neg,factor,dead,0.287,0.357
2026-08-20,fac_dcbd9f57b5,overnight_mom_pos,factor,dead,0.287,0.357
2026-08-20,fac_e2be6309e8,nasdaq_rsi_oversold,factor,dead,0.56,0.427
2026-08-20,fac_f834dcf2c0,BTC_mom20_pos,factor,survive,0.0,0.0
2026-08-20,opt_13e0620c3f,total_pc_lo_h10,options_sentiment,dead,0.617,0.617
2026-08-20,opt_2bdac60949,total_pc_hi_h10,options_sentiment,dead,0.818,0.818
2026-08-20,opt_6b7c040f34,equity_pc_hi_h20,options_sentiment,dead,0.981,0.981
2026-08-20,opt_706c7e01ed,equity_pc_lo_h20,options_sentiment,dead,0.13,0.13
2026-08-20,opt_aad2768b05,total_pc_hi_h20,options_sentiment,dead,0.389,0.389
2026-08-20,opt_c8998dbbe6,equity_pc_lo_h10,options_sentiment,dead,0.766,0.766
2026-08-20,opt_d6053cc7a0,total_pc_lo_h20,options_sentiment,dead,0.402,0.402
2026-08-20,opt_f09bd225c9,equity_pc_hi_h10,options_sentiment,dead,0.538,0.538
2026-08-20,pos_0e8203cb20,legacy_noncomm_pct_oi_hi_h20_sp500,positioning,dead,0.787,0.787
2026-08-20,pos_3b1f2f7be5,legacy_noncomm_pct_oi_lo_h60_nasdaq100,positioning,survive,0.0,0.0
2026-08-20,pos_4503921189,legacy_noncomm_pct_oi_lo_h20_sp500,positioning,dead,0.303,0.303
2026-08-20,pos_46e606b679,tff_lev_net_pct_oi_hi_h60_sp500,positioning,dead,0.822,0.822
2026-08-20,pos_4f52a87fc8,tff_lev_net_pct_oi_hi_h20_sp500,positioning,dead,0.649,0.649
2026-08-20,pos_5618fa6478,tff_lev_net_pct_oi_lo_h60_nasdaq100,positioning,dead,0.009,0.009
2026-08-20,pos_566a8459e8,tff_lev_net_pct_oi_lo_h20_nasdaq100,positioning,dead,0.453,0.453
2026-08-20,pos_69b292d2ff,legacy_noncomm_pct_oi_lo_h20_nasdaq100,positioning,dead,0.129,0.129
2026-08-20,pos_74c61491cb,legacy_noncomm_pct_oi_hi_h20_nasdaq100,positioning,dead,0.218,0.218
2026-08-20,pos_771e2a7ea4,tff_lev_net_pct_oi_lo_h20_sp500,positioning,dead,0.019,0.019
2026-08-20,pos_951ab21851,tff_lev_net_pct_oi_lo_h60_sp500,positioning,dead,0.187,0.187
2026-08-20,pos_ad633d4d56,tff_lev_net_pct_oi_hi_h60_nasdaq100,positioning,dead,0.109,0.109
2026-08-20,pos_c5297400c9,legacy_noncomm_pct_oi_lo_h60_sp500,positioning,dead,0.641,0.641
2026-08-20,pos_d898f33d4c,tff_lev_net_pct_oi_hi_h20_nasdaq100,positioning,dead,0.196,0.196
2026-08-20,pos_f7aa0cde34,legacy_noncomm_pct_oi_hi_h60_sp500,positioning,dead,0.482,0.482
2026-08-20,pos_fb69e287a1,legacy_noncomm_pct_oi_hi_h60_nasdaq100,positioning,dead,0.915,0.915
2026-08-20,reb_018df927fb,p1_h5_sp500,rebound,dead,0.253,0.611
2026-08-20,reb_0b54f655e4,p10_h1_nasdaq,rebound,faded,0.0,0.322
2026-08-20,reb_183bf3c31c,p5_h1_sp500,rebound,dead,0.907,0.268
2026-08-20,reb_2617209d72,p10_h5_nasdaq,rebound,faded,0.0,0.196
2026-08-20,reb_2b218993db,p1_h5_nasdaq,rebound,dead,0.534,0.86
2026-08-20,reb_7155c924ca,p10_h1_sp500,rebound,dead,0.25,0.072
2026-08-20,reb_7e3e4a8d62,p1_h1_sp500,rebound,dead,0.274,0.54
2026-08-20,reb_8055fe6f4a,p1_h1_nasdaq,rebound,dead,0.221,0.475
2026-08-20,reb_91f1615526,p10_h5_sp500,rebound,dead,0.031,0.675
2026-08-20,reb_9adb2feef5,p5_h1_nasdaq,rebound,survive,0.0,0.081
2026-08-20,reb_b016e921c3,p5_h5_sp500,rebound,dead,0.318,0.769
2026-08-20,reb_b61bcf84d2,p5_h5_nasdaq,rebound,dead,0.027,0.046
2026-08-20,reg_74448026aa,golden_cross_sp500,regime,survive,0.0,0.012
2026-08-20,reg_9c0efb465b,golden_cross_nasdaq,regime,dead,0.056,0.058
2026-08-20,str_104f8d7bd8,break3_h1_nasdaq,streak_break,dead,0.812,0.433
2026-08-20,str_10ce6fe56e,down4_h1_nasdaq,streak_down,dead,0.003,0.732
2026-08-20,str_1560c11bbd,break5_h5_nasdaq,streak_break,dead,0.785,0.3
2026-08-20,str_16775f1703,break3_h5_nasdaq,streak_break,dead,0.607,0.497
2026-08-20,str_1b6fe1e8ca,down3_h5_sp500,streak_down,dead,0.221,0.912
2026-08-20,str_36b9f79448,down3_h1_nasdaq,streak_down,dead,0.029,0.502
2026-08-20,str_4320d0a275,break3_h5_sp500,streak_break,dead,0.812,0.476
2026-08-20,str_43ea43f9bc,down3_h20_nasdaq,streak_down,dead,0.006,0.153
2026-08-20,str_5824ee8bd5,break5_h5_sp500,streak_break,dead,0.855,0.814
2026-08-20,str_79e97ed91e,down5_h5_nasdaq,streak_down,dead,0.05,0.037
2026-08-20,str_7fd52c09bf,down5_h20_sp500,streak_down,dead,0.837,0.119
2026-08-20,str_7ff66aade6,break5_h1_sp500,streak_break,dead,0.308,0.748
2026-08-20,str_8969baac75,break3_h20_sp500,streak_break,dead,0.026,0.358
2026-08-20,str_8bc1b7d951,down3_h20_sp500,streak_down,dead,0.09,0.878
2026-08-20,str_8c2a185099,down5_h1_sp500,streak_down,dead,0.299,0.015
2026-08-20,str_947583c00a,break5_h20_nasdaq,streak_break,dead,0.175,0.764
2026-08-20,str_9638e678bf,down4_h20_sp500,streak_down,dead,0.459,0.039
2026-08-20,str_a754f69e1f,break5_h20_sp500,streak_break,dead,0.487,0.898
2026-08-20,str_b2f9430e92,down5_h1_nasdaq,streak_down,dead,0.678,0.153
2026-08-20,str_b6d73df6b9,down5_h5_sp500,streak_down,dead,0.578,0.023
2026-08-20,str_b725749b5b,down3_h1_sp500,streak_down,dead,0.331,0.062
2026-08-20,str_b847620031,down4_h5_sp500,streak_down,dead,0.945,0.034
2026-08-20,str_b8d9734d1a,down4_h20_nasdaq,streak_down,dead,0.215,0.786
2026-08-20,str_b916af0ac0,down4_h5_nasdaq,streak_down,dead,0.276,0.038
2026-08-20,str_baa87542e8,down5_h20_nasdaq,streak_down,dead,0.182,0.447
2026-08-20,str_be41d45643,down3_h5_nasdaq,streak_down,dead,0.019,0.751
2026-08-20,str_be73a914d2,down4_h1_sp500,streak_down,dead,0.796,0.162
2026-08-20,str_df987e7acf,break3_h1_sp500,streak_break,dead,0.088,0.166
2026-08-20,str_eaadd5b6d1,break5_h1_nasdaq,streak_break,dead,0.63,0.158
2026-08-20,str_ecf1394eae,break3_h20_nasdaq,streak_break,dead,0.011,0.221
2026-08-20,tra_085bba7150,n504_h126_low_sp500,trailing_extreme,dead,0.787,0.9234
2026-08-20,tra_089dcbd8a1,n252_h126_high_nasdaq,trailing_extreme,dead,0.154,0.22
2026-08-20,tra_1f25b3bd0f,n126_h63_high_nasdaq,trailing_extreme,dead,0.638,0.562
2026-08-20,tra_22e8f33640,n126_h63_low_sp500,trailing_extreme,dead,0.92,0.358
2026-08-20,tra_4ced8af588,n252_h126_high_sp500,trailing_extreme,dead,0.096,0.091
2026-08-20,tra_5711325073,n504_h126_high_sp500,trailing_extreme,dead,0.537,0.022
2026-08-20,tra_9006717c86,n63_h21_low_nasdaq,trailing_extreme,dead,0.497,0.149
2026-08-20,tra_93edbbb9e4,n63_h21_high_sp500,trailing_extreme,dead,0.232,0.201
2026-08-20,tra_a60deafb82,n63_h21_high_nasdaq,trailing_extreme,dead,0.274,0.858
2026-08-20,tra_ace02affa1,n63_h21_low_sp500,trailing_extreme,dead,0.244,0.636
2026-08-20,tra_c5a6e7707e,n126_h63_low_nasdaq,trailing_extreme,dead,0.157,0.003
2026-08-20,tra_c802f55825,n252_h126_low_nasdaq,trailing_extreme,dead,0.443,0.3392
2026-08-20,tra_e355b4c138,n252_h126_low_sp500,trailing_extreme,dead,0.957,0.627
2026-08-20,tra_f8f8b8c0db,n126_h63_high_sp500,trailing_extreme,dead,0.365,0.013
2026-08-21,cal_021d07d02a,monthof_10_sp500,calendar,dead,0.924076,0.507493
2026-08-21,cal_02b889c7e0,monthof_8_sp500,calendar,dead,0.965035,0.744256
2026-08-21,cal_05facdcc22,quarter_end_sp500,calendar,dead,0.777223,0.706294
2026-08-21,cal_0662569f50,monthof_12_nasdaq,calendar,dead,0.5005,0.664336
2026-08-21,cal_116d0565a8,quarter_end_nasdaq,calendar,dead,0.87013,0.415584
2026-08-21,cal_11bf800cae,world_cup_year_nasdaq,calendar,dead,0.003996,0.090909
2026-08-21,cal_146a3e8961,dow_nasdaq,calendar,faded,0.000999,0.646354
2026-08-21,cal_19104677ae,monthof_6_sp500,calendar,dead,0.809191,0.465534
2026-08-21,cal_216be59585,monthof_11_nasdaq,calendar,dead,0.182817,0.366633
2026-08-21,cal_2a991b85ee,sell_in_may_nasdaq,calendar,dead,0.032967,0.492507
2026-08-21,cal_2bf2b4d53f,monthof_9_sp500,calendar,dead,0.002997,0.058941
2026-08-21,cal_2de632e38b,monthof_6_nasdaq,calendar,dead,0.986014,0.851149
2026-08-21,cal_2e5f17d421,month_nasdaq,calendar,inconclusive,0.317682,0.577423
2026-08-21,cal_2e7a9a5ca1,monthof_3_sp500,calendar,dead,0.664336,0.774226
2026-08-21,cal_345031f898,monthof_5_nasdaq,calendar,dead,0.623377,0.634366
2026-08-21,cal_398f5c0e31,opex_week_nasdaq,calendar,dead,0.604396,0.641359
2026-08-21,cal_433ee46bbe,opex_week_sp500,calendar,dead,0.223776,0.649351
2026-08-21,cal_456e8c2d5e,monthof_12_sp500,calendar,dead,0.241758,0.971029
2026-08-21,cal_4a891b25f0,monthof_8_nasdaq,calendar,dead,0.36963,0.88012
2026-08-21,cal_4aa242d26e,monthof_5_sp500,calendar,dead,0.273726,0.86014
2026-08-21,cal_4bf363bd79,monthof_7_sp500,calendar,dead,0.065934,0.417582
2026-08-21,cal_527d0ae2db,monthof_1_nasdaq,calendar,dead,0.047952,0.936064
2026-08-21,cal_579e6e1355,monthof_2_nasdaq,calendar,dead,0.445554,0.33966
2026-08-21,cal_597774dc60,monthof_1_sp500,calendar,dead,0.276723,0.515485
2026-08-21,cal_5a22160179,turn_of_month_sp500,calendar,faded,0.000999,0.196803
2026-08-21,cal_6a08a2ccb6,pre_holiday_nasdaq,calendar,dead,0.143856,0.212787
2026-08-21,cal_6ebedbd943,monthof_10_nasdaq,calendar,dead,0.653347,0.353646
2026-08-21,cal_6f4b839635,pre_fomc_nasdaq,calendar,dead,0.267732,0.310689
2026-08-21,cal_7114c0729a,month_sp500,calendar,inconclusive,0.024975,0.155844
2026-08-21,cal_7738ecb1bc,turn_of_month_nasdaq,calendar,faded,0.000999,0.168831
2026-08-21,cal_79870937ed,world_cup_year_sp500,calendar,dead,0.016983,0.163836
2026-08-21,cal_7ded9a48d4,monthof_2_sp500,calendar,dead,0.178821,0.252747
2026-08-21,cal_82e1f1d8c9,pre_holiday_sp500,calendar,dead,0.080919,0.148851
2026-08-21,cal_85cc7cc6d7,dow_sp500,calendar,faded,0.000999,0.838162
2026-08-21,cal_8669d8c09d,monthof_11_sp500,calendar,dead,0.451548,0.120879
2026-08-21,cal_87670427d9,january_sp500,calendar,dead,0.137862,0.733267
2026-08-21,cal_8d5125126b,term_year3_sp500,calendar,inconclusive,0.04995,
2026-08-21,cal_8fe611a742,santa_nasdaq,calendar,dead,0.004995,0.195804
2026-08-21,cal_94c08fa012,santa_sp500,calendar,dead,0.001998,0.185814
2026-08-21,cal_ba8471031e,pre_fomc_sp500,calendar,dead,0.140859,0.161838
2026-08-21,cal_bbcc723bdf,decade_digit_sp500,calendar,inconclusive,0.163836,
2026-08-21,cal_bc77212229,sell_in_may_sp500,calendar,dead,0.076923,0.258741
2026-08-21,cal_c3a33a6db5,monthof_4_sp500,calendar,dead,0.212787,0.236763
2026-08-21,cal_c8b0832b2e,monthof_7_nasdaq,calendar,dead,0.841159,0.561439
2026-08-21,cal_d4de5634d3,september_nasdaq,calendar,dead,0.014985,0.020979
2026-08-21,cal_e041ed5979,monthof_3_nasdaq,calendar,dead,0.605395,0.782218
2026-08-21,cal_e3052fad5c,monthof_4_nasdaq,calendar,dead,0.424575,0.514486
2026-08-21,cal_ec09c00a99,presidential_cycle_sp500,calendar,inconclusive,0.300699,
2026-08-21,cal_f70ee53794,monthof_9_nasdaq,calendar,dead,0.01998,0.052947
2026-08-21,cal_f80dd36a7a,january_nasdaq,calendar,dead,0.035964,0.497502
2026-08-21,cal_f923f81493,september_sp500,calendar,survive,0.000999,0.03996
2026-08-21,fac_4beec74249,BTC_mom20_neg,factor,dead,0.002,0.0
2026-08-21,fac_70486895ee,dxy_rising,factor,dead,0.437,0.69
2026-08-21,fac_7578b1d58f,vix_backwardation,factor,dead,0.828,0.631
2026-08-21,fac_778b84a969,NASDAQ_mom20_neg,factor,dead,0.057,0.492
2026-08-21,fac_79cf4a9a7b,NASDAQ_above_ma200,factor,dead,0.013,0.094
2026-08-21,fac_a1bf6a105c,nasdaq_rsi_overbought,factor,dead,0.295,0.409
2026-08-21,fac_ab89704768,nasdaq_high_vol,factor,dead,0.003,0.936
2026-08-21,fac_bed960d3e2,NASDAQ_mom20_pos,factor,dead,0.408,0.666
2026-08-21,fac_c872e5eb69,BTC_above_ma200,factor,dead,0.122,0.093
2026-08-21,fac_cc60102eac,dxy_falling,factor,dead,0.755,0.876
2026-08-21,fac_d738a0c3fd,nasdaq_low_vol,factor,dead,0.276,0.588
2026-08-21,fac_d8a4f38258,overnight_mom_neg,factor,dead,0.284,0.36
2026-08-21,fac_dcbd9f57b5,overnight_mom_pos,factor,dead,0.284,0.36
2026-08-21,fac_e2be6309e8,nasdaq_rsi_oversold,factor,dead,0.581,0.426
2026-08-21,fac_f834dcf2c0,BTC_mom20_pos,factor,survive,0.0,0.0
2026-08-21,opt_13e0620c3f,total_pc_lo_h10,options_sentiment,dead,0.769,0.769
2026-08-21,opt_2bdac60949,total_pc_hi_h10,options_sentiment,dead,0.793,0.793
2026-08-21,opt_6b7c040f34,equity_pc_hi_h20,options_sentiment,dead,0.982,0.982
2026-08-21,opt_706c7e01ed,equity_pc_lo_h20,options_sentiment,dead,0.133,0.133
2026-08-21,opt_aad2768b05,total_pc_hi_h20,options_sentiment,dead,0.403,0.403
2026-08-21,opt_c8998dbbe6,equity_pc_lo_h10,options_sentiment,dead,0.746,0.746
2026-08-21,opt_d6053cc7a0,total_pc_lo_h20,options_sentiment,dead,0.41,0.41
2026-08-21,opt_f09bd225c9,equity_pc_hi_h10,options_sentiment,dead,0.541,0.541
2026-08-21,pos_0e8203cb20,legacy_noncomm_pct_oi_hi_h20_sp500,positioning,dead,0.785,0.785
2026-08-21,pos_3b1f2f7be5,legacy_noncomm_pct_oi_lo_h60_nasdaq100,positioning,survive,0.0,0.0
2026-08-21,pos_4503921189,legacy_noncomm_pct_oi_lo_h20_sp500,positioning,dead,0.304,0.304
2026-08-21,pos_46e606b679,tff_lev_net_pct_oi_hi_h60_sp500,positioning,dead,0.825,0.825
2026-08-21,pos_4f52a87fc8,tff_lev_net_pct_oi_hi_h20_sp500,positioning,dead,0.643,0.643
2026-08-21,pos_5618fa6478,tff_lev_net_pct_oi_lo_h60_nasdaq100,positioning,dead,0.008,0.008
2026-08-21,pos_566a8459e8,tff_lev_net_pct_oi_lo_h20_nasdaq100,positioning,dead,0.443,0.443
2026-08-21,pos_69b292d2ff,legacy_noncomm_pct_oi_lo_h20_nasdaq100,positioning,dead,0.127,0.127
2026-08-21,pos_74c61491cb,legacy_noncomm_pct_oi_hi_h20_nasdaq100,positioning,dead,0.216,0.216
2026-08-21,pos_771e2a7ea4,tff_lev_net_pct_oi_lo_h20_sp500,positioning,dead,0.019,0.019
2026-08-21,pos_951ab21851,tff_lev_net_pct_oi_lo_h60_sp500,positioning,dead,0.182,0.182
2026-08-21,pos_ad633d4d56,tff_lev_net_pct_oi_hi_h60_nasdaq100,positioning,dead,0.111,0.111
2026-08-21,pos_c5297400c9,legacy_noncomm_pct_oi_lo_h60_sp500,positioning,dead,0.637,0.637
2026-08-21,pos_d898f33d4c,tff_lev_net_pct_oi_hi_h20_nasdaq100,positioning,dead,0.191,0.191
2026-08-21,pos_f7aa0cde34,legacy_noncomm_pct_oi_hi_h60_sp500,positioning,dead,0.488,0.488
2026-08-21,pos_fb69e287a1,legacy_noncomm_pct_oi_hi_h60_nasdaq100,positioning,dead,0.921,0.921
2026-08-21,reb_018df927fb,p1_h5_sp500,rebound,dead,0.248,0.594
2026-08-21,reb_0b54f655e4,p10_h1_nasdaq,rebound,faded,0.0,0.33
2026-08-21,reb_183bf3c31c,p5_h1_sp500,rebound,dead,0.908,0.268
2026-08-21,reb_2617209d72,p10_h5_nasdaq,rebound,faded,0.0,0.199
2026-08-21,reb_2b218993db,p1_h5_nasdaq,rebound,dead,0.554,0.855
2026-08-21,reb_7155c924ca,p10_h1_sp500,rebound,dead,0.25,0.1
2026-08-21,reb_7e3e4a8d62,p1_h1_sp500,rebound,dead,0.239,0.516
2026-08-21,reb_8055fe6f4a,p1_h1_nasdaq,rebound,dead,0.194,0.401
2026-08-21,reb_91f1615526,p10_h5_sp500,rebound,dead,0.035,0.686
2026-08-21,reb_9adb2feef5,p5_h1_nasdaq,rebound,survive,0.0,0.068
2026-08-21,reb_b016e921c3,p5_h5_sp500,rebound,dead,0.319,0.733
2026-08-21,reb_b61bcf84d2,p5_h5_nasdaq,rebound,dead,0.027,0.054
2026-08-21,reg_74448026aa,golden_cross_sp500,regime,survive,0.0,0.011
2026-08-21,reg_9c0efb465b,golden_cross_nasdaq,regime,dead,0.056,0.059
2026-08-21,str_104f8d7bd8,break3_h1_nasdaq,streak_break,dead,0.821,0.433
2026-08-21,str_10ce6fe56e,down4_h1_nasdaq,streak_down,faded,0.0,0.699
2026-08-21,str_1560c11bbd,break5_h5_nasdaq,streak_break,dead,0.826,0.31
2026-08-21,str_16775f1703,break3_h5_nasdaq,streak_break,dead,0.617,0.485
2026-08-21,str_1b6fe1e8ca,down3_h5_sp500,streak_down,dead,0.192,0.931
2026-08-21,str_36b9f79448,down3_h1_nasdaq,streak_down,dead,0.026,0.508
2026-08-21,str_4320d0a275,break3_h5_sp500,streak_break,dead,0.811,0.493
2026-08-21,str_43ea43f9bc,down3_h20_nasdaq,streak_down,dead,0.008,0.176
2026-08-21,str_5824ee8bd5,break5_h5_sp500,streak_break,dead,0.893,0.806
2026-08-21,str_79e97ed91e,down5_h5_nasdaq,streak_down,dead,0.048,0.044
2026-08-21,str_7fd52c09bf,down5_h20_sp500,streak_down,dead,0.83,0.118
2026-08-21,str_7ff66aade6,break5_h1_sp500,streak_break,dead,0.281,0.74
2026-08-21,str_8969baac75,break3_h20_sp500,streak_break,dead,0.026,0.344
2026-08-21,str_8bc1b7d951,down3_h20_sp500,streak_down,dead,0.087,0.903
2026-08-21,str_8c2a185099,down5_h1_sp500,streak_down,dead,0.321,0.018
2026-08-21,str_947583c00a,break5_h20_nasdaq,streak_break,dead,0.179,0.776
2026-08-21,str_9638e678bf,down4_h20_sp500,streak_down,dead,0.47,0.039
2026-08-21,str_a754f69e1f,break5_h20_sp500,streak_break,dead,0.485,0.908
2026-08-21,str_b2f9430e92,down5_h1_nasdaq,streak_down,dead,0.701,0.156
2026-08-21,str_b6d73df6b9,down5_h5_sp500,streak_down,dead,0.578,0.024
2026-08-21,str_b725749b5b,down3_h1_sp500,streak_down,dead,0.349,0.067
2026-08-21,str_b847620031,down4_h5_sp500,streak_down,dead,0.936,0.035
2026-08-21,str_b8d9734d1a,down4_h20_nasdaq,streak_down,dead,0.221,0.784
2026-08-21,str_b916af0ac0,down4_h5_nasdaq,streak_down,dead,0.261,0.047
2026-08-21,str_baa87542e8,down5_h20_nasdaq,streak_down,dead,0.169,0.441
2026-08-21,str_be41d45643,down3_h5_nasdaq,streak_down,dead,0.012,0.738
2026-08-21,str_be73a914d2,down4_h1_sp500,streak_down,dead,0.755,0.177
2026-08-21,str_df987e7acf,break3_h1_sp500,streak_break,dead,0.098,0.159
2026-08-21,str_eaadd5b6d1,break5_h1_nasdaq,streak_break,dead,0.634,0.167
2026-08-21,str_ecf1394eae,break3_h20_nasdaq,streak_break,dead,0.013,0.21
2026-08-21,tra_085bba7150,n504_h126_low_sp500,trailing_extreme,dead,0.786,0.9234
2026-08-21,tra_089dcbd8a1,n252_h126_high_nasdaq,trailing_extreme,dead,0.153,0.22
2026-08-21,tra_1f25b3bd0f,n126_h63_high_nasdaq,trailing_extreme,dead,0.636,0.559
2026-08-21,tra_22e8f33640,n126_h63_low_sp500,trailing_extreme,dead,0.923,0.358
2026-08-21,tra_4ced8af588,n252_h126_high_sp500,trailing_extreme,dead,0.096,0.091
2026-08-21,tra_5711325073,n504_h126_high_sp500,trailing_extreme,dead,0.543,0.022
2026-08-21,tra_9006717c86,n63_h21_low_nasdaq,trailing_extreme,dead,0.497,0.149
2026-08-21,tra_93edbbb9e4,n63_h21_high_sp500,trailing_extreme,dead,0.239,0.199
2026-08-21,tra_a60deafb82,n63_h21_high_nasdaq,trailing_extreme,dead,0.278,0.855
2026-08-21,tra_ace02affa1,n63_h21_low_sp500,trailing_extreme,dead,0.239,0.636
2026-08-21,tra_c5a6e7707e,n126_h63_low_nasdaq,trailing_extreme,dead,0.158,0.003
2026-08-21,tra_c802f55825,n252_h126_low_nasdaq,trailing_extreme,dead,0.44,0.3392
2026-08-21,tra_e355b4c138,n252_h126_low_sp500,trailing_extreme,dead,0.956,0.628
2026-08-21,tra_f8f8b8c0db,n126_h63_high_sp500,trailing_extreme,dead,0.358,0.013
2026-08-24,cal_021d07d02a,monthof_10_sp500,calendar,dead,0.927073,0.501499
2026-08-24,cal_02b889c7e0,monthof_8_sp500,calendar,dead,0.957043,0.706294
2026-08-24,cal_05facdcc22,quarter_end_sp500,calendar,dead,0.796204,0.734266
2026-08-24,cal_0662569f50,monthof_12_nasdaq,calendar,dead,0.509491,0.676324
2026-08-24,cal_116d0565a8,quarter_end_nasdaq,calendar,dead,0.866134,0.450549
2026-08-24,cal_11bf800cae,world_cup_year_nasdaq,calendar,dead,0.002997,0.074925
2026-08-24,cal_146a3e8961,dow_nasdaq,calendar,faded,0.000999,0.63037
2026-08-24,cal_19104677ae,monthof_6_sp500,calendar,dead,0.827173,0.473526
2026-08-24,cal_216be59585,monthof_11_nasdaq,calendar,dead,0.173826,0.393606
2026-08-24,cal_2a991b85ee,sell_in_may_nasdaq,calendar,dead,0.031968,0.516484
2026-08-24,cal_2bf2b4d53f,monthof_9_sp500,calendar,survive,0.000999,0.053946
2026-08-24,cal_2de632e38b,monthof_6_nasdaq,calendar,dead,0.988012,0.872128
2026-08-24,cal_2e5f17d421,month_nasdaq,calendar,inconclusive,0.313686,0.576424
2026-08-24,cal_2e7a9a5ca1,monthof_3_sp500,calendar,dead,0.658342,0.764236
2026-08-24,cal_345031f898,monthof_5_nasdaq,calendar,dead,0.659341,0.612388
2026-08-24,cal_398f5c0e31,opex_week_nasdaq,calendar,dead,0.583417,0.664336
2026-08-24,cal_433ee46bbe,opex_week_sp500,calendar,dead,0.237762,0.65035
2026-08-24,cal_456e8c2d5e,monthof_12_sp500,calendar,dead,0.221778,0.971029
2026-08-24,cal_4a891b25f0,monthof_8_nasdaq,calendar,dead,0.350649,0.864136
2026-08-24,cal_4aa242d26e,monthof_5_sp500,calendar,dead,0.273726,0.835165
2026-08-24,cal_4bf363bd79,monthof_7_sp500,calendar,dead,0.064935,0.412587
2026-08-24,cal_527d0ae2db,monthof_1_nasdaq,calendar,dead,0.058941,0.935065
2026-08-24,cal_579e6e1355,monthof_2_nasdaq,calendar,dead,0.434565,0.313686
2026-08-24,cal_597774dc60,monthof_1_sp500,calendar,dead,0.310689,0.544456
2026-08-24,cal_5a22160179,turn_of_month_sp500,calendar,faded,0.000999,0.197802
2026-08-24,cal_6a08a2ccb6,pre_holiday_nasdaq,calendar,dead,0.128871,0.221778
2026-08-24,cal_6ebedbd943,monthof_10_nasdaq,calendar,dead,0.674326,0.391608
2026-08-24,cal_6f4b839635,pre_fomc_nasdaq,calendar,dead,0.303696,0.294705
2026-08-24,cal_7114c0729a,month_sp500,calendar,inconclusive,0.024975,0.151848
2026-08-24,cal_7738ecb1bc,turn_of_month_nasdaq,calendar,faded,0.000999,0.168831
2026-08-24,cal_79870937ed,world_cup_year_sp500,calendar,dead,0.00999,0.177822
2026-08-24,cal_7ded9a48d4,monthof_2_sp500,calendar,dead,0.15984,0.247752
2026-08-24,cal_82e1f1d8c9,pre_holiday_sp500,calendar,dead,0.094905,0.147852
2026-08-24,cal_85cc7cc6d7,dow_sp500,calendar,faded,0.000999,0.834166
2026-08-24,cal_8669d8c09d,monthof_11_sp500,calendar,dead,0.415584,0.136863
2026-08-24,cal_87670427d9,january_sp500,calendar,dead,0.125874,0.715285
2026-08-24,cal_8d5125126b,term_year3_sp500,calendar,inconclusive,0.04995,
2026-08-24,cal_8fe611a742,santa_nasdaq,calendar,dead,0.003996,0.203796
2026-08-24,cal_94c08fa012,santa_sp500,calendar,faded,0.000999,0.204795
2026-08-24,cal_ba8471031e,pre_fomc_sp500,calendar,dead,0.167832,0.136863
2026-08-24,cal_bbcc723bdf,decade_digit_sp500,calendar,inconclusive,0.163836,
2026-08-24,cal_bc77212229,sell_in_may_sp500,calendar,dead,0.080919,0.261738
2026-08-24,cal_c3a33a6db5,monthof_4_sp500,calendar,dead,0.204795,0.210789
2026-08-24,cal_c8b0832b2e,monthof_7_nasdaq,calendar,dead,0.85015,0.553447
2026-08-24,cal_d4de5634d3,september_nasdaq,calendar,dead,0.006993,0.02997
2026-08-24,cal_e041ed5979,monthof_3_nasdaq,calendar,dead,0.598402,0.792208
2026-08-24,cal_e3052fad5c,monthof_4_nasdaq,calendar,dead,0.426573,0.503497
2026-08-24,cal_ec09c00a99,presidential_cycle_sp500,calendar,inconclusive,0.300699,
2026-08-24,cal_f70ee53794,monthof_9_nasdaq,calendar,dead,0.015984,0.058941
2026-08-24,cal_f80dd36a7a,january_nasdaq,calendar,dead,0.021978,0.481518
2026-08-24,cal_f923f81493,september_sp500,calendar,survive,0.000999,0.024975
2026-08-24,fac_4beec74249,BTC_mom20_neg,factor,dead,0.002,0.0
2026-08-24,fac_70486895ee,dxy_rising,factor,dead,0.454,0.678
2026-08-24,fac_7578b1d58f,vix_backwardation,factor,inconclusive,1.0,
2026-08-24,fac_778b84a969,NASDAQ_mom20_neg,factor,dead,0.046,0.496
2026-08-24,fac_79cf4a9a7b,NASDAQ_above_ma200,factor,dead,0.01,0.088
2026-08-24,fac_a1bf6a105c,nasdaq_rsi_overbought,factor,dead,0.285,0.399
2026-08-24,fac_ab89704768,nasdaq_high_vol,factor,dead,0.002,0.937
2026-08-24,fac_bed960d3e2,NASDAQ_mom20_pos,factor,dead,0.426,0.659
2026-08-24,fac_c872e5eb69,BTC_above_ma200,factor,dead,0.117,0.099
2026-08-24,fac_cc60102eac,dxy_falling,factor,dead,0.747,0.88
2026-08-24,fac_d738a0c3fd,nasdaq_low_vol,factor,dead,0.255,0.566
2026-08-24,fac_d8a4f38258,overnight_mom_neg,factor,dead,0.295,0.358
2026-08-24,fac_dcbd9f57b5,overnight_mom_pos,factor,dead,0.295,0.358
2026-08-24,fac_e2be6309e8,nasdaq_rsi_oversold,factor,dead,0.604,0.452
2026-08-24,fac_f834dcf2c0,BTC_mom20_pos,factor,survive,0.0,0.0
2026-08-24,opt_13e0620c3f,total_pc_lo_h10,options_sentiment,dead,0.743,0.743
2026-08-24,opt_2bdac60949,total_pc_hi_h10,options_sentiment,dead,0.81,0.81
2026-08-24,opt_6b7c040f34,equity_pc_hi_h20,options_sentiment,dead,0.987,0.987
2026-08-24,opt_706c7e01ed,equity_pc_lo_h20,options_sentiment,dead,0.136,0.136
2026-08-24,opt_aad2768b05,total_pc_hi_h20,options_sentiment,dead,0.391,0.391
2026-08-24,opt_c8998dbbe6,equity_pc_lo_h10,options_sentiment,dead,0.771,0.771
2026-08-24,opt_d6053cc7a0,total_pc_lo_h20,options_sentiment,dead,0.4,0.4
2026-08-24,opt_f09bd225c9,equity_pc_hi_h10,options_sentiment,dead,0.554,0.554
2026-08-24,pos_0e8203cb20,legacy_noncomm_pct_oi_hi_h20_sp500,positioning,dead,0.786,0.786
2026-08-24,pos_3b1f2f7be5,legacy_noncomm_pct_oi_lo_h60_nasdaq100,positioning,survive,0.0,0.0
2026-08-24,pos_4503921189,legacy_noncomm_pct_oi_lo_h20_sp500,positioning,dead,0.306,0.306
2026-08-24,pos_46e606b679,tff_lev_net_pct_oi_hi_h60_sp500,positioning,dead,0.829,0.829
2026-08-24,pos_4f52a87fc8,tff_lev_net_pct_oi_hi_h20_sp500,positioning,dead,0.645,0.645
2026-08-24,pos_5618fa6478,tff_lev_net_pct_oi_lo_h60_nasdaq100,positioning,dead,0.008,0.008
2026-08-24,pos_566a8459e8,tff_lev_net_pct_oi_lo_h20_nasdaq100,positioning,dead,0.435,0.435
2026-08-24,pos_69b292d2ff,legacy_noncomm_pct_oi_lo_h20_nasdaq100,positioning,dead,0.129,0.129
2026-08-24,pos_74c61491cb,legacy_noncomm_pct_oi_hi_h20_nasdaq100,positioning,dead,0.219,0.219
2026-08-24,pos_771e2a7ea4,tff_lev_net_pct_oi_lo_h20_sp500,positioning,dead,0.018,0.018
2026-08-24,pos_951ab21851,tff_lev_net_pct_oi_lo_h60_sp500,positioning,dead,0.185,0.185
2026-08-24,pos_ad633d4d56,tff_lev_net_pct_oi_hi_h60_nasdaq100,positioning,dead,0.111,0.111
2026-08-24,pos_c5297400c9,legacy_noncomm_pct_oi_lo_h60_sp500,positioning,dead,0.637,0.637
2026-08-24,pos_d898f33d4c,tff_lev_net_pct_oi_hi_h20_nasdaq100,positioning,dead,0.191,0.191
2026-08-24,pos_f7aa0cde34,legacy_noncomm_pct_oi_hi_h60_sp500,positioning,dead,0.49,0.49
2026-08-24,pos_fb69e287a1,legacy_noncomm_pct_oi_hi_h60_nasdaq100,positioning,dead,0.926,0.926
2026-08-24,reb_018df927fb,p1_h5_sp500,rebound,dead,0.255,0.617
2026-08-24,reb_0b54f655e4,p10_h1_nasdaq,rebound,faded,0.0,0.354
2026-08-24,reb_183bf3c31c,p5_h1_sp500,rebound,dead,0.882,0.26
2026-08-24,reb_2617209d72,p10_h5_nasdaq,rebound,faded,0.0,0.189
2026-08-24,reb_2b218993db,p1_h5_nasdaq,rebound,dead,0.55,0.86
2026-08-24,reb_7155c924ca,p10_h1_sp500,rebound,dead,0.268,0.074
2026-08-24,reb_7e3e4a8d62,p1_h1_sp500,rebound,dead,0.265,0.508
2026-08-24,reb_8055fe6f4a,p1_h1_nasdaq,rebound,dead,0.211,0.407
2026-08-24,reb_91f1615526,p10_h5_sp500,rebound,dead,0.041,0.708
2026-08-24,reb_9adb2feef5,p5_h1_nasdaq,rebound,survive,0.0,0.077
2026-08-24,reb_b016e921c3,p5_h5_sp500,rebound,dead,0.32,0.75
2026-08-24,reb_b61bcf84d2,p5_h5_nasdaq,rebound,dead,0.035,0.067
2026-08-24,reg_74448026aa,golden_cross_sp500,regime,survive,0.0,0.013
2026-08-24,reg_9c0efb465b,golden_cross_nasdaq,regime,dead,0.057,0.058
2026-08-24,str_104f8d7bd8,break3_h1_nasdaq,streak_break,dead,0.827,0.439
2026-08-24,str_10ce6fe56e,down4_h1_nasdaq,streak_down,faded,0.0,0.718
2026-08-24,str_1560c11bbd,break5_h5_nasdaq,streak_break,dead,0.808,0.306
2026-08-24,str_16775f1703,break3_h5_nasdaq,streak_break,dead,0.62,0.468
2026-08-24,str_1b6fe1e8ca,down3_h5_sp500,streak_down,dead,0.227,0.922
2026-08-24,str_36b9f79448,down3_h1_nasdaq,streak_down,dead,0.035,0.498
2026-08-24,str_4320d0a275,break3_h5_sp500,streak_break,dead,0.773,0.521
2026-08-24,str_43ea43f9bc,down3_h20_nasdaq,streak_down,dead,0.013,0.179
2026-08-24,str_5824ee8bd5,break5_h5_sp500,streak_break,dead,0.899,0.81
2026-08-24,str_79e97ed91e,down5_h5_nasdaq,streak_down,dead,0.05,0.041
2026-08-24,str_7fd52c09bf,down5_h20_sp500,streak_down,dead,0.819,0.117
2026-08-24,str_7ff66aade6,break5_h1_sp500,streak_break,dead,0.263,0.758
2026-08-24,str_8969baac75,break3_h20_sp500,streak_break,dead,0.024,0.349
2026-08-24,str_8bc1b7d951,down3_h20_sp500,streak_down,dead,0.078,0.903
2026-08-24,str_8c2a185099,down5_h1_sp500,streak_down,dead,0.289,0.021
2026-08-24,str_947583c00a,break5_h20_nasdaq,streak_break,dead,0.18,0.781
2026-08-24,str_9638e678bf,down4_h20_sp500,streak_down,dead,0.484,0.042
2026-08-24,str_a754f69e1f,break5_h20_sp500,streak_break,dead,0.464,0.916
2026-08-24,str_b2f9430e92,down5_h1_nasdaq,streak_down,dead,0.693,0.162
2026-08-24,str_b6d73df6b9,down5_h5_sp500,streak_down,dead,0.576,0.026
2026-08-24,str_b725749b5b,down3_h1_sp500,streak_down,dead,0.359,0.069
2026-08-24,str_b847620031,down4_h5_sp500,streak_down,dead,0.936,0.039
2026-08-24,str_b8d9734d1a,down4_h20_nasdaq,streak_down,dead,0.244,0.826
2026-08-24,str_b916af0ac0,down4_h5_nasdaq,streak_down,dead,0.269,0.041
2026-08-24,str_baa87542e8,down5_h20_nasdaq,streak_down,dead,0.18,0.462
2026-08-24,str_be41d45643,down3_h5_nasdaq,streak_down,dead,0.011,0.755
2026-08-24,str_be73a914d2,down4_h1_sp500,streak_down,dead,0.753,0.152
2026-08-24,str_df987e7acf,break3_h1_sp500,streak_break,dead,0.101,0.164
2026-08-24,str_eaadd5b6d1,break5_h1_nasdaq,streak_break,dead,0.656,0.159
2026-08-24,str_ecf1394eae,break3_h20_nasdaq,streak_break,dead,0.01,0.193
2026-08-24,tra_085bba7150,n504_h126_low_sp500,trailing_extreme,dead,0.787,0.9234
2026-08-24,tra_089dcbd8a1,n252_h126_high_nasdaq,trailing_extreme,dead,0.153,0.221
2026-08-24,tra_1f25b3bd0f,n126_h63_high_nasdaq,trailing_extreme,dead,0.633,0.556
2026-08-24,tra_22e8f33640,n126_h63_low_sp500,trailing_extreme,dead,0.912,0.36
2026-08-24,tra_4ced8af588,n252_h126_high_sp500,trailing_extreme,dead,0.096,0.093
2026-08-24,tra_5711325073,n504_h126_high_sp500,trailing_extreme,dead,0.548,0.021
2026-08-24,tra_9006717c86,n63_h21_low_nasdaq,trailing_extreme,dead,0.49,0.151
2026-08-24,tra_93edbbb9e4,n63_h21_high_sp500,trailing_extreme,dead,0.244,0.207
2026-08-24,tra_a60deafb82,n63_h21_high_nasdaq,trailing_extreme,dead,0.275,0.853
2026-08-24,tra_ace02affa1,n63_h21_low_sp500,trailing_extreme,dead,0.236,0.629
2026-08-24,tra_c5a6e7707e,n126_h63_low_nasdaq,trailing_extreme,dead,0.159,0.003
2026-08-24,tra_c802f55825,n252_h126_low_nasdaq,trailing_extreme,dead,0.441,0.3402
2026-08-24,tra_e355b4c138,n252_h126_low_sp500,trailing_extreme,dead,0.954,0.63
2026-08-24,tra_f8f8b8c0db,n126_h63_high_sp500,trailing_extreme,dead,0.37,0.014
2026-08-25,cal_021d07d02a,monthof_10_sp500,calendar,dead,0.92008,0.495504
2026-08-25,cal_02b889c7e0,monthof_8_sp500,calendar,dead,0.962038,0.738262
2026-08-25,cal_05facdcc22,quarter_end_sp500,calendar,dead,0.784216,0.724276
2026-08-25,cal_0662569f50,monthof_12_nasdaq,calendar,dead,0.502498,0.644356
2026-08-25,cal_116d0565a8,quarter_end_nasdaq,calendar,dead,0.887113,0.436563
2026-08-25,cal_11bf800cae,world_cup_year_nasdaq,calendar,dead,0.002997,0.084915
2026-08-25,cal_146a3e8961,dow_nasdaq,calendar,faded,0.000999,0.645355
2026-08-25,cal_19104677ae,monthof_6_sp500,calendar,dead,0.806194,0.45954
2026-08-25,cal_216be59585,monthof_11_nasdaq,calendar,dead,0.18981,0.382617
2026-08-25,cal_2a991b85ee,sell_in_may_nasdaq,calendar,dead,0.031968,0.505495
2026-08-25,cal_2bf2b4d53f,monthof_9_sp500,calendar,survive,0.000999,0.048951
2026-08-25,cal_2de632e38b,monthof_6_nasdaq,calendar,dead,0.99001,0.851149
2026-08-25,cal_2e5f17d421,month_nasdaq,calendar,inconclusive,0.317682,0.577423
2026-08-25,cal_2e7a9a5ca1,monthof_3_sp500,calendar,dead,0.663337,0.769231
2026-08-25,cal_345031f898,monthof_5_nasdaq,calendar,dead,0.645355,0.633367
2026-08-25,cal_398f5c0e31,opex_week_nasdaq,calendar,dead,0.573427,0.685315
2026-08-25,cal_433ee46bbe,opex_week_sp500,calendar,dead,0.22977,0.678322
2026-08-25,cal_456e8c2d5e,monthof_12_sp500,calendar,dead,0.217782,0.974026
2026-08-25,cal_4a891b25f0,monthof_8_nasdaq,calendar,dead,0.342657,0.882118
2026-08-25,cal_4aa242d26e,monthof_5_sp500,calendar,dead,0.263736,0.84016
2026-08-25,cal_4bf363bd79,monthof_7_sp500,calendar,dead,0.067932,0.41958
2026-08-25,cal_527d0ae2db,monthof_1_nasdaq,calendar,dead,0.041958,0.922078
2026-08-25,cal_579e6e1355,monthof_2_nasdaq,calendar,dead,0.455544,0.317682
2026-08-25,cal_597774dc60,monthof_1_sp500,calendar,dead,0.270729,0.548452
2026-08-25,cal_5a22160179,turn_of_month_sp500,calendar,faded,0.000999,0.227772
2026-08-25,cal_6a08a2ccb6,pre_holiday_nasdaq,calendar,dead,0.137862,0.207792
2026-08-25,cal_6ebedbd943,monthof_10_nasdaq,calendar,dead,0.662338,0.351648
2026-08-25,cal_6f4b839635,pre_fomc_nasdaq,calendar,dead,0.293706,0.286713
2026-08-25,cal_7114c0729a,month_sp500,calendar,inconclusive,0.024975,0.155844
2026-08-25,cal_7738ecb1bc,turn_of_month_nasdaq,calendar,dead,0.002997,0.153846
2026-08-25,cal_79870937ed,world_cup_year_sp500,calendar,dead,0.011988,0.205794
2026-08-25,cal_7ded9a48d4,monthof_2_sp500,calendar,dead,0.154845,0.244755
2026-08-25,cal_82e1f1d8c9,pre_holiday_sp500,calendar,dead,0.07992,0.143856
2026-08-25,cal_85cc7cc6d7,dow_sp500,calendar,faded,0.000999,0.813187
2026-08-25,cal_8669d8c09d,monthof_11_sp500,calendar,dead,0.415584,0.136863
2026-08-25,cal_87670427d9,january_sp500,calendar,dead,0.147852,0.732268
2026-08-25,cal_8d5125126b,term_year3_sp500,calendar,inconclusive,0.04995,
2026-08-25,cal_8fe611a742,santa_nasdaq,calendar,dead,0.00999,0.210789
2026-08-25,cal_94c08fa012,santa_sp500,calendar,faded,0.000999,0.196803
2026-08-25,cal_ba8471031e,pre_fomc_sp500,calendar,dead,0.150849,0.148851
2026-08-25,cal_bbcc723bdf,decade_digit_sp500,calendar,inconclusive,0.163836,
2026-08-25,cal_bc77212229,sell_in_may_sp500,calendar,dead,0.078921,0.247752
2026-08-25,cal_c3a33a6db5,monthof_4_sp500,calendar,dead,0.197802,0.203796
2026-08-25,cal_c8b0832b2e,monthof_7_nasdaq,calendar,dead,0.836164,0.594406
2026-08-25,cal_d4de5634d3,september_nasdaq,calendar,dead,0.007992,0.034965
2026-08-25,cal_e041ed5979,monthof_3_nasdaq,calendar,dead,0.581419,0.805195
2026-08-25,cal_e3052fad5c,monthof_4_nasdaq,calendar,dead,0.418581,0.521479
2026-08-25,cal_ec09c00a99,presidential_cycle_sp500,calendar,inconclusive,0.300699,
2026-08-25,cal_f70ee53794,monthof_9_nasdaq,calendar,dead,0.016983,0.050949
2026-08-25,cal_f80dd36a7a,january_nasdaq,calendar,dead,0.024975,0.453546
2026-08-25,cal_f923f81493,september_sp500,calendar,dead,0.001998,0.024975
2026-08-25,fac_4beec74249,BTC_mom20_neg,factor,dead,0.002,0.0
2026-08-25,fac_70486895ee,dxy_rising,factor,dead,0.454,0.677
2026-08-25,fac_7578b1d58f,vix_backwardation,factor,inconclusive,1.0,
2026-08-25,fac_778b84a969,NASDAQ_mom20_neg,factor,dead,0.047,0.501
2026-08-25,fac_79cf4a9a7b,NASDAQ_above_ma200,factor,dead,0.01,0.088
2026-08-25,fac_a1bf6a105c,nasdaq_rsi_overbought,factor,dead,0.277,0.4
2026-08-25,fac_ab89704768,nasdaq_high_vol,factor,dead,0.002,0.935
2026-08-25,fac_bed960d3e2,NASDAQ_mom20_pos,factor,dead,0.439,0.655
2026-08-25,fac_c872e5eb69,BTC_above_ma200,factor,dead,0.126,0.098
2026-08-25,fac_cc60102eac,dxy_falling,factor,dead,0.744,0.88
2026-08-25,fac_d738a0c3fd,nasdaq_low_vol,factor,dead,0.264,0.583
2026-08-25,fac_d8a4f38258,overnight_mom_neg,factor,dead,0.316,0.37
2026-08-25,fac_dcbd9f57b5,overnight_mom_pos,factor,dead,0.316,0.37
2026-08-25,fac_e2be6309e8,nasdaq_rsi_oversold,factor,dead,0.613,0.47
2026-08-25,fac_f834dcf2c0,BTC_mom20_pos,factor,survive,0.0,0.0
2026-08-25,opt_13e0620c3f,total_pc_lo_h10,options_sentiment,dead,0.753,0.753
2026-08-25,opt_2bdac60949,total_pc_hi_h10,options_sentiment,dead,0.832,0.832
2026-08-25,opt_6b7c040f34,equity_pc_hi_h20,options_sentiment,dead,0.968,0.968
2026-08-25,opt_706c7e01ed,equity_pc_lo_h20,options_sentiment,dead,0.134,0.134
2026-08-25,opt_aad2768b05,total_pc_hi_h20,options_sentiment,dead,0.4,0.4
2026-08-25,opt_c8998dbbe6,equity_pc_lo_h10,options_sentiment,dead,0.773,0.773
2026-08-25,opt_d6053cc7a0,total_pc_lo_h20,options_sentiment,dead,0.386,0.386
2026-08-25,opt_f09bd225c9,equity_pc_hi_h10,options_sentiment,dead,0.543,0.543
2026-08-25,pos_0e8203cb20,legacy_noncomm_pct_oi_hi_h20_sp500,positioning,dead,0.782,0.782
2026-08-25,pos_3b1f2f7be5,legacy_noncomm_pct_oi_lo_h60_nasdaq100,positioning,survive,0.0,0.0
2026-08-25,pos_4503921189,legacy_noncomm_pct_oi_lo_h20_sp500,positioning,dead,0.303,0.303
2026-08-25,pos_46e606b679,tff_lev_net_pct_oi_hi_h60_sp500,positioning,dead,0.83,0.83
2026-08-25,pos_4f52a87fc8,tff_lev_net_pct_oi_hi_h20_sp500,positioning,dead,0.643,0.643
2026-08-25,pos_5618fa6478,tff_lev_net_pct_oi_lo_h60_nasdaq100,positioning,dead,0.007,0.007
2026-08-25,pos_566a8459e8,tff_lev_net_pct_oi_lo_h20_nasdaq100,positioning,dead,0.436,0.436
2026-08-25,pos_69b292d2ff,legacy_noncomm_pct_oi_lo_h20_nasdaq100,positioning,dead,0.128,0.128
2026-08-25,pos_74c61491cb,legacy_noncomm_pct_oi_hi_h20_nasdaq100,positioning,dead,0.222,0.222
2026-08-25,pos_771e2a7ea4,tff_lev_net_pct_oi_lo_h20_sp500,positioning,dead,0.016,0.016
2026-08-25,pos_951ab21851,tff_lev_net_pct_oi_lo_h60_sp500,positioning,dead,0.188,0.188
2026-08-25,pos_ad633d4d56,tff_lev_net_pct_oi_hi_h60_nasdaq100,positioning,dead,0.112,0.112
2026-08-25,pos_c5297400c9,legacy_noncomm_pct_oi_lo_h60_sp500,positioning,dead,0.643,0.643
2026-08-25,pos_d898f33d4c,tff_lev_net_pct_oi_hi_h20_nasdaq100,positioning,dead,0.194,0.194
2026-08-25,pos_f7aa0cde34,legacy_noncomm_pct_oi_hi_h60_sp500,positioning,dead,0.487,0.487
2026-08-25,pos_fb69e287a1,legacy_noncomm_pct_oi_hi_h60_nasdaq100,positioning,dead,0.924,0.924
2026-08-25,reb_018df927fb,p1_h5_sp500,rebound,dead,0.254,0.605
2026-08-25,reb_0b54f655e4,p10_h1_nasdaq,rebound,faded,0.0,0.353
2026-08-25,reb_183bf3c31c,p5_h1_sp500,rebound,dead,0.911,0.247
2026-08-25,reb_2617209d72,p10_h5_nasdaq,rebound,faded,0.0,0.177
2026-08-25,reb_2b218993db,p1_h5_nasdaq,rebound,dead,0.559,0.866
2026-08-25,reb_7155c924ca,p10_h1_sp500,rebound,dead,0.269,0.072
2026-08-25,reb_7e3e4a8d62,p1_h1_sp500,rebound,dead,0.249,0.561
2026-08-25,reb_8055fe6f4a,p1_h1_nasdaq,rebound,dead,0.215,0.399
2026-08-25,reb_91f1615526,p10_h5_sp500,rebound,dead,0.035,0.673
2026-08-25,reb_9adb2feef5,p5_h1_nasdaq,rebound,survive,0.0,0.066
2026-08-25,reb_b016e921c3,p5_h5_sp500,rebound,dead,0.342,0.747
2026-08-25,reb_b61bcf84d2,p5_h5_nasdaq,rebound,dead,0.044,0.061
2026-08-25,reg_74448026aa,golden_cross_sp500,regime,survive,0.0,0.015
2026-08-25,reg_9c0efb465b,golden_cross_nasdaq,regime,dead,0.057,0.062
2026-08-25,str_104f8d7bd8,break3_h1_nasdaq,streak_break,dead,0.827,0.424
2026-08-25,str_10ce6fe56e,down4_h1_nasdaq,streak_down,faded,0.001,0.707
2026-08-25,str_1560c11bbd,break5_h5_nasdaq,streak_break,dead,0.809,0.319
2026-08-25,str_16775f1703,break3_h5_nasdaq,streak_break,dead,0.625,0.462
2026-08-25,str_1b6fe1e8ca,down3_h5_sp500,streak_down,dead,0.216,0.958
2026-08-25,str_36b9f79448,down3_h1_nasdaq,streak_down,dead,0.036,0.522
2026-08-25,str_4320d0a275,break3_h5_sp500,streak_break,dead,0.788,0.51
2026-08-25,str_43ea43f9bc,down3_h20_nasdaq,streak_down,dead,0.012,0.161
2026-08-25,str_5824ee8bd5,break5_h5_sp500,streak_break,dead,0.901,0.817
2026-08-25,str_79e97ed91e,down5_h5_nasdaq,streak_down,dead,0.049,0.034
2026-08-25,str_7fd52c09bf,down5_h20_sp500,streak_down,dead,0.838,0.112
2026-08-25,str_7ff66aade6,break5_h1_sp500,streak_break,dead,0.266,0.741
2026-08-25,str_8969baac75,break3_h20_sp500,streak_break,dead,0.026,0.356
2026-08-25,str_8bc1b7d951,down3_h20_sp500,streak_down,dead,0.076,0.92
2026-08-25,str_8c2a185099,down5_h1_sp500,streak_down,dead,0.308,0.015
2026-08-25,str_947583c00a,break5_h20_nasdaq,streak_break,dead,0.177,0.757
2026-08-25,str_9638e678bf,down4_h20_sp500,streak_down,dead,0.477,0.046
2026-08-25,str_a754f69e1f,break5_h20_sp500,streak_break,dead,0.463,0.916
2026-08-25,str_b2f9430e92,down5_h1_nasdaq,streak_down,dead,0.722,0.176
2026-08-25,str_b6d73df6b9,down5_h5_sp500,streak_down,dead,0.561,0.027
2026-08-25,str_b725749b5b,down3_h1_sp500,streak_down,dead,0.356,0.061
2026-08-25,str_b847620031,down4_h5_sp500,streak_down,dead,0.932,0.04
2026-08-25,str_b8d9734d1a,down4_h20_nasdaq,streak_down,dead,0.232,0.828
2026-08-25,str_b916af0ac0,down4_h5_nasdaq,streak_down,dead,0.278,0.059
2026-08-25,str_baa87542e8,down5_h20_nasdaq,streak_down,dead,0.192,0.389
2026-08-25,str_be41d45643,down3_h5_nasdaq,streak_down,dead,0.011,0.838
2026-08-25,str_be73a914d2,down4_h1_sp500,streak_down,dead,0.756,0.141
2026-08-25,str_df987e7acf,break3_h1_sp500,streak_break,dead,0.103,0.145
2026-08-25,str_eaadd5b6d1,break5_h1_nasdaq,streak_break,dead,0.622,0.153
2026-08-25,str_ecf1394eae,break3_h20_nasdaq,streak_break,dead,0.011,0.196
2026-08-25,tra_085bba7150,n504_h126_low_sp500,trailing_extreme,dead,0.79,0.9234
2026-08-25,tra_089dcbd8a1,n252_h126_high_nasdaq,trailing_extreme,dead,0.153,0.221
2026-08-25,tra_1f25b3bd0f,n126_h63_high_nasdaq,trailing_extreme,dead,0.628,0.556
2026-08-25,tra_22e8f33640,n126_h63_low_sp500,trailing_extreme,dead,0.922,0.356
2026-08-25,tra_4ced8af588,n252_h126_high_sp500,trailing_extreme,dead,0.095,0.091
2026-08-25,tra_5711325073,n504_h126_high_sp500,trailing_extreme,dead,0.545,0.02
2026-08-25,tra_9006717c86,n63_h21_low_nasdaq,trailing_extreme,dead,0.489,0.154
2026-08-25,tra_93edbbb9e4,n63_h21_high_sp500,trailing_extreme,dead,0.241,0.204
2026-08-25,tra_a60deafb82,n63_h21_high_nasdaq,trailing_extreme,dead,0.273,0.853
2026-08-25,tra_ace02affa1,n63_h21_low_sp500,trailing_extreme,dead,0.24,0.635
2026-08-25,tra_c5a6e7707e,n126_h63_low_nasdaq,trailing_extreme,dead,0.159,0.003
2026-08-25,tra_c802f55825,n252_h126_low_nasdaq,trailing_extreme,dead,0.442,0.3392
2026-08-25,tra_e355b4c138,n252_h126_low_sp500,trailing_extreme,dead,0.953,0.627
2026-08-25,tra_f8f8b8c0db,n126_h63_high_sp500,trailing_extreme,dead,0.37,0.014
2026-08-26,cal_021d07d02a,monthof_10_sp500,calendar,dead,0.917083,0.487512
2026-08-26,cal_02b889c7e0,monthof_8_sp500,calendar,dead,0.959041,0.725275
2026-08-26,cal_05facdcc22,quarter_end_sp500,calendar,dead,0.808192,0.728272
2026-08-26,cal_0662569f50,monthof_12_nasdaq,calendar,dead,0.511489,0.66034
2026-08-26,cal_116d0565a8,quarter_end_nasdaq,calendar,dead,0.871129,0.437562
2026-08-26,cal_11bf800cae,world_cup_year_nasdaq,calendar,survive,0.000999,0.090909
2026-08-26,cal_146a3e8961,dow_nasdaq,calendar,faded,0.000999,0.622378
2026-08-26,cal_19104677ae,monthof_6_sp500,calendar,dead,0.818182,0.490509
2026-08-26,cal_216be59585,monthof_11_nasdaq,calendar,dead,0.173826,0.374625
2026-08-26,cal_2a991b85ee,sell_in_may_nasdaq,calendar,dead,0.024975,0.517483
2026-08-26,cal_2bf2b4d53f,monthof_9_sp500,calendar,survive,0.000999,0.050949
2026-08-26,cal_2de632e38b,monthof_6_nasdaq,calendar,dead,0.996004,0.88012
2026-08-26,cal_2e5f17d421,month_nasdaq,calendar,inconclusive,0.315684,0.577423
2026-08-26,cal_2e7a9a5ca1,monthof_3_sp500,calendar,dead,0.679321,0.78022
2026-08-26,cal_345031f898,monthof_5_nasdaq,calendar,dead,0.632368,0.638362
2026-08-26,cal_398f5c0e31,opex_week_nasdaq,calendar,dead,0.566434,0.658342
2026-08-26,cal_433ee46bbe,opex_week_sp500,calendar,dead,0.213786,0.679321
2026-08-26,cal_456e8c2d5e,monthof_12_sp500,calendar,dead,0.237762,0.978022
2026-08-26,cal_4a891b25f0,monthof_8_nasdaq,calendar,dead,0.367632,0.864136
2026-08-26,cal_4aa242d26e,monthof_5_sp500,calendar,dead,0.273726,0.844156
2026-08-26,cal_4bf363bd79,monthof_7_sp500,calendar,dead,0.061938,0.408591
2026-08-26,cal_527d0ae2db,monthof_1_nasdaq,calendar,dead,0.042957,0.939061
2026-08-26,cal_579e6e1355,monthof_2_nasdaq,calendar,dead,0.457542,0.320679
2026-08-26,cal_597774dc60,monthof_1_sp500,calendar,dead,0.286713,0.529471
2026-08-26,cal_5a22160179,turn_of_month_sp500,calendar,faded,0.000999,0.202797
2026-08-26,cal_6a08a2ccb6,pre_holiday_nasdaq,calendar,dead,0.146853,0.187812
2026-08-26,cal_6ebedbd943,monthof_10_nasdaq,calendar,dead,0.641359,0.37962
2026-08-26,cal_6f4b839635,pre_fomc_nasdaq,calendar,dead,0.296703,0.297702
2026-08-26,cal_7114c0729a,month_sp500,calendar,inconclusive,0.024975,0.155844
2026-08-26,cal_7738ecb1bc,turn_of_month_nasdaq,calendar,dead,0.001998,0.132867
2026-08-26,cal_79870937ed,world_cup_year_sp500,calendar,dead,0.015984,0.171828
2026-08-26,cal_7ded9a48d4,monthof_2_sp500,calendar,dead,0.15984,0.258741
2026-08-26,cal_82e1f1d8c9,pre_holiday_sp500,calendar,dead,0.076923,0.136863
2026-08-26,cal_85cc7cc6d7,dow_sp500,calendar,faded,0.000999,0.851149
2026-08-26,cal_8669d8c09d,monthof_11_sp500,calendar,dead,0.435564,0.145854
2026-08-26,cal_87670427d9,january_sp500,calendar,dead,0.12987,0.756244
2026-08-26,cal_8d5125126b,term_year3_sp500,calendar,inconclusive,0.04995,
2026-08-26,cal_8fe611a742,santa_nasdaq,calendar,dead,0.006993,0.215784
2026-08-26,cal_94c08fa012,santa_sp500,calendar,faded,0.000999,0.186813
2026-08-26,cal_ba8471031e,pre_fomc_sp500,calendar,dead,0.164835,0.145854
2026-08-26,cal_bbcc723bdf,decade_digit_sp500,calendar,inconclusive,0.163836,
2026-08-26,cal_bc77212229,sell_in_may_sp500,calendar,dead,0.101898,0.222777
2026-08-26,cal_c3a33a6db5,monthof_4_sp500,calendar,dead,0.195804,0.211788
2026-08-26,cal_c8b0832b2e,monthof_7_nasdaq,calendar,dead,0.85015,0.579421
2026-08-26,cal_d4de5634d3,september_nasdaq,calendar,dead,0.006993,0.023976
2026-08-26,cal_e041ed5979,monthof_3_nasdaq,calendar,dead,0.589411,0.793207
2026-08-26,cal_e3052fad5c,monthof_4_nasdaq,calendar,dead,0.395604,0.506494
2026-08-26,cal_ec09c00a99,presidential_cycle_sp500,calendar,inconclusive,0.300699,
2026-08-26,cal_f70ee53794,monthof_9_nasdaq,calendar,dead,0.017982,0.047952
2026-08-26,cal_f80dd36a7a,january_nasdaq,calendar,dead,0.027972,0.438561
2026-08-26,cal_f923f81493,september_sp500,calendar,survive,0.000999,0.023976
2026-08-26,fac_4beec74249,BTC_mom20_neg,factor,dead,0.002,0.0
2026-08-26,fac_70486895ee,dxy_rising,factor,dead,0.449,0.677
2026-08-26,fac_7578b1d58f,vix_backwardation,factor,inconclusive,1.0,
2026-08-26,fac_778b84a969,NASDAQ_mom20_neg,factor,dead,0.048,0.52
2026-08-26,fac_79cf4a9a7b,NASDAQ_above_ma200,factor,dead,0.01,0.088
2026-08-26,fac_a1bf6a105c,nasdaq_rsi_overbought,factor,dead,0.289,0.393
2026-08-26,fac_ab89704768,nasdaq_high_vol,factor,dead,0.003,0.943
2026-08-26,fac_bed960d3e2,NASDAQ_mom20_pos,factor,dead,0.436,0.662
2026-08-26,fac_c872e5eb69,BTC_above_ma200,factor,dead,0.129,0.096
2026-08-26,fac_cc60102eac,dxy_falling,factor,dead,0.751,0.885
2026-08-26,fac_d738a0c3fd,nasdaq_low_vol,factor,dead,0.267,0.582
2026-08-26,fac_d8a4f38258,overnight_mom_neg,factor,dead,0.32,0.368
2026-08-26,fac_dcbd9f57b5,overnight_mom_pos,factor,dead,0.32,0.368
2026-08-26,fac_e2be6309e8,nasdaq_rsi_oversold,factor,dead,0.62,0.477
2026-08-26,fac_f834dcf2c0,BTC_mom20_pos,factor,survive,0.0,0.0
2026-08-26,opt_13e0620c3f,total_pc_lo_h10,options_sentiment,dead,0.743,0.743
2026-08-26,opt_2bdac60949,total_pc_hi_h10,options_sentiment,dead,0.831,0.831
2026-08-26,opt_6b7c040f34,equity_pc_hi_h20,options_sentiment,dead,0.974,0.974
2026-08-26,opt_706c7e01ed,equity_pc_lo_h20,options_sentiment,dead,0.134,0.134
2026-08-26,opt_aad2768b05,total_pc_hi_h20,options_sentiment,dead,0.408,0.408
2026-08-26,opt_c8998dbbe6,equity_pc_lo_h10,options_sentiment,dead,0.761,0.761
2026-08-26,opt_d6053cc7a0,total_pc_lo_h20,options_sentiment,dead,0.409,0.409
2026-08-26,opt_f09bd225c9,equity_pc_hi_h10,options_sentiment,dead,0.551,0.551
2026-08-26,pos_0e8203cb20,legacy_noncomm_pct_oi_hi_h20_sp500,positioning,dead,0.775,0.775
2026-08-26,pos_3b1f2f7be5,legacy_noncomm_pct_oi_lo_h60_nasdaq100,positioning,survive,0.0,0.0
2026-08-26,pos_4503921189,legacy_noncomm_pct_oi_lo_h20_sp500,positioning,dead,0.307,0.307
2026-08-26,pos_46e606b679,tff_lev_net_pct_oi_hi_h60_sp500,positioning,dead,0.831,0.831
2026-08-26,pos_4f52a87fc8,tff_lev_net_pct_oi_hi_h20_sp500,positioning,dead,0.638,0.638
2026-08-26,pos_5618fa6478,tff_lev_net_pct_oi_lo_h60_nasdaq100,positioning,dead,0.007,0.007
2026-08-26,pos_566a8459e8,tff_lev_net_pct_oi_lo_h20_nasdaq100,positioning,dead,0.425,0.425
2026-08-26,pos_69b292d2ff,legacy_noncomm_pct_oi_lo_h20_nasdaq100,positioning,dead,0.126,0.126
2026-08-26,pos_74c61491cb,legacy_noncomm_pct_oi_hi_h20_nasdaq100,positioning,dead,0.224,0.224
2026-08-26,pos_771e2a7ea4,tff_lev_net_pct_oi_lo_h20_sp500,positioning,dead,0.015,0.015
2026-08-26,pos_951ab21851,tff_lev_net_pct_oi_lo_h60_sp500,positioning,dead,0.189,0.189
2026-08-26,pos_ad633d4d56,tff_lev_net_pct_oi_hi_h60_nasdaq100,positioning,dead,0.113,0.113
2026-08-26,pos_c5297400c9,legacy_noncomm_pct_oi_lo_h60_sp500,positioning,dead,0.65,0.65
2026-08-26,pos_d898f33d4c,tff_lev_net_pct_oi_hi_h20_nasdaq100,positioning,dead,0.195,0.195
2026-08-26,pos_f7aa0cde34,legacy_noncomm_pct_oi_hi_h60_sp500,positioning,dead,0.487,0.487
2026-08-26,pos_fb69e287a1,legacy_noncomm_pct_oi_hi_h60_nasdaq100,positioning,dead,0.929,0.929
2026-08-26,reb_018df927fb,p1_h5_sp500,rebound,dead,0.26,0.587
2026-08-26,reb_0b54f655e4,p10_h1_nasdaq,rebound,faded,0.0,0.347
2026-08-26,reb_183bf3c31c,p5_h1_sp500,rebound,dead,0.909,0.25
2026-08-26,reb_2617209d72,p10_h5_nasdaq,rebound,faded,0.0,0.176
2026-08-26,reb_2b218993db,p1_h5_nasdaq,rebound,dead,0.528,0.893
2026-08-26,reb_7155c924ca,p10_h1_sp500,rebound,dead,0.255,0.077
2026-08-26,reb_7e3e4a8d62,p1_h1_sp500,rebound,dead,0.271,0.522
2026-08-26,reb_8055fe6f4a,p1_h1_nasdaq,rebound,dead,0.216,0.455
2026-08-26,reb_91f1615526,p10_h5_sp500,rebound,dead,0.04,0.687
2026-08-26,reb_9adb2feef5,p5_h1_nasdaq,rebound,survive,0.0,0.089
2026-08-26,reb_b016e921c3,p5_h5_sp500,rebound,dead,0.333,0.741
2026-08-26,reb_b61bcf84d2,p5_h5_nasdaq,rebound,dead,0.037,0.063
2026-08-26,reg_74448026aa,golden_cross_sp500,regime,survive,0.001,0.014
2026-08-26,reg_9c0efb465b,golden_cross_nasdaq,regime,dead,0.053,0.061
2026-08-26,str_104f8d7bd8,break3_h1_nasdaq,streak_break,dead,0.834,0.419
2026-08-26,str_10ce6fe56e,down4_h1_nasdaq,streak_down,faded,0.001,0.745
2026-08-26,str_1560c11bbd,break5_h5_nasdaq,streak_break,dead,0.801,0.303
2026-08-26,str_16775f1703,break3_h5_nasdaq,streak_break,dead,0.592,0.498
2026-08-26,str_1b6fe1e8ca,down3_h5_sp500,streak_down,dead,0.228,0.931
2026-08-26,str_36b9f79448,down3_h1_nasdaq,streak_down,dead,0.032,0.542
2026-08-26,str_4320d0a275,break3_h5_sp500,streak_break,dead,0.808,0.46
2026-08-26,str_43ea43f9bc,down3_h20_nasdaq,streak_down,dead,0.01,0.16
2026-08-26,str_5824ee8bd5,break5_h5_sp500,streak_break,dead,0.9,0.826
2026-08-26,str_79e97ed91e,down5_h5_nasdaq,streak_down,dead,0.048,0.038
2026-08-26,str_7fd52c09bf,down5_h20_sp500,streak_down,dead,0.831,0.108
2026-08-26,str_7ff66aade6,break5_h1_sp500,streak_break,dead,0.273,0.732
2026-08-26,str_8969baac75,break3_h20_sp500,streak_break,dead,0.029,0.337
2026-08-26,str_8bc1b7d951,down3_h20_sp500,streak_down,dead,0.076,0.906
2026-08-26,str_8c2a185099,down5_h1_sp500,streak_down,dead,0.306,0.021
2026-08-26,str_947583c00a,break5_h20_nasdaq,streak_break,dead,0.17,0.766
2026-08-26,str_9638e678bf,down4_h20_sp500,streak_down,dead,0.473,0.054
2026-08-26,str_a754f69e1f,break5_h20_sp500,streak_break,dead,0.463,0.932
2026-08-26,str_b2f9430e92,down5_h1_nasdaq,streak_down,dead,0.706,0.147
2026-08-26,str_b6d73df6b9,down5_h5_sp500,streak_down,dead,0.58,0.031
2026-08-26,str_b725749b5b,down3_h1_sp500,streak_down,dead,0.321,0.066
2026-08-26,str_b847620031,down4_h5_sp500,streak_down,dead,0.941,0.052
2026-08-26,str_b8d9734d1a,down4_h20_nasdaq,streak_down,dead,0.246,0.828
2026-08-26,str_b916af0ac0,down4_h5_nasdaq,streak_down,dead,0.281,0.056
2026-08-26,str_baa87542e8,down5_h20_nasdaq,streak_down,dead,0.185,0.395
2026-08-26,str_be41d45643,down3_h5_nasdaq,streak_down,dead,0.014,0.819
2026-08-26,str_be73a914d2,down4_h1_sp500,streak_down,dead,0.725,0.151
2026-08-26,str_df987e7acf,break3_h1_sp500,streak_break,dead,0.112,0.185
2026-08-26,str_eaadd5b6d1,break5_h1_nasdaq,streak_break,dead,0.647,0.147
2026-08-26,str_ecf1394eae,break3_h20_nasdaq,streak_break,dead,0.011,0.189
2026-08-26,tra_085bba7150,n504_h126_low_sp500,trailing_extreme,dead,0.79,0.9204
2026-08-26,tra_089dcbd8a1,n252_h126_high_nasdaq,trailing_extreme,dead,0.145,0.218
2026-08-26,tra_1f25b3bd0f,n126_h63_high_nasdaq,trailing_extreme,dead,0.632,0.556
2026-08-26,tra_22e8f33640,n126_h63_low_sp500,trailing_extreme,dead,0.922,0.353
2026-08-26,tra_4ced8af588,n252_h126_high_sp500,trailing_extreme,dead,0.095,0.09
2026-08-26,tra_5711325073,n504_h126_high_sp500,trailing_extreme,dead,0.543,0.019
2026-08-26,tra_9006717c86,n63_h21_low_nasdaq,trailing_extreme,dead,0.486,0.154
2026-08-26,tra_93edbbb9e4,n63_h21_high_sp500,trailing_extreme,dead,0.243,0.208
2026-08-26,tra_a60deafb82,n63_h21_high_nasdaq,trailing_extreme,dead,0.269,0.855
2026-08-26,tra_ace02affa1,n63_h21_low_sp500,trailing_extreme,dead,0.242,0.633
2026-08-26,tra_c5a6e7707e,n126_h63_low_nasdaq,trailing_extreme,dead,0.161,0.003
2026-08-26,tra_c802f55825,n252_h126_low_nasdaq,trailing_extreme,dead,0.434,0.3372
2026-08-26,tra_e355b4c138,n252_h126_low_sp500,trailing_extreme,dead,0.956,0.629
2026-08-26,tra_f8f8b8c0db,n126_h63_high_sp500,trailing_extreme,dead,0.369,0.014
2026-08-27,cal_021d07d02a,monthof_10_sp500,calendar,dead,0.916084,0.487512
2026-08-27,cal_02b889c7e0,monthof_8_sp500,calendar,dead,0.959041,0.723277
2026-08-27,cal_05facdcc22,quarter_end_sp500,calendar,dead,0.808192,0.728272
2026-08-27,cal_0662569f50,monthof_12_nasdaq,calendar,dead,0.511489,0.661339
2026-08-27,cal_116d0565a8,quarter_end_nasdaq,calendar,dead,0.871129,0.437562
2026-08-27,cal_11bf800cae,world_cup_year_nasdaq,calendar,survive,0.000999,0.090909
2026-08-27,cal_146a3e8961,dow_nasdaq,calendar,faded,0.000999,0.622378
2026-08-27,cal_19104677ae,monthof_6_sp500,calendar,dead,0.818182,0.490509
2026-08-27,cal_216be59585,monthof_11_nasdaq,calendar,dead,0.173826,0.374625
2026-08-27,cal_2a991b85ee,sell_in_may_nasdaq,calendar,dead,0.024975,0.517483
2026-08-27,cal_2bf2b4d53f,monthof_9_sp500,calendar,survive,0.000999,0.050949
2026-08-27,cal_2de632e38b,monthof_6_nasdaq,calendar,dead,0.996004,0.88012
2026-08-27,cal_2e5f17d421,month_nasdaq,calendar,inconclusive,0.315684,0.577423
2026-08-27,cal_2e7a9a5ca1,monthof_3_sp500,calendar,dead,0.679321,0.78022
2026-08-27,cal_345031f898,monthof_5_nasdaq,calendar,dead,0.632368,0.638362
2026-08-27,cal_398f5c0e31,opex_week_nasdaq,calendar,dead,0.566434,0.658342
2026-08-27,cal_433ee46bbe,opex_week_sp500,calendar,dead,0.213786,0.679321
2026-08-27,cal_456e8c2d5e,monthof_12_sp500,calendar,dead,0.237762,0.979021
2026-08-27,cal_4a891b25f0,monthof_8_nasdaq,calendar,dead,0.367632,0.863137
2026-08-27,cal_4aa242d26e,monthof_5_sp500,calendar,dead,0.273726,0.845155
2026-08-27,cal_4bf363bd79,monthof_7_sp500,calendar,dead,0.061938,0.408591
2026-08-27,cal_527d0ae2db,monthof_1_nasdaq,calendar,dead,0.042957,0.939061
2026-08-27,cal_579e6e1355,monthof_2_nasdaq,calendar,dead,0.457542,0.320679
2026-08-27,cal_597774dc60,monthof_1_sp500,calendar,dead,0.286713,0.529471
2026-08-27,cal_5a22160179,turn_of_month_sp500,calendar,faded,0.000999,0.203796
2026-08-27,cal_6a08a2ccb6,pre_holiday_nasdaq,calendar,dead,0.146853,0.186813
2026-08-27,cal_6ebedbd943,monthof_10_nasdaq,calendar,dead,0.641359,0.37962
2026-08-27,cal_6f4b839635,pre_fomc_nasdaq,calendar,dead,0.296703,0.297702
2026-08-27,cal_7114c0729a,month_sp500,calendar,inconclusive,0.024975,0.154845
2026-08-27,cal_7738ecb1bc,turn_of_month_nasdaq,calendar,dead,0.001998,0.132867
2026-08-27,cal_79870937ed,world_cup_year_sp500,calendar,dead,0.015984,0.16983
2026-08-27,cal_7ded9a48d4,monthof_2_sp500,calendar,dead,0.15984,0.258741
2026-08-27,cal_82e1f1d8c9,pre_holiday_sp500,calendar,dead,0.076923,0.136863
2026-08-27,cal_85cc7cc6d7,dow_sp500,calendar,faded,0.000999,0.851149
2026-08-27,cal_8669d8c09d,monthof_11_sp500,calendar,dead,0.435564,0.145854
2026-08-27,cal_87670427d9,january_sp500,calendar,dead,0.12987,0.756244
2026-08-27,cal_8d5125126b,term_year3_sp500,calendar,inconclusive,0.04995,
2026-08-27,cal_8fe611a742,santa_nasdaq,calendar,dead,0.006993,0.215784
2026-08-27,cal_94c08fa012,santa_sp500,calendar,faded,0.000999,0.186813
2026-08-27,cal_ba8471031e,pre_fomc_sp500,calendar,dead,0.164835,0.145854
2026-08-27,cal_bbcc723bdf,decade_digit_sp500,calendar,inconclusive,0.163836,
2026-08-27,cal_bc77212229,sell_in_may_sp500,calendar,dead,0.101898,0.222777
2026-08-27,cal_c3a33a6db5,monthof_4_sp500,calendar,dead,0.195804,0.211788
2026-08-27,cal_c8b0832b2e,monthof_7_nasdaq,calendar,dead,0.85015,0.58042
2026-08-27,cal_d4de5634d3,september_nasdaq,calendar,dead,0.006993,0.023976
2026-08-27,cal_e041ed5979,monthof_3_nasdaq,calendar,dead,0.589411,0.793207
2026-08-27,cal_e3052fad5c,monthof_4_nasdaq,calendar,dead,0.396603,0.506494
2026-08-27,cal_ec09c00a99,presidential_cycle_sp500,calendar,inconclusive,0.300699,
2026-08-27,cal_f70ee53794,monthof_9_nasdaq,calendar,dead,0.017982,0.047952
2026-08-27,cal_f80dd36a7a,january_nasdaq,calendar,dead,0.027972,0.438561
2026-08-27,cal_f923f81493,september_sp500,calendar,survive,0.000999,0.023976
2026-08-27,fac_4beec74249,BTC_mom20_neg,factor,dead,0.002,0.0
2026-08-27,fac_70486895ee,dxy_rising,factor,dead,0.449,0.677
2026-08-27,fac_7578b1d58f,vix_backwardation,factor,inconclusive,1.0,
2026-08-27,fac_778b84a969,NASDAQ_mom20_neg,factor,dead,0.048,0.52
2026-08-27,fac_79cf4a9a7b,NASDAQ_above_ma200,factor,dead,0.01,0.088
2026-08-27,fac_a1bf6a105c,nasdaq_rsi_overbought,factor,dead,0.289,0.393
2026-08-27,fac_ab89704768,nasdaq_high_vol,factor,dead,0.003,0.943
2026-08-27,fac_bed960d3e2,NASDAQ_mom20_pos,factor,dead,0.436,0.662
2026-08-27,fac_c872e5eb69,BTC_above_ma200,factor,dead,0.129,0.096
2026-08-27,fac_cc60102eac,dxy_falling,factor,dead,0.751,0.885
2026-08-27,fac_d738a0c3fd,nasdaq_low_vol,factor,dead,0.267,0.582
2026-08-27,fac_d8a4f38258,overnight_mom_neg,factor,dead,0.32,0.368
2026-08-27,fac_dcbd9f57b5,overnight_mom_pos,factor,dead,0.32,0.368
2026-08-27,fac_e2be6309e8,nasdaq_rsi_oversold,factor,dead,0.62,0.477
2026-08-27,fac_f834dcf2c0,BTC_mom20_pos,factor,survive,0.0,0.0
2026-08-27,opt_13e0620c3f,total_pc_lo_h10,options_sentiment,dead,0.743,0.743
2026-08-27,opt_2bdac60949,total_pc_hi_h10,options_sentiment,dead,0.831,0.831
2026-08-27,opt_6b7c040f34,equity_pc_hi_h20,options_sentiment,dead,0.974,0.974
2026-08-27,opt_706c7e01ed,equity_pc_lo_h20,options_sentiment,dead,0.134,0.134
2026-08-27,opt_aad2768b05,total_pc_hi_h20,options_sentiment,dead,0.408,0.408
2026-08-27,opt_c8998dbbe6,equity_pc_lo_h10,options_sentiment,dead,0.761,0.761
2026-08-27,opt_d6053cc7a0,total_pc_lo_h20,options_sentiment,dead,0.409,0.409
2026-08-27,opt_f09bd225c9,equity_pc_hi_h10,options_sentiment,dead,0.551,0.551
2026-08-27,pos_0e8203cb20,legacy_noncomm_pct_oi_hi_h20_sp500,positioning,dead,0.775,0.775
2026-08-27,pos_3b1f2f7be5,legacy_noncomm_pct_oi_lo_h60_nasdaq100,positioning,survive,0.0,0.0
2026-08-27,pos_4503921189,legacy_noncomm_pct_oi_lo_h20_sp500,positioning,dead,0.307,0.307
2026-08-27,pos_46e606b679,tff_lev_net_pct_oi_hi_h60_sp500,positioning,dead,0.831,0.831
2026-08-27,pos_4f52a87fc8,tff_lev_net_pct_oi_hi_h20_sp500,positioning,dead,0.638,0.638
2026-08-27,pos_5618fa6478,tff_lev_net_pct_oi_lo_h60_nasdaq100,positioning,dead,0.007,0.007
2026-08-27,pos_566a8459e8,tff_lev_net_pct_oi_lo_h20_nasdaq100,positioning,dead,0.425,0.425
2026-08-27,pos_69b292d2ff,legacy_noncomm_pct_oi_lo_h20_nasdaq100,positioning,dead,0.126,0.126
2026-08-27,pos_74c61491cb,legacy_noncomm_pct_oi_hi_h20_nasdaq100,positioning,dead,0.224,0.224
2026-08-27,pos_771e2a7ea4,tff_lev_net_pct_oi_lo_h20_sp500,positioning,dead,0.015,0.015
2026-08-27,pos_951ab21851,tff_lev_net_pct_oi_lo_h60_sp500,positioning,dead,0.189,0.189
2026-08-27,pos_ad633d4d56,tff_lev_net_pct_oi_hi_h60_nasdaq100,positioning,dead,0.113,0.113
2026-08-27,pos_c5297400c9,legacy_noncomm_pct_oi_lo_h60_sp500,positioning,dead,0.65,0.65
2026-08-27,pos_d898f33d4c,tff_lev_net_pct_oi_hi_h20_nasdaq100,positioning,dead,0.195,0.195
2026-08-27,pos_f7aa0cde34,legacy_noncomm_pct_oi_hi_h60_sp500,positioning,dead,0.487,0.487
2026-08-27,pos_fb69e287a1,legacy_noncomm_pct_oi_hi_h60_nasdaq100,positioning,dead,0.929,0.929
2026-08-27,reb_018df927fb,p1_h5_sp500,rebound,dead,0.26,0.587
2026-08-27,reb_0b54f655e4,p10_h1_nasdaq,rebound,faded,0.0,0.347
2026-08-27,reb_183bf3c31c,p5_h1_sp500,rebound,dead,0.91,0.248
2026-08-27,reb_2617209d72,p10_h5_nasdaq,rebound,faded,0.0,0.176
2026-08-27,reb_2b218993db,p1_h5_nasdaq,rebound,dead,0.528,0.893
2026-08-27,reb_7155c924ca,p10_h1_sp500,rebound,dead,0.255,0.077
2026-08-27,reb_7e3e4a8d62,p1_h1_sp500,rebound,dead,0.271,0.52
2026-08-27,reb_8055fe6f4a,p1_h1_nasdaq,rebound,dead,0.216,0.455
2026-08-27,reb_91f1615526,p10_h5_sp500,rebound,dead,0.04,0.687
2026-08-27,reb_9adb2feef5,p5_h1_nasdaq,rebound,survive,0.0,0.089
2026-08-27,reb_b016e921c3,p5_h5_sp500,rebound,dead,0.333,0.741
2026-08-27,reb_b61bcf84d2,p5_h5_nasdaq,rebound,dead,0.037,0.063
2026-08-27,reg_74448026aa,golden_cross_sp500,regime,survive,0.001,0.014
2026-08-27,reg_9c0efb465b,golden_cross_nasdaq,regime,dead,0.053,0.061
2026-08-27,str_104f8d7bd8,break3_h1_nasdaq,streak_break,dead,0.834,0.419
2026-08-27,str_10ce6fe56e,down4_h1_nasdaq,streak_down,faded,0.001,0.745
2026-08-27,str_1560c11bbd,break5_h5_nasdaq,streak_break,dead,0.801,0.303
2026-08-27,str_16775f1703,break3_h5_nasdaq,streak_break,dead,0.592,0.498
2026-08-27,str_1b6fe1e8ca,down3_h5_sp500,streak_down,dead,0.228,0.931
2026-08-27,str_36b9f79448,down3_h1_nasdaq,streak_down,dead,0.032,0.542
2026-08-27,str_4320d0a275,break3_h5_sp500,streak_break,dead,0.808,0.46
2026-08-27,str_43ea43f9bc,down3_h20_nasdaq,streak_down,dead,0.01,0.16
2026-08-27,str_5824ee8bd5,break5_h5_sp500,streak_break,dead,0.9,0.826
2026-08-27,str_79e97ed91e,down5_h5_nasdaq,streak_down,dead,0.048,0.038
2026-08-27,str_7fd52c09bf,down5_h20_sp500,streak_down,dead,0.831,0.108
2026-08-27,str_7ff66aade6,break5_h1_sp500,streak_break,dead,0.272,0.735
2026-08-27,str_8969baac75,break3_h20_sp500,streak_break,dead,0.029,0.337
2026-08-27,str_8bc1b7d951,down3_h20_sp500,streak_down,dead,0.076,0.906
2026-08-27,str_8c2a185099,down5_h1_sp500,streak_down,dead,0.304,0.021
2026-08-27,str_947583c00a,break5_h20_nasdaq,streak_break,dead,0.17,0.766
2026-08-27,str_9638e678bf,down4_h20_sp500,streak_down,dead,0.473,0.054
2026-08-27,str_a754f69e1f,break5_h20_sp500,streak_break,dead,0.463,0.932
2026-08-27,str_b2f9430e92,down5_h1_nasdaq,streak_down,dead,0.706,0.147
2026-08-27,str_b6d73df6b9,down5_h5_sp500,streak_down,dead,0.58,0.031
2026-08-27,str_b725749b5b,down3_h1_sp500,streak_down,dead,0.321,0.066
2026-08-27,str_b847620031,down4_h5_sp500,streak_down,dead,0.941,0.052
2026-08-27,str_b8d9734d1a,down4_h20_nasdaq,streak_down,dead,0.246,0.828
2026-08-27,str_b916af0ac0,down4_h5_nasdaq,streak_down,dead,0.281,0.056
2026-08-27,str_baa87542e8,down5_h20_nasdaq,streak_down,dead,0.185,0.395
2026-08-27,str_be41d45643,down3_h5_nasdaq,streak_down,dead,0.014,0.819
2026-08-27,str_be73a914d2,down4_h1_sp500,streak_down,dead,0.73,0.15
2026-08-27,str_df987e7acf,break3_h1_sp500,streak_break,dead,0.112,0.185
2026-08-27,str_eaadd5b6d1,break5_h1_nasdaq,streak_break,dead,0.647,0.147
2026-08-27,str_ecf1394eae,break3_h20_nasdaq,streak_break,dead,0.011,0.189
2026-08-27,tra_085bba7150,n504_h126_low_sp500,trailing_extreme,dead,0.79,0.9204
2026-08-27,tra_089dcbd8a1,n252_h126_high_nasdaq,trailing_extreme,dead,0.145,0.218
2026-08-27,tra_1f25b3bd0f,n126_h63_high_nasdaq,trailing_extreme,dead,0.632,0.556
2026-08-27,tra_22e8f33640,n126_h63_low_sp500,trailing_extreme,dead,0.922,0.353
2026-08-27,tra_4ced8af588,n252_h126_high_sp500,trailing_extreme,dead,0.095,0.09
2026-08-27,tra_5711325073,n504_h126_high_sp500,trailing_extreme,dead,0.543,0.019
2026-08-27,tra_9006717c86,n63_h21_low_nasdaq,trailing_extreme,dead,0.486,0.154
2026-08-27,tra_93edbbb9e4,n63_h21_high_sp500,trailing_extreme,dead,0.243,0.208
2026-08-27,tra_a60deafb82,n63_h21_high_nasdaq,trailing_extreme,dead,0.269,0.855
2026-08-27,tra_ace02affa1,n63_h21_low_sp500,trailing_extreme,dead,0.242,0.633
2026-08-27,tra_c5a6e7707e,n126_h63_low_nasdaq,trailing_extreme,dead,0.161,0.003
2026-08-27,tra_c802f55825,n252_h126_low_nasdaq,trailing_extreme,dead,0.434,0.3372
2026-08-27,tra_e355b4c138,n252_h126_low_sp500,trailing_extreme,dead,0.956,0.629
2026-08-27,tra_f8f8b8c0db,n126_h63_high_sp500,trailing_extreme,dead,0.369,0.014
2026-08-28,cal_021d07d02a,monthof_10_sp500,calendar,dead,0.928072,0.515485
2026-08-28,cal_02b889c7e0,monthof_8_sp500,calendar,dead,0.966034,0.731269
2026-08-28,cal_05facdcc22,quarter_end_sp500,calendar,dead,0.79021,0.691309
2026-08-28,cal_0662569f50,monthof_12_nasdaq,calendar,dead,0.523477,0.653347
2026-08-28,cal_116d0565a8,quarter_end_nasdaq,calendar,dead,0.888112,0.442557
2026-08-28,cal_11bf800cae,world_cup_year_nasdaq,calendar,dead,0.002997,0.077922
2026-08-28,cal_146a3e8961,dow_nasdaq,calendar,faded,0.000999,0.619381
2026-08-28,cal_19104677ae,monthof_6_sp500,calendar,dead,0.802198,0.44955
2026-08-28,cal_216be59585,monthof_11_nasdaq,calendar,dead,0.162837,0.357642
2026-08-28,cal_2a991b85ee,sell_in_may_nasdaq,calendar,dead,0.024975,0.538462
2026-08-28,cal_2bf2b4d53f,monthof_9_sp500,calendar,survive,0.000999,0.064935
2026-08-28,cal_2de632e38b,monthof_6_nasdaq,calendar,dead,0.997003,0.874126
2026-08-28,cal_2e5f17d421,month_nasdaq,calendar,inconclusive,0.321678,0.576424
2026-08-28,cal_2e7a9a5ca1,monthof_3_sp500,calendar,dead,0.664336,0.753247
2026-08-28,cal_345031f898,monthof_5_nasdaq,calendar,dead,0.642358,0.63037
2026-08-28,cal_398f5c0e31,opex_week_nasdaq,calendar,dead,0.574426,0.669331
2026-08-28,cal_433ee46bbe,opex_week_sp500,calendar,dead,0.241758,0.664336
2026-08-28,cal_456e8c2d5e,monthof_12_sp500,calendar,dead,0.247752,0.964036
2026-08-28,cal_4a891b25f0,monthof_8_nasdaq,calendar,dead,0.372627,0.911089
2026-08-28,cal_4aa242d26e,monthof_5_sp500,calendar,dead,0.274725,0.855145
2026-08-28,cal_4bf363bd79,monthof_7_sp500,calendar,dead,0.052947,0.414585
2026-08-28,cal_527d0ae2db,monthof_1_nasdaq,calendar,dead,0.052947,0.937063
2026-08-28,cal_579e6e1355,monthof_2_nasdaq,calendar,dead,0.414585,0.32967
2026-08-28,cal_597774dc60,monthof_1_sp500,calendar,dead,0.310689,0.54046
2026-08-28,cal_5a22160179,turn_of_month_sp500,calendar,faded,0.000999,0.200799
2026-08-28,cal_6a08a2ccb6,pre_holiday_nasdaq,calendar,dead,0.131868,0.196803
2026-08-28,cal_6ebedbd943,monthof_10_nasdaq,calendar,dead,0.65035,0.400599
2026-08-28,cal_6f4b839635,pre_fomc_nasdaq,calendar,dead,0.278721,0.301698
2026-08-28,cal_7114c0729a,month_sp500,calendar,inconclusive,0.023976,0.15984
2026-08-28,cal_7738ecb1bc,turn_of_month_nasdaq,calendar,faded,0.000999,0.140859
2026-08-28,cal_79870937ed,world_cup_year_sp500,calendar,dead,0.015984,0.185814
2026-08-28,cal_7ded9a48d4,monthof_2_sp500,calendar,dead,0.154845,0.24975
2026-08-28,cal_82e1f1d8c9,pre_holiday_sp500,calendar,dead,0.076923,0.167832
2026-08-28,cal_85cc7cc6d7,dow_sp500,calendar,faded,0.000999,0.843157
2026-08-28,cal_8669d8c09d,monthof_11_sp500,calendar,dead,0.435564,0.152847
2026-08-28,cal_87670427d9,january_sp500,calendar,dead,0.141858,0.766234
2026-08-28,cal_8d5125126b,term_year3_sp500,calendar,inconclusive,0.04995,
2026-08-28,cal_8fe611a742,santa_nasdaq,calendar,dead,0.008991,0.221778
2026-08-28,cal_94c08fa012,santa_sp500,calendar,dead,0.001998,0.200799
2026-08-28,cal_ba8471031e,pre_fomc_sp500,calendar,dead,0.155844,0.143856
2026-08-28,cal_bbcc723bdf,decade_digit_sp500,calendar,inconclusive,0.163836,
2026-08-28,cal_bc77212229,sell_in_may_sp500,calendar,dead,0.06993,0.258741
2026-08-28,cal_c3a33a6db5,monthof_4_sp500,calendar,dead,0.188811,0.1998
2026-08-28,cal_c8b0832b2e,monthof_7_nasdaq,calendar,dead,0.8002,0.562438
2026-08-28,cal_d4de5634d3,september_nasdaq,calendar,dead,0.011988,0.028971
2026-08-28,cal_e041ed5979,monthof_3_nasdaq,calendar,dead,0.579421,0.798202
2026-08-28,cal_e3052fad5c,monthof_4_nasdaq,calendar,dead,0.417582,0.505495
2026-08-28,cal_ec09c00a99,presidential_cycle_sp500,calendar,inconclusive,0.300699,
2026-08-28,cal_f70ee53794,monthof_9_nasdaq,calendar,dead,0.010989,0.048951
2026-08-28,cal_f80dd36a7a,january_nasdaq,calendar,dead,0.02997,0.454545
2026-08-28,cal_f923f81493,september_sp500,calendar,survive,0.000999,0.02997
2026-08-28,fac_4beec74249,BTC_mom20_neg,factor,dead,0.002,0.0
2026-08-28,fac_70486895ee,dxy_rising,factor,dead,0.439,0.679
2026-08-28,fac_7578b1d58f,vix_backwardation,factor,dead,0.862,0.611
2026-08-28,fac_778b84a969,NASDAQ_mom20_neg,factor,dead,0.044,0.518
2026-08-28,fac_79cf4a9a7b,NASDAQ_above_ma200,factor,dead,0.01,0.084
2026-08-28,fac_a1bf6a105c,nasdaq_rsi_overbought,factor,dead,0.292,0.388
2026-08-28,fac_ab89704768,nasdaq_high_vol,factor,dead,0.003,0.947
2026-08-28,fac_bed960d3e2,NASDAQ_mom20_pos,factor,dead,0.427,0.655
2026-08-28,fac_c872e5eb69,BTC_above_ma200,factor,dead,0.13,0.097
2026-08-28,fac_cc60102eac,dxy_falling,factor,dead,0.755,0.882
2026-08-28,fac_d738a0c3fd,nasdaq_low_vol,factor,dead,0.268,0.58
2026-08-28,fac_d8a4f38258,overnight_mom_neg,factor,dead,0.313,0.372
2026-08-28,fac_dcbd9f57b5,overnight_mom_pos,factor,dead,0.313,0.372
2026-08-28,fac_e2be6309e8,nasdaq_rsi_oversold,factor,dead,0.611,0.482
2026-08-28,fac_f834dcf2c0,BTC_mom20_pos,factor,survive,0.0,0.0
2026-08-28,opt_13e0620c3f,total_pc_lo_h10,options_sentiment,dead,0.744,0.744
2026-08-28,opt_2bdac60949,total_pc_hi_h10,options_sentiment,dead,0.853,0.853
2026-08-28,opt_6b7c040f34,equity_pc_hi_h20,options_sentiment,dead,0.974,0.974
2026-08-28,opt_706c7e01ed,equity_pc_lo_h20,options_sentiment,dead,0.136,0.136
2026-08-28,opt_aad2768b05,total_pc_hi_h20,options_sentiment,dead,0.424,0.424
2026-08-28,opt_c8998dbbe6,equity_pc_lo_h10,options_sentiment,dead,0.748,0.748
2026-08-28,opt_d6053cc7a0,total_pc_lo_h20,options_sentiment,dead,0.407,0.407
2026-08-28,opt_f09bd225c9,equity_pc_hi_h10,options_sentiment,dead,0.542,0.542
2026-08-28,pos_0e8203cb20,legacy_noncomm_pct_oi_hi_h20_sp500,positioning,dead,0.782,0.782
2026-08-28,pos_3b1f2f7be5,legacy_noncomm_pct_oi_lo_h60_nasdaq100,positioning,survive,0.0,0.0
2026-08-28,pos_4503921189,legacy_noncomm_pct_oi_lo_h20_sp500,positioning,dead,0.303,0.303
2026-08-28,pos_46e606b679,tff_lev_net_pct_oi_hi_h60_sp500,positioning,dead,0.831,0.831
2026-08-28,pos_4f52a87fc8,tff_lev_net_pct_oi_hi_h20_sp500,positioning,dead,0.649,0.649
2026-08-28,pos_5618fa6478,tff_lev_net_pct_oi_lo_h60_nasdaq100,positioning,dead,0.006,0.006
2026-08-28,pos_566a8459e8,tff_lev_net_pct_oi_lo_h20_nasdaq100,positioning,dead,0.411,0.411
2026-08-28,pos_69b292d2ff,legacy_noncomm_pct_oi_lo_h20_nasdaq100,positioning,dead,0.131,0.131
2026-08-28,pos_74c61491cb,legacy_noncomm_pct_oi_hi_h20_nasdaq100,positioning,dead,0.226,0.226
2026-08-28,pos_771e2a7ea4,tff_lev_net_pct_oi_lo_h20_sp500,positioning,dead,0.019,0.019
2026-08-28,pos_951ab21851,tff_lev_net_pct_oi_lo_h60_sp500,positioning,dead,0.19,0.19
2026-08-28,pos_ad633d4d56,tff_lev_net_pct_oi_hi_h60_nasdaq100,positioning,dead,0.112,0.112
2026-08-28,pos_c5297400c9,legacy_noncomm_pct_oi_lo_h60_sp500,positioning,dead,0.65,0.65
2026-08-28,pos_d898f33d4c,tff_lev_net_pct_oi_hi_h20_nasdaq100,positioning,dead,0.192,0.192
2026-08-28,pos_f7aa0cde34,legacy_noncomm_pct_oi_hi_h60_sp500,positioning,dead,0.485,0.485
2026-08-28,pos_fb69e287a1,legacy_noncomm_pct_oi_hi_h60_nasdaq100,positioning,dead,0.928,0.928
2026-08-28,reb_018df927fb,p1_h5_sp500,rebound,dead,0.261,0.586
2026-08-28,reb_0b54f655e4,p10_h1_nasdaq,rebound,faded,0.0,0.333
2026-08-28,reb_183bf3c31c,p5_h1_sp500,rebound,dead,0.902,0.258
2026-08-28,reb_2617209d72,p10_h5_nasdaq,rebound,faded,0.0,0.169
2026-08-28,reb_2b218993db,p1_h5_nasdaq,rebound,dead,0.51,0.78
2026-08-28,reb_7155c924ca,p10_h1_sp500,rebound,dead,0.244,0.083
2026-08-28,reb_7e3e4a8d62,p1_h1_sp500,rebound,dead,0.249,0.5
2026-08-28,reb_8055fe6f4a,p1_h1_nasdaq,rebound,dead,0.212,0.449
2026-08-28,reb_91f1615526,p10_h5_sp500,rebound,dead,0.034,0.702
2026-08-28,reb_9adb2feef5,p5_h1_nasdaq,rebound,survive,0.0,0.075
2026-08-28,reb_b016e921c3,p5_h5_sp500,rebound,dead,0.337,0.749
2026-08-28,reb_b61bcf84d2,p5_h5_nasdaq,rebound,dead,0.037,0.066
2026-08-28,reg_74448026aa,golden_cross_sp500,regime,survive,0.001,0.015
2026-08-28,reg_9c0efb465b,golden_cross_nasdaq,regime,dead,0.056,0.062
2026-08-28,str_104f8d7bd8,break3_h1_nasdaq,streak_break,dead,0.844,0.44
2026-08-28,str_10ce6fe56e,down4_h1_nasdaq,streak_down,dead,0.003,0.723
2026-08-28,str_1560c11bbd,break5_h5_nasdaq,streak_break,dead,0.788,0.32
2026-08-28,str_16775f1703,break3_h5_nasdaq,streak_break,dead,0.608,0.483
2026-08-28,str_1b6fe1e8ca,down3_h5_sp500,streak_down,dead,0.245,0.935
2026-08-28,str_36b9f79448,down3_h1_nasdaq,streak_down,dead,0.039,0.528
2026-08-28,str_4320d0a275,break3_h5_sp500,streak_break,dead,0.782,0.46
2026-08-28,str_43ea43f9bc,down3_h20_nasdaq,streak_down,dead,0.011,0.168
2026-08-28,str_5824ee8bd5,break5_h5_sp500,streak_break,dead,0.895,0.821
2026-08-28,str_79e97ed91e,down5_h5_nasdaq,streak_down,dead,0.049,0.046
2026-08-28,str_7fd52c09bf,down5_h20_sp500,streak_down,dead,0.836,0.104
2026-08-28,str_7ff66aade6,break5_h1_sp500,streak_break,dead,0.29,0.754
2026-08-28,str_8969baac75,break3_h20_sp500,streak_break,dead,0.032,0.338
2026-08-28,str_8bc1b7d951,down3_h20_sp500,streak_down,dead,0.065,0.915
2026-08-28,str_8c2a185099,down5_h1_sp500,streak_down,dead,0.304,0.015
2026-08-28,str_947583c00a,break5_h20_nasdaq,streak_break,dead,0.2,0.858
2026-08-28,str_9638e678bf,down4_h20_sp500,streak_down,dead,0.475,0.051
2026-08-28,str_a754f69e1f,break5_h20_sp500,streak_break,dead,0.486,0.936
2026-08-28,str_b2f9430e92,down5_h1_nasdaq,streak_down,dead,0.704,0.163
2026-08-28,str_b6d73df6b9,down5_h5_sp500,streak_down,dead,0.547,0.032
2026-08-28,str_b725749b5b,down3_h1_sp500,streak_down,dead,0.34,0.078
2026-08-28,str_b847620031,down4_h5_sp500,streak_down,dead,0.978,0.042
2026-08-28,str_b8d9734d1a,down4_h20_nasdaq,streak_down,dead,0.246,0.808
2026-08-28,str_b916af0ac0,down4_h5_nasdaq,streak_down,dead,0.269,0.042
2026-08-28,str_baa87542e8,down5_h20_nasdaq,streak_down,dead,0.185,0.4
2026-08-28,str_be41d45643,down3_h5_nasdaq,streak_down,dead,0.016,0.822
2026-08-28,str_be73a914d2,down4_h1_sp500,streak_down,dead,0.754,0.163
2026-08-28,str_df987e7acf,break3_h1_sp500,streak_break,dead,0.095,0.196
2026-08-28,str_eaadd5b6d1,break5_h1_nasdaq,streak_break,dead,0.622,0.148
2026-08-28,str_ecf1394eae,break3_h20_nasdaq,streak_break,dead,0.013,0.209
2026-08-28,tra_085bba7150,n504_h126_low_sp500,trailing_extreme,dead,0.796,0.9204
2026-08-28,tra_089dcbd8a1,n252_h126_high_nasdaq,trailing_extreme,dead,0.154,0.216
2026-08-28,tra_1f25b3bd0f,n126_h63_high_nasdaq,trailing_extreme,dead,0.628,0.553
2026-08-28,tra_22e8f33640,n126_h63_low_sp500,trailing_extreme,dead,0.915,0.354
2026-08-28,tra_4ced8af588,n252_h126_high_sp500,trailing_extreme,dead,0.098,0.092
2026-08-28,tra_5711325073,n504_h126_high_sp500,trailing_extreme,dead,0.542,0.02
2026-08-28,tra_9006717c86,n63_h21_low_nasdaq,trailing_extreme,dead,0.488,0.152
2026-08-28,tra_93edbbb9e4,n63_h21_high_sp500,trailing_extreme,dead,0.236,0.205
2026-08-28,tra_a60deafb82,n63_h21_high_nasdaq,trailing_extreme,dead,0.267,0.85
2026-08-28,tra_ace02affa1,n63_h21_low_sp500,trailing_extreme,dead,0.241,0.637
2026-08-28,tra_c5a6e7707e,n126_h63_low_nasdaq,trailing_extreme,dead,0.16,0.003
2026-08-28,tra_c802f55825,n252_h126_low_nasdaq,trailing_extreme,dead,0.44,0.3372
2026-08-28,tra_e355b4c138,n252_h126_low_sp500,trailing_extreme,dead,0.956,0.626
2026-08-28,tra_f8f8b8c0db,n126_h63_high_sp500,trailing_extreme,dead,0.367,0.014
2026-08-29,cal_021d07d02a,monthof_10_sp500,calendar,dead,0.922078,0.504496
2026-08-29,cal_02b889c7e0,monthof_8_sp500,calendar,dead,0.964036,0.733267
2026-08-29,cal_05facdcc22,quarter_end_sp500,calendar,dead,0.788212,0.712288
2026-08-29,cal_0662569f50,monthof_12_nasdaq,calendar,dead,0.536464,0.642358
2026-08-29,cal_116d0565a8,quarter_end_nasdaq,calendar,dead,0.871129,0.41958
2026-08-29,cal_11bf800cae,world_cup_year_nasdaq,calendar,dead,0.001998,0.103896
2026-08-29,cal_146a3e8961,dow_nasdaq,calendar,faded,0.000999,0.65035
2026-08-29,cal_19104677ae,monthof_6_sp500,calendar,dead,0.811189,0.501499
2026-08-29,cal_216be59585,monthof_11_nasdaq,calendar,dead,0.162837,0.382617
2026-08-29,cal_2a991b85ee,sell_in_may_nasdaq,calendar,dead,0.035964,0.507493
2026-08-29,cal_2bf2b4d53f,monthof_9_sp500,calendar,dead,0.001998,0.056943
2026-08-29,cal_2de632e38b,monthof_6_nasdaq,calendar,dead,0.996004,0.87013
2026-08-29,cal_2e5f17d421,month_nasdaq,calendar,inconclusive,0.320679,0.578422
2026-08-29,cal_2e7a9a5ca1,monthof_3_sp500,calendar,dead,0.665335,0.751249
2026-08-29,cal_345031f898,monthof_5_nasdaq,calendar,dead,0.612388,0.651349
2026-08-29,cal_398f5c0e31,opex_week_nasdaq,calendar,dead,0.574426,0.651349
2026-08-29,cal_433ee46bbe,opex_week_sp500,calendar,dead,0.244755,0.693307
2026-08-29,cal_456e8c2d5e,monthof_12_sp500,calendar,dead,0.241758,0.969031
2026-08-29,cal_4a891b25f0,monthof_8_nasdaq,calendar,dead,0.374625,0.905095
2026-08-29,cal_4aa242d26e,monthof_5_sp500,calendar,dead,0.254745,0.86014
2026-08-29,cal_4bf363bd79,monthof_7_sp500,calendar,dead,0.066933,0.433566
2026-08-29,cal_527d0ae2db,monthof_1_nasdaq,calendar,dead,0.048951,0.931069
2026-08-29,cal_579e6e1355,monthof_2_nasdaq,calendar,dead,0.43956,0.287712
2026-08-29,cal_597774dc60,monthof_1_sp500,calendar,dead,0.287712,0.526474
2026-08-29,cal_5a22160179,turn_of_month_sp500,calendar,faded,0.000999,0.212787
2026-08-29,cal_6a08a2ccb6,pre_holiday_nasdaq,calendar,dead,0.131868,0.185814
2026-08-29,cal_6ebedbd943,monthof_10_nasdaq,calendar,dead,0.693307,0.390609
2026-08-29,cal_6f4b839635,pre_fomc_nasdaq,calendar,dead,0.272727,0.307692
2026-08-29,cal_7114c0729a,month_sp500,calendar,inconclusive,0.024975,0.156843
2026-08-29,cal_7738ecb1bc,turn_of_month_nasdaq,calendar,dead,0.001998,0.17982
2026-08-29,cal_79870937ed,world_cup_year_sp500,calendar,dead,0.01998,0.173826
2026-08-29,cal_7ded9a48d4,monthof_2_sp500,calendar,dead,0.162837,0.240759
2026-08-29,cal_82e1f1d8c9,pre_holiday_sp500,calendar,dead,0.081918,0.155844
2026-08-29,cal_85cc7cc6d7,dow_sp500,calendar,faded,0.000999,0.827173
2026-08-29,cal_8669d8c09d,monthof_11_sp500,calendar,dead,0.470529,0.130869
2026-08-29,cal_87670427d9,january_sp500,calendar,dead,0.143856,0.728272
2026-08-29,cal_8d5125126b,term_year3_sp500,calendar,inconclusive,0.04995,
2026-08-29,cal_8fe611a742,santa_nasdaq,calendar,dead,0.007992,0.211788
2026-08-29,cal_94c08fa012,santa_sp500,calendar,faded,0.000999,0.212787
2026-08-29,cal_ba8471031e,pre_fomc_sp500,calendar,dead,0.181818,0.143856
2026-08-29,cal_bbcc723bdf,decade_digit_sp500,calendar,inconclusive,0.163836,
2026-08-29,cal_bc77212229,sell_in_may_sp500,calendar,dead,0.081918,0.251748
2026-08-29,cal_c3a33a6db5,monthof_4_sp500,calendar,dead,0.198801,0.238761
2026-08-29,cal_c8b0832b2e,monthof_7_nasdaq,calendar,dead,0.831169,0.552448
2026-08-29,cal_d4de5634d3,september_nasdaq,calendar,dead,0.00999,0.015984
2026-08-29,cal_e041ed5979,monthof_3_nasdaq,calendar,dead,0.598402,0.783217
2026-08-29,cal_e3052fad5c,monthof_4_nasdaq,calendar,dead,0.425574,0.502498
2026-08-29,cal_ec09c00a99,presidential_cycle_sp500,calendar,inconclusive,0.300699,
2026-08-29,cal_f70ee53794,monthof_9_nasdaq,calendar,dead,0.022977,0.04995
2026-08-29,cal_f80dd36a7a,january_nasdaq,calendar,dead,0.027972,0.473526
2026-08-29,cal_f923f81493,september_sp500,calendar,survive,0.000999,0.025974
2026-08-29,fac_4beec74249,BTC_mom20_neg,factor,dead,0.002,0.001
2026-08-29,fac_70486895ee,dxy_rising,factor,dead,0.438,0.673
2026-08-29,fac_7578b1d58f,vix_backwardation,factor,inconclusive,1.0,
2026-08-29,fac_778b84a969,NASDAQ_mom20_neg,factor,dead,0.048,0.511
2026-08-29,fac_79cf4a9a7b,NASDAQ_above_ma200,factor,dead,0.008,0.083
2026-08-29,fac_a1bf6a105c,nasdaq_rsi_overbought,factor,dead,0.297,0.396
2026-08-29,fac_ab89704768,nasdaq_high_vol,factor,dead,0.003,0.947
2026-08-29,fac_bed960d3e2,NASDAQ_mom20_pos,factor,dead,0.43,0.656
2026-08-29,fac_c872e5eb69,BTC_above_ma200,factor,dead,0.135,0.102
2026-08-29,fac_cc60102eac,dxy_falling,factor,dead,0.761,0.898
2026-08-29,fac_d738a0c3fd,nasdaq_low_vol,factor,dead,0.266,0.598
2026-08-29,fac_d8a4f38258,overnight_mom_neg,factor,dead,0.324,0.367
2026-08-29,fac_dcbd9f57b5,overnight_mom_pos,factor,dead,0.324,0.367
2026-08-29,fac_e2be6309e8,nasdaq_rsi_oversold,factor,dead,0.623,0.46
2026-08-29,fac_f834dcf2c0,BTC_mom20_pos,factor,survive,0.0,0.0
2026-08-29,opt_13e0620c3f,total_pc_lo_h10,options_sentiment,dead,0.753,0.753
2026-08-29,opt_2bdac60949,total_pc_hi_h10,options_sentiment,dead,0.841,0.841
2026-08-29,opt_6b7c040f34,equity_pc_hi_h20,options_sentiment,dead,0.97,0.97
2026-08-29,opt_706c7e01ed,equity_pc_lo_h20,options_sentiment,dead,0.129,0.129
2026-08-29,opt_aad2768b05,total_pc_hi_h20,options_sentiment,dead,0.405,0.405
2026-08-29,opt_c8998dbbe6,equity_pc_lo_h10,options_sentiment,dead,0.721,0.721
2026-08-29,opt_d6053cc7a0,total_pc_lo_h20,options_sentiment,dead,0.397,0.397
2026-08-29,opt_f09bd225c9,equity_pc_hi_h10,options_sentiment,dead,0.549,0.549
2026-08-29,pos_0e8203cb20,legacy_noncomm_pct_oi_hi_h20_sp500,positioning,dead,0.777,0.777
2026-08-29,pos_3b1f2f7be5,legacy_noncomm_pct_oi_lo_h60_nasdaq100,positioning,survive,0.0,0.0
2026-08-29,pos_4503921189,legacy_noncomm_pct_oi_lo_h20_sp500,positioning,dead,0.31,0.31
2026-08-29,pos_46e606b679,tff_lev_net_pct_oi_hi_h60_sp500,positioning,dead,0.831,0.831
2026-08-29,pos_4f52a87fc8,tff_lev_net_pct_oi_hi_h20_sp500,positioning,dead,0.651,0.651
2026-08-29,pos_5618fa6478,tff_lev_net_pct_oi_lo_h60_nasdaq100,positioning,dead,0.006,0.006
2026-08-29,pos_566a8459e8,tff_lev_net_pct_oi_lo_h20_nasdaq100,positioning,dead,0.42,0.42
2026-08-29,pos_69b292d2ff,legacy_noncomm_pct_oi_lo_h20_nasdaq100,positioning,dead,0.125,0.125
2026-08-29,pos_74c61491cb,legacy_noncomm_pct_oi_hi_h20_nasdaq100,positioning,dead,0.231,0.231
2026-08-29,pos_771e2a7ea4,tff_lev_net_pct_oi_lo_h20_sp500,positioning,dead,0.014,0.014
2026-08-29,pos_951ab21851,tff_lev_net_pct_oi_lo_h60_sp500,positioning,dead,0.195,0.195
2026-08-29,pos_ad633d4d56,tff_lev_net_pct_oi_hi_h60_nasdaq100,positioning,dead,0.114,0.114
2026-08-29,pos_c5297400c9,legacy_noncomm_pct_oi_lo_h60_sp500,positioning,dead,0.646,0.646
2026-08-29,pos_d898f33d4c,tff_lev_net_pct_oi_hi_h20_nasdaq100,positioning,dead,0.194,0.194
2026-08-29,pos_f7aa0cde34,legacy_noncomm_pct_oi_hi_h60_sp500,positioning,dead,0.489,0.489
2026-08-29,pos_fb69e287a1,legacy_noncomm_pct_oi_hi_h60_nasdaq100,positioning,dead,0.93,0.93
2026-08-29,reb_018df927fb,p1_h5_sp500,rebound,dead,0.263,0.608
2026-08-29,reb_0b54f655e4,p10_h1_nasdaq,rebound,faded,0.0,0.359
2026-08-29,reb_183bf3c31c,p5_h1_sp500,rebound,dead,0.914,0.234
2026-08-29,reb_2617209d72,p10_h5_nasdaq,rebound,faded,0.0,0.167
2026-08-29,reb_2b218993db,p1_h5_nasdaq,rebound,dead,0.499,0.786
2026-08-29,reb_7155c924ca,p10_h1_sp500,rebound,dead,0.252,0.066
2026-08-29,reb_7e3e4a8d62,p1_h1_sp500,rebound,dead,0.257,0.528
2026-08-29,reb_8055fe6f4a,p1_h1_nasdaq,rebound,dead,0.186,0.444
2026-08-29,reb_91f1615526,p10_h5_sp500,rebound,dead,0.034,0.662
2026-08-29,reb_9adb2feef5,p5_h1_nasdaq,rebound,survive,0.0,0.086
2026-08-29,reb_b016e921c3,p5_h5_sp500,rebound,dead,0.337,0.733
2026-08-29,reb_b61bcf84d2,p5_h5_nasdaq,rebound,dead,0.033,0.064
2026-08-29,reg_74448026aa,golden_cross_sp500,regime,survive,0.001,0.017
2026-08-29,reg_9c0efb465b,golden_cross_nasdaq,regime,dead,0.055,0.065
2026-08-29,str_104f8d7bd8,break3_h1_nasdaq,streak_break,dead,0.843,0.431
2026-08-29,str_10ce6fe56e,down4_h1_nasdaq,streak_down,faded,0.001,0.698
2026-08-29,str_1560c11bbd,break5_h5_nasdaq,streak_break,dead,0.796,0.322
2026-08-29,str_16775f1703,break3_h5_nasdaq,streak_break,dead,0.602,0.482
2026-08-29,str_1b6fe1e8ca,down3_h5_sp500,streak_down,dead,0.239,0.96
2026-08-29,str_36b9f79448,down3_h1_nasdaq,streak_down,dead,0.037,0.461
2026-08-29,str_4320d0a275,break3_h5_sp500,streak_break,dead,0.794,0.445
2026-08-29,str_43ea43f9bc,down3_h20_nasdaq,streak_down,dead,0.012,0.168
2026-08-29,str_5824ee8bd5,break5_h5_sp500,streak_break,dead,0.889,0.838
2026-08-29,str_79e97ed91e,down5_h5_nasdaq,streak_down,dead,0.055,0.04
2026-08-29,str_7fd52c09bf,down5_h20_sp500,streak_down,dead,0.84,0.11
2026-08-29,str_7ff66aade6,break5_h1_sp500,streak_break,dead,0.257,0.741
2026-08-29,str_8969baac75,break3_h20_sp500,streak_break,dead,0.026,0.35
2026-08-29,str_8bc1b7d951,down3_h20_sp500,streak_down,dead,0.075,0.922
2026-08-29,str_8c2a185099,down5_h1_sp500,streak_down,dead,0.289,0.017
2026-08-29,str_947583c00a,break5_h20_nasdaq,streak_break,dead,0.198,0.864
2026-08-29,str_9638e678bf,down4_h20_sp500,streak_down,dead,0.457,0.047
2026-08-29,str_a754f69e1f,break5_h20_sp500,streak_break,dead,0.475,0.917
2026-08-29,str_b2f9430e92,down5_h1_nasdaq,streak_down,dead,0.691,0.15
2026-08-29,str_b6d73df6b9,down5_h5_sp500,streak_down,dead,0.549,0.028
2026-08-29,str_b725749b5b,down3_h1_sp500,streak_down,dead,0.303,0.057
2026-08-29,str_b847620031,down4_h5_sp500,streak_down,dead,0.977,0.041
2026-08-29,str_b8d9734d1a,down4_h20_nasdaq,streak_down,dead,0.239,0.802
2026-08-29,str_b916af0ac0,down4_h5_nasdaq,streak_down,dead,0.261,0.036
2026-08-29,str_baa87542e8,down5_h20_nasdaq,streak_down,dead,0.185,0.416
2026-08-29,str_be41d45643,down3_h5_nasdaq,streak_down,dead,0.016,0.815
2026-08-29,str_be73a914d2,down4_h1_sp500,streak_down,dead,0.734,0.163
2026-08-29,str_df987e7acf,break3_h1_sp500,streak_break,dead,0.103,0.189
2026-08-29,str_eaadd5b6d1,break5_h1_nasdaq,streak_break,dead,0.611,0.146
2026-08-29,str_ecf1394eae,break3_h20_nasdaq,streak_break,dead,0.013,0.202
2026-08-29,tra_085bba7150,n504_h126_low_sp500,trailing_extreme,dead,0.789,0.9194
2026-08-29,tra_089dcbd8a1,n252_h126_high_nasdaq,trailing_extreme,dead,0.154,0.217
2026-08-29,tra_1f25b3bd0f,n126_h63_high_nasdaq,trailing_extreme,dead,0.627,0.551
2026-08-29,tra_22e8f33640,n126_h63_low_sp500,trailing_extreme,dead,0.914,0.356
2026-08-29,tra_4ced8af588,n252_h126_high_sp500,trailing_extreme,dead,0.096,0.091
2026-08-29,tra_5711325073,n504_h126_high_sp500,trailing_extreme,dead,0.548,0.018
2026-08-29,tra_9006717c86,n63_h21_low_nasdaq,trailing_extreme,dead,0.48,0.155
2026-08-29,tra_93edbbb9e4,n63_h21_high_sp500,trailing_extreme,dead,0.241,0.206
2026-08-29,tra_a60deafb82,n63_h21_high_nasdaq,trailing_extreme,dead,0.265,0.847
2026-08-29,tra_ace02affa1,n63_h21_low_sp500,trailing_extreme,dead,0.245,0.64
2026-08-29,tra_c5a6e7707e,n126_h63_low_nasdaq,trailing_extreme,dead,0.159,0.004
2026-08-29,tra_c802f55825,n252_h126_low_nasdaq,trailing_extreme,dead,0.44,0.3382
2026-08-29,tra_e355b4c138,n252_h126_low_sp500,trailing_extreme,dead,0.957,0.624
2026-08-29,tra_f8f8b8c0db,n126_h63_high_sp500,trailing_extreme,dead,0.363,0.014
2026-08-31,cal_021d07d02a,monthof_10_sp500,calendar,dead,0.917083,0.491508
2026-08-31,cal_02b889c7e0,monthof_8_sp500,calendar,dead,0.961039,0.728272
2026-08-31,cal_05facdcc22,quarter_end_sp500,calendar,dead,0.776224,0.742258
2026-08-31,cal_0662569f50,monthof_12_nasdaq,calendar,dead,0.537463,0.655345
2026-08-31,cal_116d0565a8,quarter_end_nasdaq,calendar,dead,0.884116,0.425574
2026-08-31,cal_11bf800cae,world_cup_year_nasdaq,calendar,survive,0.000999,0.097902
2026-08-31,cal_146a3e8961,dow_nasdaq,calendar,faded,0.000999,0.621379
2026-08-31,cal_19104677ae,monthof_6_sp500,calendar,dead,0.828172,0.463536
2026-08-31,cal_216be59585,monthof_11_nasdaq,calendar,dead,0.181818,0.353646
2026-08-31,cal_2a991b85ee,sell_in_may_nasdaq,calendar,dead,0.032967,0.507493
2026-08-31,cal_2bf2b4d53f,monthof_9_sp500,calendar,survive,0.000999,0.065934
2026-08-31,cal_2de632e38b,monthof_6_nasdaq,calendar,dead,0.995005,0.875125
2026-08-31,cal_2e5f17d421,month_nasdaq,calendar,inconclusive,0.31968,0.578422
2026-08-31,cal_2e7a9a5ca1,monthof_3_sp500,calendar,dead,0.667333,0.78022
2026-08-31,cal_345031f898,monthof_5_nasdaq,calendar,dead,0.592408,0.617383
2026-08-31,cal_398f5c0e31,opex_week_nasdaq,calendar,dead,0.608392,0.646354
2026-08-31,cal_433ee46bbe,opex_week_sp500,calendar,dead,0.21978,0.689311
2026-08-31,cal_456e8c2d5e,monthof_12_sp500,calendar,dead,0.220779,0.976024
2026-08-31,cal_4a891b25f0,monthof_8_nasdaq,calendar,dead,0.327672,0.88012
2026-08-31,cal_4aa242d26e,monthof_5_sp500,calendar,dead,0.26973,0.85015
2026-08-31,cal_4bf363bd79,monthof_7_sp500,calendar,dead,0.063936,0.398601
2026-08-31,cal_527d0ae2db,monthof_1_nasdaq,calendar,dead,0.058941,0.929071
2026-08-31,cal_579e6e1355,monthof_2_nasdaq,calendar,dead,0.445554,0.32967
2026-08-31,cal_597774dc60,monthof_1_sp500,calendar,dead,0.303696,0.528472
2026-08-31,cal_5a22160179,turn_of_month_sp500,calendar,faded,0.000999,0.185814
2026-08-31,cal_6a08a2ccb6,pre_holiday_nasdaq,calendar,dead,0.125874,0.223776
2026-08-31,cal_6ebedbd943,monthof_10_nasdaq,calendar,dead,0.677323,0.387612
2026-08-31,cal_6f4b839635,pre_fomc_nasdaq,calendar,dead,0.302697,0.302697
2026-08-31,cal_7114c0729a,month_sp500,calendar,inconclusive,0.024975,0.154845
2026-08-31,cal_7738ecb1bc,turn_of_month_nasdaq,calendar,faded,0.000999,0.156843
2026-08-31,cal_79870937ed,world_cup_year_sp500,calendar,dead,0.016983,0.161838
2026-08-31,cal_7ded9a48d4,monthof_2_sp500,calendar,dead,0.175824,0.265734
2026-08-31,cal_82e1f1d8c9,pre_holiday_sp500,calendar,dead,0.087912,0.150849
2026-08-31,cal_85cc7cc6d7,dow_sp500,calendar,faded,0.000999,0.832168
2026-08-31,cal_8669d8c09d,monthof_11_sp500,calendar,dead,0.424575,0.126873
2026-08-31,cal_87670427d9,january_sp500,calendar,dead,0.136863,0.745255
2026-08-31,cal_8d5125126b,term_year3_sp500,calendar,inconclusive,0.04995,
2026-08-31,cal_8fe611a742,santa_nasdaq,calendar,dead,0.006993,0.224775
2026-08-31,cal_94c08fa012,santa_sp500,calendar,faded,0.000999,0.197802
2026-08-31,cal_ba8471031e,pre_fomc_sp500,calendar,dead,0.132867,0.13986
2026-08-31,cal_bbcc723bdf,decade_digit_sp500,calendar,inconclusive,0.163836,
2026-08-31,cal_bc77212229,sell_in_may_sp500,calendar,dead,0.087912,0.253746
2026-08-31,cal_c3a33a6db5,monthof_4_sp500,calendar,dead,0.21978,0.201798
2026-08-31,cal_c8b0832b2e,monthof_7_nasdaq,calendar,dead,0.816184,0.582418
2026-08-31,cal_d4de5634d3,september_nasdaq,calendar,dead,0.00999,0.025974
2026-08-31,cal_e041ed5979,monthof_3_nasdaq,calendar,dead,0.599401,0.785215
2026-08-31,cal_e3052fad5c,monthof_4_nasdaq,calendar,dead,0.405594,0.522478
2026-08-31,cal_ec09c00a99,presidential_cycle_sp500,calendar,inconclusive,0.300699,
2026-08-31,cal_f70ee53794,monthof_9_nasdaq,calendar,dead,0.014985,0.046953
2026-08-31,cal_f80dd36a7a,january_nasdaq,calendar,dead,0.021978,0.485514
2026-08-31,cal_f923f81493,september_sp500,calendar,survive,0.000999,0.036963
2026-08-31,fac_4beec74249,BTC_mom20_neg,factor,dead,0.002,0.002
2026-08-31,fac_70486895ee,dxy_rising,factor,dead,0.438,0.688
2026-08-31,fac_7578b1d58f,vix_backwardation,factor,dead,0.854,0.599
2026-08-31,fac_778b84a969,NASDAQ_mom20_neg,factor,dead,0.041,0.512
2026-08-31,fac_79cf4a9a7b,NASDAQ_above_ma200,factor,dead,0.009,0.083
2026-08-31,fac_a1bf6a105c,nasdaq_rsi_overbought,factor,dead,0.291,0.405
2026-08-31,fac_ab89704768,nasdaq_high_vol,factor,dead,0.003,0.95
2026-08-31,fac_bed960d3e2,NASDAQ_mom20_pos,factor,dead,0.436,0.64
2026-08-31,fac_c872e5eb69,BTC_above_ma200,factor,dead,0.132,0.098
2026-08-31,fac_cc60102eac,dxy_falling,factor,dead,0.756,0.891
2026-08-31,fac_d738a0c3fd,nasdaq_low_vol,factor,dead,0.262,0.609
2026-08-31,fac_d8a4f38258,overnight_mom_neg,factor,dead,0.314,0.356
2026-08-31,fac_dcbd9f57b5,overnight_mom_pos,factor,dead,0.314,0.356
2026-08-31,fac_e2be6309e8,nasdaq_rsi_oversold,factor,dead,0.618,0.458
2026-08-31,fac_f834dcf2c0,BTC_mom20_pos,factor,survive,0.0,0.0
2026-08-31,opt_13e0620c3f,total_pc_lo_h10,options_sentiment,dead,0.727,0.727
2026-08-31,opt_2bdac60949,total_pc_hi_h10,options_sentiment,dead,0.845,0.845
2026-08-31,opt_6b7c040f34,equity_pc_hi_h20,options_sentiment,dead,0.964,0.964
2026-08-31,opt_706c7e01ed,equity_pc_lo_h20,options_sentiment,dead,0.128,0.128
2026-08-31,opt_aad2768b05,total_pc_hi_h20,options_sentiment,dead,0.401,0.401
2026-08-31,opt_c8998dbbe6,equity_pc_lo_h10,options_sentiment,dead,0.712,0.712
2026-08-31,opt_d6053cc7a0,total_pc_lo_h20,options_sentiment,dead,0.401,0.401
2026-08-31,opt_f09bd225c9,equity_pc_hi_h10,options_sentiment,dead,0.56,0.56
2026-08-31,pos_0e8203cb20,legacy_noncomm_pct_oi_hi_h20_sp500,positioning,dead,0.77,0.77
2026-08-31,pos_3b1f2f7be5,legacy_noncomm_pct_oi_lo_h60_nasdaq100,positioning,survive,0.0,0.0
2026-08-31,pos_4503921189,legacy_noncomm_pct_oi_lo_h20_sp500,positioning,dead,0.312,0.312
2026-08-31,pos_46e606b679,tff_lev_net_pct_oi_hi_h60_sp500,positioning,dead,0.836,0.836
2026-08-31,pos_4f52a87fc8,tff_lev_net_pct_oi_hi_h20_sp500,positioning,dead,0.649,0.649
2026-08-31,pos_5618fa6478,tff_lev_net_pct_oi_lo_h60_nasdaq100,positioning,dead,0.007,0.007
2026-08-31,pos_566a8459e8,tff_lev_net_pct_oi_lo_h20_nasdaq100,positioning,dead,0.419,0.419
2026-08-31,pos_69b292d2ff,legacy_noncomm_pct_oi_lo_h20_nasdaq100,positioning,dead,0.127,0.127
2026-08-31,pos_74c61491cb,legacy_noncomm_pct_oi_hi_h20_nasdaq100,positioning,dead,0.235,0.235
2026-08-31,pos_771e2a7ea4,tff_lev_net_pct_oi_lo_h20_sp500,positioning,dead,0.016,0.016
2026-08-31,pos_951ab21851,tff_lev_net_pct_oi_lo_h60_sp500,positioning,dead,0.197,0.197
2026-08-31,pos_ad633d4d56,tff_lev_net_pct_oi_hi_h60_nasdaq100,positioning,dead,0.112,0.112
2026-08-31,pos_c5297400c9,legacy_noncomm_pct_oi_lo_h60_sp500,positioning,dead,0.648,0.648
2026-08-31,pos_d898f33d4c,tff_lev_net_pct_oi_hi_h20_nasdaq100,positioning,dead,0.197,0.197
2026-08-31,pos_f7aa0cde34,legacy_noncomm_pct_oi_hi_h60_sp500,positioning,dead,0.487,0.487
2026-08-31,pos_fb69e287a1,legacy_noncomm_pct_oi_hi_h60_nasdaq100,positioning,dead,0.937,0.937
2026-08-31,reb_018df927fb,p1_h5_sp500,rebound,dead,0.261,0.611
2026-08-31,reb_0b54f655e4,p10_h1_nasdaq,rebound,faded,0.0,0.377
2026-08-31,reb_183bf3c31c,p5_h1_sp500,rebound,dead,0.914,0.256
2026-08-31,reb_2617209d72,p10_h5_nasdaq,rebound,faded,0.0,0.182
2026-08-31,reb_2b218993db,p1_h5_nasdaq,rebound,dead,0.521,0.768
2026-08-31,reb_7155c924ca,p10_h1_sp500,rebound,dead,0.254,0.073
2026-08-31,reb_7e3e4a8d62,p1_h1_sp500,rebound,dead,0.253,0.508
2026-08-31,reb_8055fe6f4a,p1_h1_nasdaq,rebound,dead,0.214,0.417
2026-08-31,reb_91f1615526,p10_h5_sp500,rebound,dead,0.028,0.664
2026-08-31,reb_9adb2feef5,p5_h1_nasdaq,rebound,survive,0.0,0.088
2026-08-31,reb_b016e921c3,p5_h5_sp500,rebound,dead,0.352,0.744
2026-08-31,reb_b61bcf84d2,p5_h5_nasdaq,rebound,dead,0.041,0.073
2026-08-31,reg_74448026aa,golden_cross_sp500,regime,dead,0.002,0.017
2026-08-31,reg_9c0efb465b,golden_cross_nasdaq,regime,dead,0.053,0.065
2026-08-31,str_104f8d7bd8,break3_h1_nasdaq,streak_break,dead,0.828,0.437
2026-08-31,str_10ce6fe56e,down4_h1_nasdaq,streak_down,faded,0.001,0.71
2026-08-31,str_1560c11bbd,break5_h5_nasdaq,streak_break,dead,0.793,0.326
2026-08-31,str_16775f1703,break3_h5_nasdaq,streak_break,dead,0.593,0.493
2026-08-31,str_1b6fe1e8ca,down3_h5_sp500,streak_down,dead,0.213,0.955
2026-08-31,str_36b9f79448,down3_h1_nasdaq,streak_down,dead,0.041,0.496
2026-08-31,str_4320d0a275,break3_h5_sp500,streak_break,dead,0.785,0.435
2026-08-31,str_43ea43f9bc,down3_h20_nasdaq,streak_down,dead,0.009,0.171
2026-08-31,str_5824ee8bd5,break5_h5_sp500,streak_break,dead,0.872,0.814
2026-08-31,str_79e97ed91e,down5_h5_nasdaq,streak_down,dead,0.052,0.039
2026-08-31,str_7fd52c09bf,down5_h20_sp500,streak_down,dead,0.819,0.108
2026-08-31,str_7ff66aade6,break5_h1_sp500,streak_break,dead,0.239,0.74
2026-08-31,str_8969baac75,break3_h20_sp500,streak_break,dead,0.023,0.347
2026-08-31,str_8bc1b7d951,down3_h20_sp500,streak_down,dead,0.076,0.922
2026-08-31,str_8c2a185099,down5_h1_sp500,streak_down,dead,0.294,0.016
2026-08-31,str_947583c00a,break5_h20_nasdaq,streak_break,dead,0.199,0.847
2026-08-31,str_9638e678bf,down4_h20_sp500,streak_down,dead,0.457,0.046
2026-08-31,str_a754f69e1f,break5_h20_sp500,streak_break,dead,0.465,0.912
2026-08-31,str_b2f9430e92,down5_h1_nasdaq,streak_down,dead,0.698,0.152
2026-08-31,str_b6d73df6b9,down5_h5_sp500,streak_down,dead,0.533,0.031
2026-08-31,str_b725749b5b,down3_h1_sp500,streak_down,dead,0.313,0.065
2026-08-31,str_b847620031,down4_h5_sp500,streak_down,dead,0.968,0.046
2026-08-31,str_b8d9734d1a,down4_h20_nasdaq,streak_down,dead,0.239,0.794
2026-08-31,str_b916af0ac0,down4_h5_nasdaq,streak_down,dead,0.254,0.036
2026-08-31,str_baa87542e8,down5_h20_nasdaq,streak_down,dead,0.198,0.401
2026-08-31,str_be41d45643,down3_h5_nasdaq,streak_down,dead,0.014,0.808
2026-08-31,str_be73a914d2,down4_h1_sp500,streak_down,dead,0.755,0.166
2026-08-31,str_df987e7acf,break3_h1_sp500,streak_break,dead,0.107,0.172
2026-08-31,str_eaadd5b6d1,break5_h1_nasdaq,streak_break,dead,0.625,0.175
2026-08-31,str_ecf1394eae,break3_h20_nasdaq,streak_break,dead,0.013,0.205
2026-08-31,tra_085bba7150,n504_h126_low_sp500,trailing_extreme,dead,0.786,0.9194
2026-08-31,tra_089dcbd8a1,n252_h126_high_nasdaq,trailing_extreme,dead,0.152,0.217
2026-08-31,tra_1f25b3bd0f,n126_h63_high_nasdaq,trailing_extreme,dead,0.631,0.551
2026-08-31,tra_22e8f33640,n126_h63_low_sp500,trailing_extreme,dead,0.913,0.357
2026-08-31,tra_4ced8af588,n252_h126_high_sp500,trailing_extreme,dead,0.098,0.09
2026-08-31,tra_5711325073,n504_h126_high_sp500,trailing_extreme,dead,0.543,0.018
2026-08-31,tra_9006717c86,n63_h21_low_nasdaq,trailing_extreme,dead,0.487,0.156
2026-08-31,tra_93edbbb9e4,n63_h21_high_sp500,trailing_extreme,dead,0.238,0.208
2026-08-31,tra_a60deafb82,n63_h21_high_nasdaq,trailing_extreme,dead,0.267,0.842
2026-08-31,tra_ace02affa1,n63_h21_low_sp500,trailing_extreme,dead,0.244,0.645
2026-08-31,tra_c5a6e7707e,n126_h63_low_nasdaq,trailing_extreme,dead,0.162,0.003
2026-08-31,tra_c802f55825,n252_h126_low_nasdaq,trailing_extreme,dead,0.441,0.3392
2026-08-31,tra_e355b4c138,n252_h126_low_sp500,trailing_extreme,dead,0.956,0.622
2026-08-31,tra_f8f8b8c0db,n126_h63_high_sp500,trailing_extreme,dead,0.368,0.015
2026-09-01,cal_021d07d02a,monthof_10_sp500,calendar,dead,0.917083,0.491508
2026-09-01,cal_02b889c7e0,monthof_8_sp500,calendar,dead,0.963037,0.731269
2026-09-01,cal_05facdcc22,quarter_end_sp500,calendar,dead,0.776224,0.742258
2026-09-01,cal_0662569f50,monthof_12_nasdaq,calendar,dead,0.537463,0.654346
2026-09-01,cal_116d0565a8,quarter_end_nasdaq,calendar,dead,0.886114,0.425574
2026-09-01,cal_11bf800cae,world_cup_year_nasdaq,calendar,survive,0.000999,0.098901
2026-09-01,cal_146a3e8961,dow_nasdaq,calendar,faded,0.000999,0.622378
2026-09-01,cal_19104677ae,monthof_6_sp500,calendar,dead,0.828172,0.463536
2026-09-01,cal_216be59585,monthof_11_nasdaq,calendar,dead,0.180819,0.352647
2026-09-01,cal_2a991b85ee,sell_in_may_nasdaq,calendar,dead,0.032967,0.507493
2026-09-01,cal_2bf2b4d53f,monthof_9_sp500,calendar,survive,0.000999,0.065934
2026-09-01,cal_2de632e38b,monthof_6_nasdaq,calendar,dead,0.995005,0.875125
2026-09-01,cal_2e5f17d421,month_nasdaq,calendar,inconclusive,0.320679,0.579421
2026-09-01,cal_2e7a9a5ca1,monthof_3_sp500,calendar,dead,0.667333,0.78022
2026-09-01,cal_345031f898,monthof_5_nasdaq,calendar,dead,0.593407,0.617383
2026-09-01,cal_398f5c0e31,opex_week_nasdaq,calendar,dead,0.608392,0.644356
2026-09-01,cal_433ee46bbe,opex_week_sp500,calendar,dead,0.218781,0.689311
2026-09-01,cal_456e8c2d5e,monthof_12_sp500,calendar,dead,0.220779,0.976024
2026-09-01,cal_4a891b25f0,monthof_8_nasdaq,calendar,dead,0.331668,0.886114
2026-09-01,cal_4aa242d26e,monthof_5_sp500,calendar,dead,0.268731,0.85015
2026-09-01,cal_4bf363bd79,monthof_7_sp500,calendar,dead,0.063936,0.398601
2026-09-01,cal_527d0ae2db,monthof_1_nasdaq,calendar,dead,0.058941,0.93007
2026-09-01,cal_579e6e1355,monthof_2_nasdaq,calendar,dead,0.444555,0.328671
2026-09-01,cal_597774dc60,monthof_1_sp500,calendar,dead,0.303696,0.528472
2026-09-01,cal_5a22160179,turn_of_month_sp500,calendar,faded,0.000999,0.185814
2026-09-01,cal_6a08a2ccb6,pre_holiday_nasdaq,calendar,dead,0.125874,0.223776
2026-09-01,cal_6ebedbd943,monthof_10_nasdaq,calendar,dead,0.676324,0.387612
2026-09-01,cal_6f4b839635,pre_fomc_nasdaq,calendar,dead,0.302697,0.302697
2026-09-01,cal_7114c0729a,month_sp500,calendar,inconclusive,0.024975,0.155844
2026-09-01,cal_7738ecb1bc,turn_of_month_nasdaq,calendar,faded,0.000999,0.155844
2026-09-01,cal_79870937ed,world_cup_year_sp500,calendar,dead,0.016983,0.163836
2026-09-01,cal_7ded9a48d4,monthof_2_sp500,calendar,dead,0.175824,0.265734
2026-09-01,cal_82e1f1d8c9,pre_holiday_sp500,calendar,dead,0.087912,0.150849
2026-09-01,cal_85cc7cc6d7,dow_sp500,calendar,faded,0.000999,0.831169
2026-09-01,cal_8669d8c09d,monthof_11_sp500,calendar,dead,0.424575,0.126873
2026-09-01,cal_87670427d9,january_sp500,calendar,dead,0.136863,0.745255
2026-09-01,cal_8d5125126b,term_year3_sp500,calendar,inconclusive,0.04995,
2026-09-01,cal_8fe611a742,santa_nasdaq,calendar,dead,0.006993,0.224775
2026-09-01,cal_94c08fa012,santa_sp500,calendar,faded,0.000999,0.197802
2026-09-01,cal_ba8471031e,pre_fomc_sp500,calendar,dead,0.132867,0.13986
2026-09-01,cal_bbcc723bdf,decade_digit_sp500,calendar,inconclusive,0.163836,
2026-09-01,cal_bc77212229,sell_in_may_sp500,calendar,dead,0.088911,0.253746
2026-09-01,cal_c3a33a6db5,monthof_4_sp500,calendar,dead,0.21978,0.201798
2026-09-01,cal_c8b0832b2e,monthof_7_nasdaq,calendar,dead,0.816184,0.582418
2026-09-01,cal_d4de5634d3,september_nasdaq,calendar,dead,0.00999,0.025974
2026-09-01,cal_e041ed5979,monthof_3_nasdaq,calendar,dead,0.599401,0.784216
2026-09-01,cal_e3052fad5c,monthof_4_nasdaq,calendar,dead,0.405594,0.523477
2026-09-01,cal_ec09c00a99,presidential_cycle_sp500,calendar,inconclusive,0.300699,
2026-09-01,cal_f70ee53794,monthof_9_nasdaq,calendar,dead,0.014985,0.046953
2026-09-01,cal_f80dd36a7a,january_nasdaq,calendar,dead,0.021978,0.485514
2026-09-01,cal_f923f81493,september_sp500,calendar,survive,0.000999,0.036963
2026-09-01,fac_4beec74249,BTC_mom20_neg,factor,dead,0.002,0.002
2026-09-01,fac_70486895ee,dxy_rising,factor,dead,0.438,0.688
2026-09-01,fac_7578b1d58f,vix_backwardation,factor,dead,0.854,0.599
2026-09-01,fac_778b84a969,NASDAQ_mom20_neg,factor,dead,0.041,0.512
2026-09-01,fac_79cf4a9a7b,NASDAQ_above_ma200,factor,dead,0.009,0.083
2026-09-01,fac_a1bf6a105c,nasdaq_rsi_overbought,factor,dead,0.291,0.405
2026-09-01,fac_ab89704768,nasdaq_high_vol,factor,dead,0.003,0.95
2026-09-01,fac_bed960d3e2,NASDAQ_mom20_pos,factor,dead,0.436,0.64
2026-09-01,fac_c872e5eb69,BTC_above_ma200,factor,dead,0.132,0.098
2026-09-01,fac_cc60102eac,dxy_falling,factor,dead,0.756,0.891
2026-09-01,fac_d738a0c3fd,nasdaq_low_vol,factor,dead,0.262,0.609
2026-09-01,fac_d8a4f38258,overnight_mom_neg,factor,dead,0.314,0.356
2026-09-01,fac_dcbd9f57b5,overnight_mom_pos,factor,dead,0.314,0.356
2026-09-01,fac_e2be6309e8,nasdaq_rsi_oversold,factor,dead,0.618,0.458
2026-09-01,fac_f834dcf2c0,BTC_mom20_pos,factor,survive,0.0,0.0
2026-09-01,opt_13e0620c3f,total_pc_lo_h10,options_sentiment,dead,0.727,0.727
2026-09-01,opt_2bdac60949,total_pc_hi_h10,options_sentiment,dead,0.845,0.845
2026-09-01,opt_6b7c040f34,equity_pc_hi_h20,options_sentiment,dead,0.964,0.964
2026-09-01,opt_706c7e01ed,equity_pc_lo_h20,options_sentiment,dead,0.128,0.128
2026-09-01,opt_aad2768b05,total_pc_hi_h20,options_sentiment,dead,0.401,0.401
2026-09-01,opt_c8998dbbe6,equity_pc_lo_h10,options_sentiment,dead,0.712,0.712
2026-09-01,opt_d6053cc7a0,total_pc_lo_h20,options_sentiment,dead,0.401,0.401
2026-09-01,opt_f09bd225c9,equity_pc_hi_h10,options_sentiment,dead,0.56,0.56
2026-09-01,pos_0e8203cb20,legacy_noncomm_pct_oi_hi_h20_sp500,positioning,dead,0.77,0.77
2026-09-01,pos_3b1f2f7be5,legacy_noncomm_pct_oi_lo_h60_nasdaq100,positioning,survive,0.0,0.0
2026-09-01,pos_4503921189,legacy_noncomm_pct_oi_lo_h20_sp500,positioning,dead,0.312,0.312
2026-09-01,pos_46e606b679,tff_lev_net_pct_oi_hi_h60_sp500,positioning,dead,0.836,0.836
2026-09-01,pos_4f52a87fc8,tff_lev_net_pct_oi_hi_h20_sp500,positioning,dead,0.649,0.649
2026-09-01,pos_5618fa6478,tff_lev_net_pct_oi_lo_h60_nasdaq100,positioning,dead,0.007,0.007
2026-09-01,pos_566a8459e8,tff_lev_net_pct_oi_lo_h20_nasdaq100,positioning,dead,0.419,0.419
2026-09-01,pos_69b292d2ff,legacy_noncomm_pct_oi_lo_h20_nasdaq100,positioning,dead,0.127,0.127
2026-09-01,pos_74c61491cb,legacy_noncomm_pct_oi_hi_h20_nasdaq100,positioning,dead,0.235,0.235
2026-09-01,pos_771e2a7ea4,tff_lev_net_pct_oi_lo_h20_sp500,positioning,dead,0.016,0.016
2026-09-01,pos_951ab21851,tff_lev_net_pct_oi_lo_h60_sp500,positioning,dead,0.197,0.197
2026-09-01,pos_ad633d4d56,tff_lev_net_pct_oi_hi_h60_nasdaq100,positioning,dead,0.112,0.112
2026-09-01,pos_c5297400c9,legacy_noncomm_pct_oi_lo_h60_sp500,positioning,dead,0.648,0.648
2026-09-01,pos_d898f33d4c,tff_lev_net_pct_oi_hi_h20_nasdaq100,positioning,dead,0.197,0.197
2026-09-01,pos_f7aa0cde34,legacy_noncomm_pct_oi_hi_h60_sp500,positioning,dead,0.487,0.487
2026-09-01,pos_fb69e287a1,legacy_noncomm_pct_oi_hi_h60_nasdaq100,positioning,dead,0.937,0.937
2026-09-01,reb_018df927fb,p1_h5_sp500,rebound,dead,0.261,0.611
2026-09-01,reb_0b54f655e4,p10_h1_nasdaq,rebound,faded,0.0,0.377
2026-09-01,reb_183bf3c31c,p5_h1_sp500,rebound,dead,0.914,0.256
2026-09-01,reb_2617209d72,p10_h5_nasdaq,rebound,faded,0.0,0.182
2026-09-01,reb_2b218993db,p1_h5_nasdaq,rebound,dead,0.521,0.768
2026-09-01,reb_7155c924ca,p10_h1_sp500,rebound,dead,0.254,0.073
2026-09-01,reb_7e3e4a8d62,p1_h1_sp500,rebound,dead,0.253,0.508
2026-09-01,reb_8055fe6f4a,p1_h1_nasdaq,rebound,dead,0.214,0.417
2026-09-01,reb_91f1615526,p10_h5_sp500,rebound,dead,0.028,0.664
2026-09-01,reb_9adb2feef5,p5_h1_nasdaq,rebound,survive,0.0,0.088
2026-09-01,reb_b016e921c3,p5_h5_sp500,rebound,dead,0.352,0.744
2026-09-01,reb_b61bcf84d2,p5_h5_nasdaq,rebound,dead,0.041,0.073
2026-09-01,reg_74448026aa,golden_cross_sp500,regime,dead,0.002,0.017
2026-09-01,reg_9c0efb465b,golden_cross_nasdaq,regime,dead,0.053,0.065
2026-09-01,str_104f8d7bd8,break3_h1_nasdaq,streak_break,dead,0.828,0.437
2026-09-01,str_10ce6fe56e,down4_h1_nasdaq,streak_down,faded,0.001,0.71
2026-09-01,str_1560c11bbd,break5_h5_nasdaq,streak_break,dead,0.793,0.326
2026-09-01,str_16775f1703,break3_h5_nasdaq,streak_break,dead,0.593,0.493
2026-09-01,str_1b6fe1e8ca,down3_h5_sp500,streak_down,dead,0.213,0.955
2026-09-01,str_36b9f79448,down3_h1_nasdaq,streak_down,dead,0.041,0.496
2026-09-01,str_4320d0a275,break3_h5_sp500,streak_break,dead,0.785,0.435
2026-09-01,str_43ea43f9bc,down3_h20_nasdaq,streak_down,dead,0.009,0.171
2026-09-01,str_5824ee8bd5,break5_h5_sp500,streak_break,dead,0.872,0.814
2026-09-01,str_79e97ed91e,down5_h5_nasdaq,streak_down,dead,0.052,0.039
2026-09-01,str_7fd52c09bf,down5_h20_sp500,streak_down,dead,0.819,0.108
2026-09-01,str_7ff66aade6,break5_h1_sp500,streak_break,dead,0.239,0.74
2026-09-01,str_8969baac75,break3_h20_sp500,streak_break,dead,0.023,0.347
2026-09-01,str_8bc1b7d951,down3_h20_sp500,streak_down,dead,0.076,0.922
2026-09-01,str_8c2a185099,down5_h1_sp500,streak_down,dead,0.294,0.016
2026-09-01,str_947583c00a,break5_h20_nasdaq,streak_break,dead,0.199,0.847
2026-09-01,str_9638e678bf,down4_h20_sp500,streak_down,dead,0.457,0.046
2026-09-01,str_a754f69e1f,break5_h20_sp500,streak_break,dead,0.465,0.912
2026-09-01,str_b2f9430e92,down5_h1_nasdaq,streak_down,dead,0.698,0.152
2026-09-01,str_b6d73df6b9,down5_h5_sp500,streak_down,dead,0.533,0.031
2026-09-01,str_b725749b5b,down3_h1_sp500,streak_down,dead,0.313,0.065
2026-09-01,str_b847620031,down4_h5_sp500,streak_down,dead,0.968,0.046
2026-09-01,str_b8d9734d1a,down4_h20_nasdaq,streak_down,dead,0.239,0.794
2026-09-01,str_b916af0ac0,down4_h5_nasdaq,streak_down,dead,0.254,0.036
2026-09-01,str_baa87542e8,down5_h20_nasdaq,streak_down,dead,0.198,0.401
2026-09-01,str_be41d45643,down3_h5_nasdaq,streak_down,dead,0.014,0.808
2026-09-01,str_be73a914d2,down4_h1_sp500,streak_down,dead,0.755,0.166
2026-09-01,str_df987e7acf,break3_h1_sp500,streak_break,dead,0.107,0.172
2026-09-01,str_eaadd5b6d1,break5_h1_nasdaq,streak_break,dead,0.625,0.175
2026-09-01,str_ecf1394eae,break3_h20_nasdaq,streak_break,dead,0.013,0.205
2026-09-01,tra_085bba7150,n504_h126_low_sp500,trailing_extreme,dead,0.786,0.9194
2026-09-01,tra_089dcbd8a1,n252_h126_high_nasdaq,trailing_extreme,dead,0.152,0.217
2026-09-01,tra_1f25b3bd0f,n126_h63_high_nasdaq,trailing_extreme,dead,0.631,0.551
2026-09-01,tra_22e8f33640,n126_h63_low_sp500,trailing_extreme,dead,0.913,0.357
2026-09-01,tra_4ced8af588,n252_h126_high_sp500,trailing_extreme,dead,0.098,0.09
2026-09-01,tra_5711325073,n504_h126_high_sp500,trailing_extreme,dead,0.543,0.018
2026-09-01,tra_9006717c86,n63_h21_low_nasdaq,trailing_extreme,dead,0.487,0.156
2026-09-01,tra_93edbbb9e4,n63_h21_high_sp500,trailing_extreme,dead,0.238,0.208
2026-09-01,tra_a60deafb82,n63_h21_high_nasdaq,trailing_extreme,dead,0.267,0.842
2026-09-01,tra_ace02affa1,n63_h21_low_sp500,trailing_extreme,dead,0.244,0.645
2026-09-01,tra_c5a6e7707e,n126_h63_low_nasdaq,trailing_extreme,dead,0.162,0.003
2026-09-01,tra_c802f55825,n252_h126_low_nasdaq,trailing_extreme,dead,0.441,0.3392
2026-09-01,tra_e355b4c138,n252_h126_low_sp500,trailing_extreme,dead,0.956,0.622
2026-09-01,tra_f8f8b8c0db,n126_h63_high_sp500,trailing_extreme,dead,0.368,0.015
2026-09-02,cal_021d07d02a,monthof_10_sp500,calendar,dead,0.936064,0.5005
2026-09-02,cal_02b889c7e0,monthof_8_sp500,calendar,dead,0.952048,0.706294
2026-09-02,cal_05facdcc22,quarter_end_sp500,calendar,dead,0.793207,0.695305
2026-09-02,cal_0662569f50,monthof_12_nasdaq,calendar,dead,0.533467,0.637363
2026-09-02,cal_116d0565a8,quarter_end_nasdaq,calendar,dead,0.911089,0.406593
2026-09-02,cal_11bf800cae,world_cup_year_nasdaq,calendar,survive,0.000999,0.098901
2026-09-02,cal_146a3e8961,dow_nasdaq,calendar,faded,0.000999,0.621379
2026-09-02,cal_19104677ae,monthof_6_sp500,calendar,dead,0.835165,0.511489
2026-09-02,cal_216be59585,monthof_11_nasdaq,calendar,dead,0.178821,0.382617
2026-09-02,cal_2a991b85ee,sell_in_may_nasdaq,calendar,dead,0.026973,0.498501
2026-09-02,cal_2bf2b4d53f,monthof_9_sp500,calendar,dead,0.001998,0.058941
2026-09-02,cal_2de632e38b,monthof_6_nasdaq,calendar,dead,0.994006,0.878122
2026-09-02,cal_2e5f17d421,month_nasdaq,calendar,inconclusive,0.295704,0.574426
2026-09-02,cal_2e7a9a5ca1,monthof_3_sp500,calendar,dead,0.668332,0.789211
2026-09-02,cal_345031f898,monthof_5_nasdaq,calendar,dead,0.661339,0.637363
2026-09-02,cal_398f5c0e31,opex_week_nasdaq,calendar,dead,0.572428,0.631369
2026-09-02,cal_433ee46bbe,opex_week_sp500,calendar,dead,0.236763,0.679321
2026-09-02,cal_456e8c2d5e,monthof_12_sp500,calendar,dead,0.247752,0.972028
2026-09-02,cal_4a891b25f0,monthof_8_nasdaq,calendar,dead,0.370629,0.873127
2026-09-02,cal_4aa242d26e,monthof_5_sp500,calendar,dead,0.280719,0.844156
2026-09-02,cal_4bf363bd79,monthof_7_sp500,calendar,dead,0.066933,0.418581
2026-09-02,cal_527d0ae2db,monthof_1_nasdaq,calendar,dead,0.05994,0.933067
2026-09-02,cal_579e6e1355,monthof_2_nasdaq,calendar,dead,0.433566,0.302697
2026-09-02,cal_597774dc60,monthof_1_sp500,calendar,dead,0.293706,0.52048
2026-09-02,cal_5a22160179,turn_of_month_sp500,calendar,faded,0.000999,0.238761
2026-09-02,cal_6a08a2ccb6,pre_holiday_nasdaq,calendar,dead,0.118881,0.211788
2026-09-02,cal_6ebedbd943,monthof_10_nasdaq,calendar,dead,0.688312,0.362637
2026-09-02,cal_6f4b839635,pre_fomc_nasdaq,calendar,dead,0.257742,0.274725
2026-09-02,cal_7114c0729a,month_sp500,calendar,inconclusive,0.01998,0.153846
2026-09-02,cal_7738ecb1bc,turn_of_month_nasdaq,calendar,dead,0.001998,0.166833
2026-09-02,cal_79870937ed,world_cup_year_sp500,calendar,dead,0.016983,0.163836
2026-09-02,cal_7ded9a48d4,monthof_2_sp500,calendar,dead,0.16983,0.270729
2026-09-02,cal_82e1f1d8c9,pre_holiday_sp500,calendar,dead,0.101898,0.146853
2026-09-02,cal_85cc7cc6d7,dow_sp500,calendar,faded,0.000999,0.845155
2026-09-02,cal_8669d8c09d,monthof_11_sp500,calendar,dead,0.44955,0.14985
2026-09-02,cal_87670427d9,january_sp500,calendar,dead,0.124875,0.737263
2026-09-02,cal_8d5125126b,term_year3_sp500,calendar,inconclusive,0.04995,
2026-09-02,cal_8fe611a742,santa_nasdaq,calendar,dead,0.004995,0.213786
2026-09-02,cal_94c08fa012,santa_sp500,calendar,faded,0.000999,0.1998
2026-09-02,cal_ba8471031e,pre_fomc_sp500,calendar,dead,0.171828,0.156843
2026-09-02,cal_bbcc723bdf,decade_digit_sp500,calendar,inconclusive,0.163836,
2026-09-02,cal_bc77212229,sell_in_may_sp500,calendar,dead,0.066933,0.227772
2026-09-02,cal_c3a33a6db5,monthof_4_sp500,calendar,dead,0.196803,0.224775
2026-09-02,cal_c8b0832b2e,monthof_7_nasdaq,calendar,dead,0.836164,0.581419
2026-09-02,cal_d4de5634d3,september_nasdaq,calendar,dead,0.013986,0.028971
2026-09-02,cal_e041ed5979,monthof_3_nasdaq,calendar,dead,0.615385,0.8002
2026-09-02,cal_e3052fad5c,monthof_4_nasdaq,calendar,dead,0.410589,0.496503
2026-09-02,cal_ec09c00a99,presidential_cycle_sp500,calendar,inconclusive,0.300699,
2026-09-02,cal_f70ee53794,monthof_9_nasdaq,calendar,dead,0.017982,0.03996
2026-09-02,cal_f80dd36a7a,january_nasdaq,calendar,dead,0.025974,0.465534
2026-09-02,cal_f923f81493,september_sp500,calendar,survive,0.000999,0.036963
2026-09-02,fac_4beec74249,BTC_mom20_neg,factor,dead,0.004,0.002
2026-09-02,fac_70486895ee,dxy_rising,factor,dead,0.449,0.703
2026-09-02,fac_7578b1d58f,vix_backwardation,factor,dead,0.859,0.606
2026-09-02,fac_778b84a969,NASDAQ_mom20_neg,factor,dead,0.045,0.53
2026-09-02,fac_79cf4a9a7b,NASDAQ_above_ma200,factor,dead,0.008,0.081
2026-09-02,fac_a1bf6a105c,nasdaq_rsi_overbought,factor,dead,0.292,0.407
2026-09-02,fac_ab89704768,nasdaq_high_vol,factor,dead,0.004,0.948
2026-09-02,fac_bed960d3e2,NASDAQ_mom20_pos,factor,dead,0.437,0.632
2026-09-02,fac_c872e5eb69,BTC_above_ma200,factor,dead,0.136,0.096
2026-09-02,fac_cc60102eac,dxy_falling,factor,dead,0.755,0.898
2026-09-02,fac_d738a0c3fd,nasdaq_low_vol,factor,dead,0.267,0.613
2026-09-02,fac_d8a4f38258,overnight_mom_neg,factor,dead,0.323,0.362
2026-09-02,fac_dcbd9f57b5,overnight_mom_pos,factor,dead,0.323,0.362
2026-09-02,fac_e2be6309e8,nasdaq_rsi_oversold,factor,dead,0.627,0.473
2026-09-02,fac_f834dcf2c0,BTC_mom20_pos,factor,survive,0.0,0.0
2026-09-02,opt_13e0620c3f,total_pc_lo_h10,options_sentiment,dead,0.714,0.714
2026-09-02,opt_2bdac60949,total_pc_hi_h10,options_sentiment,dead,0.848,0.848
2026-09-02,opt_6b7c040f34,equity_pc_hi_h20,options_sentiment,dead,0.982,0.982
2026-09-02,opt_706c7e01ed,equity_pc_lo_h20,options_sentiment,dead,0.132,0.132
2026-09-02,opt_aad2768b05,total_pc_hi_h20,options_sentiment,dead,0.412,0.412
2026-09-02,opt_c8998dbbe6,equity_pc_lo_h10,options_sentiment,dead,0.72,0.72
2026-09-02,opt_d6053cc7a0,total_pc_lo_h20,options_sentiment,dead,0.389,0.389
2026-09-02,opt_f09bd225c9,equity_pc_hi_h10,options_sentiment,dead,0.581,0.581
2026-09-02,pos_0e8203cb20,legacy_noncomm_pct_oi_hi_h20_sp500,positioning,dead,0.778,0.778
2026-09-02,pos_3b1f2f7be5,legacy_noncomm_pct_oi_lo_h60_nasdaq100,positioning,survive,0.0,0.0
2026-09-02,pos_4503921189,legacy_noncomm_pct_oi_lo_h20_sp500,positioning,dead,0.311,0.311
2026-09-02,pos_46e606b679,tff_lev_net_pct_oi_hi_h60_sp500,positioning,dead,0.835,0.835
2026-09-02,pos_4f52a87fc8,tff_lev_net_pct_oi_hi_h20_sp500,positioning,dead,0.643,0.643
2026-09-02,pos_5618fa6478,tff_lev_net_pct_oi_lo_h60_nasdaq100,positioning,dead,0.007,0.007
2026-09-02,pos_566a8459e8,tff_lev_net_pct_oi_lo_h20_nasdaq100,positioning,dead,0.417,0.417
2026-09-02,pos_69b292d2ff,legacy_noncomm_pct_oi_lo_h20_nasdaq100,positioning,dead,0.125,0.125
2026-09-02,pos_74c61491cb,legacy_noncomm_pct_oi_hi_h20_nasdaq100,positioning,dead,0.237,0.237
2026-09-02,pos_771e2a7ea4,tff_lev_net_pct_oi_lo_h20_sp500,positioning,dead,0.018,0.018
2026-09-02,pos_951ab21851,tff_lev_net_pct_oi_lo_h60_sp500,positioning,dead,0.194,0.194
2026-09-02,pos_ad633d4d56,tff_lev_net_pct_oi_hi_h60_nasdaq100,positioning,dead,0.113,0.113
2026-09-02,pos_c5297400c9,legacy_noncomm_pct_oi_lo_h60_sp500,positioning,dead,0.65,0.65
2026-09-02,pos_d898f33d4c,tff_lev_net_pct_oi_hi_h20_nasdaq100,positioning,dead,0.193,0.193
2026-09-02,pos_f7aa0cde34,legacy_noncomm_pct_oi_hi_h60_sp500,positioning,dead,0.488,0.488
2026-09-02,pos_fb69e287a1,legacy_noncomm_pct_oi_hi_h60_nasdaq100,positioning,dead,0.924,0.924
2026-09-02,reb_018df927fb,p1_h5_sp500,rebound,dead,0.265,0.582
2026-09-02,reb_0b54f655e4,p10_h1_nasdaq,rebound,faded,0.0,0.356
2026-09-02,reb_183bf3c31c,p5_h1_sp500,rebound,dead,0.898,0.237
2026-09-02,reb_2617209d72,p10_h5_nasdaq,rebound,faded,0.0,0.182
2026-09-02,reb_2b218993db,p1_h5_nasdaq,rebound,dead,0.523,0.829
2026-09-02,reb_7155c924ca,p10_h1_sp500,rebound,dead,0.261,0.069
2026-09-02,reb_7e3e4a8d62,p1_h1_sp500,rebound,dead,0.245,0.535
2026-09-02,reb_8055fe6f4a,p1_h1_nasdaq,rebound,dead,0.183,0.446
2026-09-02,reb_91f1615526,p10_h5_sp500,rebound,dead,0.037,0.666
2026-09-02,reb_9adb2feef5,p5_h1_nasdaq,rebound,dead,0.002,0.078
2026-09-02,reb_b016e921c3,p5_h5_sp500,rebound,dead,0.335,0.723
2026-09-02,reb_b61bcf84d2,p5_h5_nasdaq,rebound,dead,0.034,0.075
2026-09-02,reg_74448026aa,golden_cross_sp500,regime,dead,0.002,0.017
2026-09-02,reg_9c0efb465b,golden_cross_nasdaq,regime,dead,0.056,0.065
2026-09-02,str_104f8d7bd8,break3_h1_nasdaq,streak_break,dead,0.831,0.442
2026-09-02,str_10ce6fe56e,down4_h1_nasdaq,streak_down,faded,0.001,0.688
2026-09-02,str_1560c11bbd,break5_h5_nasdaq,streak_break,dead,0.79,0.329
2026-09-02,str_16775f1703,break3_h5_nasdaq,streak_break,dead,0.597,0.495
2026-09-02,str_1b6fe1e8ca,down3_h5_sp500,streak_down,dead,0.229,0.97
2026-09-02,str_36b9f79448,down3_h1_nasdaq,streak_down,dead,0.024,0.501
2026-09-02,str_4320d0a275,break3_h5_sp500,streak_break,dead,0.801,0.445
2026-09-02,str_43ea43f9bc,down3_h20_nasdaq,streak_down,dead,0.011,0.164
2026-09-02,str_5824ee8bd5,break5_h5_sp500,streak_break,dead,0.856,0.808
2026-09-02,str_79e97ed91e,down5_h5_nasdaq,streak_down,dead,0.058,0.037
2026-09-02,str_7fd52c09bf,down5_h20_sp500,streak_down,dead,0.834,0.115
2026-09-02,str_7ff66aade6,break5_h1_sp500,streak_break,dead,0.269,0.747
2026-09-02,str_8969baac75,break3_h20_sp500,streak_break,dead,0.02,0.353
2026-09-02,str_8bc1b7d951,down3_h20_sp500,streak_down,dead,0.077,0.933
2026-09-02,str_8c2a185099,down5_h1_sp500,streak_down,dead,0.313,0.018
2026-09-02,str_947583c00a,break5_h20_nasdaq,streak_break,dead,0.197,0.825
2026-09-02,str_9638e678bf,down4_h20_sp500,streak_down,dead,0.473,0.048
2026-09-02,str_a754f69e1f,break5_h20_sp500,streak_break,dead,0.46,0.913
2026-09-02,str_b2f9430e92,down5_h1_nasdaq,streak_down,dead,0.672,0.153
2026-09-02,str_b6d73df6b9,down5_h5_sp500,streak_down,dead,0.533,0.03
2026-09-02,str_b725749b5b,down3_h1_sp500,streak_down,dead,0.347,0.076
2026-09-02,str_b847620031,down4_h5_sp500,streak_down,dead,0.972,0.046
2026-09-02,str_b8d9734d1a,down4_h20_nasdaq,streak_down,dead,0.244,0.809
2026-09-02,str_b916af0ac0,down4_h5_nasdaq,streak_down,dead,0.271,0.038
2026-09-02,str_baa87542e8,down5_h20_nasdaq,streak_down,dead,0.199,0.395
2026-09-02,str_be41d45643,down3_h5_nasdaq,streak_down,dead,0.015,0.835
2026-09-02,str_be73a914d2,down4_h1_sp500,streak_down,dead,0.747,0.159
2026-09-02,str_df987e7acf,break3_h1_sp500,streak_break,dead,0.112,0.187
2026-09-02,str_eaadd5b6d1,break5_h1_nasdaq,streak_break,dead,0.632,0.148
2026-09-02,str_ecf1394eae,break3_h20_nasdaq,streak_break,dead,0.011,0.216
2026-09-02,tra_085bba7150,n504_h126_low_sp500,trailing_extreme,dead,0.792,0.9194
2026-09-02,tra_089dcbd8a1,n252_h126_high_nasdaq,trailing_extreme,dead,0.151,0.216
2026-09-02,tra_1f25b3bd0f,n126_h63_high_nasdaq,trailing_extreme,dead,0.634,0.55
2026-09-02,tra_22e8f33640,n126_h63_low_sp500,trailing_extreme,dead,0.921,0.359
2026-09-02,tra_4ced8af588,n252_h126_high_sp500,trailing_extreme,dead,0.092,0.093
2026-09-02,tra_5711325073,n504_h126_high_sp500,trailing_extreme,dead,0.548,0.019
2026-09-02,tra_9006717c86,n63_h21_low_nasdaq,trailing_extreme,dead,0.474,0.155
2026-09-02,tra_93edbbb9e4,n63_h21_high_sp500,trailing_extreme,dead,0.237,0.208
2026-09-02,tra_a60deafb82,n63_h21_high_nasdaq,trailing_extreme,dead,0.269,0.837
2026-09-02,tra_ace02affa1,n63_h21_low_sp500,trailing_extreme,dead,0.24,0.642
2026-09-02,tra_c5a6e7707e,n126_h63_low_nasdaq,trailing_extreme,dead,0.164,0.003
2026-09-02,tra_c802f55825,n252_h126_low_nasdaq,trailing_extreme,dead,0.439,0.3392
2026-09-02,tra_e355b4c138,n252_h126_low_sp500,trailing_extreme,dead,0.955,0.622
2026-09-02,tra_f8f8b8c0db,n126_h63_high_sp500,trailing_extreme,dead,0.37,0.014
2026-09-03,cal_021d07d02a,monthof_10_sp500,calendar,dead,0.911089,0.512488
2026-09-03,cal_02b889c7e0,monthof_8_sp500,calendar,dead,0.962038,0.734266
2026-09-03,cal_05facdcc22,quarter_end_sp500,calendar,dead,0.772228,0.766234
2026-09-03,cal_0662569f50,monthof_12_nasdaq,calendar,dead,0.523477,0.687313
2026-09-03,cal_116d0565a8,quarter_end_nasdaq,calendar,dead,0.878122,0.45954
2026-09-03,cal_11bf800cae,world_cup_year_nasdaq,calendar,dead,0.001998,0.103896
2026-09-03,cal_146a3e8961,dow_nasdaq,calendar,faded,0.000999,0.605395
2026-09-03,cal_19104677ae,monthof_6_sp500,calendar,dead,0.82018,0.465534
2026-09-03,cal_216be59585,monthof_11_nasdaq,calendar,dead,0.165834,0.366633
2026-09-03,cal_2a991b85ee,sell_in_may_nasdaq,calendar,dead,0.020979,0.504496
2026-09-03,cal_2bf2b4d53f,monthof_9_sp500,calendar,dead,0.001998,0.060939
2026-09-03,cal_2de632e38b,monthof_6_nasdaq,calendar,dead,0.997003,0.863137
2026-09-03,cal_2e5f17d421,month_nasdaq,calendar,inconclusive,0.311688,0.591409
2026-09-03,cal_2e7a9a5ca1,monthof_3_sp500,calendar,dead,0.67033,0.749251
2026-09-03,cal_345031f898,monthof_5_nasdaq,calendar,dead,0.651349,0.642358
2026-09-03,cal_398f5c0e31,opex_week_nasdaq,calendar,dead,0.588412,0.678322
2026-09-03,cal_433ee46bbe,opex_week_sp500,calendar,dead,0.228771,0.66034
2026-09-03,cal_456e8c2d5e,monthof_12_sp500,calendar,dead,0.21978,0.96004
2026-09-03,cal_4a891b25f0,monthof_8_nasdaq,calendar,dead,0.367632,0.876124
2026-09-03,cal_4aa242d26e,monthof_5_sp500,calendar,dead,0.267732,0.838162
2026-09-03,cal_4bf363bd79,monthof_7_sp500,calendar,dead,0.077922,0.400599
2026-09-03,cal_527d0ae2db,monthof_1_nasdaq,calendar,dead,0.064935,0.938062
2026-09-03,cal_579e6e1355,monthof_2_nasdaq,calendar,dead,0.413586,0.290709
2026-09-03,cal_597774dc60,monthof_1_sp500,calendar,dead,0.27972,0.495504
2026-09-03,cal_5a22160179,turn_of_month_sp500,calendar,faded,0.000999,0.223776
2026-09-03,cal_6a08a2ccb6,pre_holiday_nasdaq,calendar,dead,0.103896,0.204795
2026-09-03,cal_6ebedbd943,monthof_10_nasdaq,calendar,dead,0.654346,0.33966
2026-09-03,cal_6f4b839635,pre_fomc_nasdaq,calendar,dead,0.283716,0.336663
2026-09-03,cal_7114c0729a,month_sp500,calendar,inconclusive,0.021978,0.166833
2026-09-03,cal_7738ecb1bc,turn_of_month_nasdaq,calendar,faded,0.000999,0.138861
2026-09-03,cal_79870937ed,world_cup_year_sp500,calendar,dead,0.01998,0.170829
2026-09-03,cal_7ded9a48d4,monthof_2_sp500,calendar,dead,0.160839,0.253746
2026-09-03,cal_82e1f1d8c9,pre_holiday_sp500,calendar,dead,0.086913,0.144855
2026-09-03,cal_85cc7cc6d7,dow_sp500,calendar,faded,0.000999,0.833167
2026-09-03,cal_8669d8c09d,monthof_11_sp500,calendar,dead,0.394605,0.130869
2026-09-03,cal_87670427d9,january_sp500,calendar,dead,0.153846,0.714286
2026-09-03,cal_8d5125126b,term_year3_sp500,calendar,inconclusive,0.04995,
2026-09-03,cal_8fe611a742,santa_nasdaq,calendar,dead,0.005994,0.225774
2026-09-03,cal_94c08fa012,santa_sp500,calendar,dead,0.001998,0.18981
2026-09-03,cal_ba8471031e,pre_fomc_sp500,calendar,dead,0.157842,0.145854
2026-09-03,cal_bbcc723bdf,decade_digit_sp500,calendar,inconclusive,0.163836,
2026-09-03,cal_bc77212229,sell_in_may_sp500,calendar,dead,0.078921,0.256743
2026-09-03,cal_c3a33a6db5,monthof_4_sp500,calendar,dead,0.191808,0.224775
2026-09-03,cal_c8b0832b2e,monthof_7_nasdaq,calendar,dead,0.836164,0.594406
2026-09-03,cal_d4de5634d3,september_nasdaq,calendar,dead,0.010989,0.022977
2026-09-03,cal_e041ed5979,monthof_3_nasdaq,calendar,dead,0.619381,0.782218
2026-09-03,cal_e3052fad5c,monthof_4_nasdaq,calendar,dead,0.411588,0.505495
2026-09-03,cal_ec09c00a99,presidential_cycle_sp500,calendar,inconclusive,0.300699,
2026-09-03,cal_f70ee53794,monthof_9_nasdaq,calendar,dead,0.023976,0.052947
2026-09-03,cal_f80dd36a7a,january_nasdaq,calendar,dead,0.030969,0.502498
2026-09-03,cal_f923f81493,september_sp500,calendar,dead,0.001998,0.038961
2026-09-03,fac_4beec74249,BTC_mom20_neg,factor,dead,0.005,0.002
2026-09-03,fac_70486895ee,dxy_rising,factor,dead,0.456,0.696
2026-09-03,fac_7578b1d58f,vix_backwardation,factor,dead,0.85,0.616
2026-09-03,fac_778b84a969,NASDAQ_mom20_neg,factor,dead,0.046,0.529
2026-09-03,fac_79cf4a9a7b,NASDAQ_above_ma200,factor,dead,0.008,0.074
2026-09-03,fac_a1bf6a105c,nasdaq_rsi_overbought,factor,dead,0.301,0.406
2026-09-03,fac_ab89704768,nasdaq_high_vol,factor,dead,0.004,0.947
2026-09-03,fac_bed960d3e2,NASDAQ_mom20_pos,factor,dead,0.424,0.636
2026-09-03,fac_c872e5eb69,BTC_above_ma200,factor,dead,0.133,0.099
2026-09-03,fac_cc60102eac,dxy_falling,factor,dead,0.761,0.917
2026-09-03,fac_d738a0c3fd,nasdaq_low_vol,factor,dead,0.268,0.612
2026-09-03,fac_d8a4f38258,overnight_mom_neg,factor,dead,0.332,0.365
2026-09-03,fac_dcbd9f57b5,overnight_mom_pos,factor,dead,0.332,0.365
2026-09-03,fac_e2be6309e8,nasdaq_rsi_oversold,factor,dead,0.622,0.476
2026-09-03,fac_f834dcf2c0,BTC_mom20_pos,factor,survive,0.0,0.0
2026-09-03,opt_13e0620c3f,total_pc_lo_h10,options_sentiment,dead,0.714,0.714
2026-09-03,opt_2bdac60949,total_pc_hi_h10,options_sentiment,dead,0.848,0.848
2026-09-03,opt_6b7c040f34,equity_pc_hi_h20,options_sentiment,dead,0.982,0.982
2026-09-03,opt_706c7e01ed,equity_pc_lo_h20,options_sentiment,dead,0.132,0.132
2026-09-03,opt_aad2768b05,total_pc_hi_h20,options_sentiment,dead,0.412,0.412
2026-09-03,opt_c8998dbbe6,equity_pc_lo_h10,options_sentiment,dead,0.72,0.72
2026-09-03,opt_d6053cc7a0,total_pc_lo_h20,options_sentiment,dead,0.389,0.389
2026-09-03,opt_f09bd225c9,equity_pc_hi_h10,options_sentiment,dead,0.581,0.581
2026-09-03,pos_0e8203cb20,legacy_noncomm_pct_oi_hi_h20_sp500,positioning,dead,0.778,0.778
2026-09-03,pos_3b1f2f7be5,legacy_noncomm_pct_oi_lo_h60_nasdaq100,positioning,survive,0.0,0.0
2026-09-03,pos_4503921189,legacy_noncomm_pct_oi_lo_h20_sp500,positioning,dead,0.311,0.311
2026-09-03,pos_46e606b679,tff_lev_net_pct_oi_hi_h60_sp500,positioning,dead,0.838,0.838
2026-09-03,pos_4f52a87fc8,tff_lev_net_pct_oi_hi_h20_sp500,positioning,dead,0.654,0.654
2026-09-03,pos_5618fa6478,tff_lev_net_pct_oi_lo_h60_nasdaq100,positioning,dead,0.007,0.007
2026-09-03,pos_566a8459e8,tff_lev_net_pct_oi_lo_h20_nasdaq100,positioning,dead,0.412,0.412
2026-09-03,pos_69b292d2ff,legacy_noncomm_pct_oi_lo_h20_nasdaq100,positioning,dead,0.119,0.119
2026-09-03,pos_74c61491cb,legacy_noncomm_pct_oi_hi_h20_nasdaq100,positioning,dead,0.234,0.234
2026-09-03,pos_771e2a7ea4,tff_lev_net_pct_oi_lo_h20_sp500,positioning,dead,0.016,0.016
2026-09-03,pos_951ab21851,tff_lev_net_pct_oi_lo_h60_sp500,positioning,dead,0.197,0.197
2026-09-03,pos_ad633d4d56,tff_lev_net_pct_oi_hi_h60_nasdaq100,positioning,dead,0.109,0.109
2026-09-03,pos_c5297400c9,legacy_noncomm_pct_oi_lo_h60_sp500,positioning,dead,0.64,0.64
2026-09-03,pos_d898f33d4c,tff_lev_net_pct_oi_hi_h20_nasdaq100,positioning,dead,0.198,0.198
2026-09-03,pos_f7aa0cde34,legacy_noncomm_pct_oi_hi_h60_sp500,positioning,dead,0.485,0.485
2026-09-03,pos_fb69e287a1,legacy_noncomm_pct_oi_hi_h60_nasdaq100,positioning,dead,0.926,0.926
2026-09-03,reb_018df927fb,p1_h5_sp500,rebound,dead,0.271,0.614
2026-09-03,reb_0b54f655e4,p10_h1_nasdaq,rebound,faded,0.0,0.327
2026-09-03,reb_183bf3c31c,p5_h1_sp500,rebound,dead,0.903,0.242
2026-09-03,reb_2617209d72,p10_h5_nasdaq,rebound,faded,0.0,0.169
2026-09-03,reb_2b218993db,p1_h5_nasdaq,rebound,dead,0.526,0.821
2026-09-03,reb_7155c924ca,p10_h1_sp500,rebound,dead,0.242,0.065
2026-09-03,reb_7e3e4a8d62,p1_h1_sp500,rebound,dead,0.248,0.544
2026-09-03,reb_8055fe6f4a,p1_h1_nasdaq,rebound,dead,0.2,0.406
2026-09-03,reb_91f1615526,p10_h5_sp500,rebound,dead,0.036,0.648
2026-09-03,reb_9adb2feef5,p5_h1_nasdaq,rebound,survive,0.0,0.061
2026-09-03,reb_b016e921c3,p5_h5_sp500,rebound,dead,0.342,0.733
2026-09-03,reb_b61bcf84d2,p5_h5_nasdaq,rebound,dead,0.029,0.06
2026-09-03,reg_74448026aa,golden_cross_sp500,regime,survive,0.001,0.018
2026-09-03,reg_9c0efb465b,golden_cross_nasdaq,regime,dead,0.055,0.069
2026-09-03,str_104f8d7bd8,break3_h1_nasdaq,streak_break,dead,0.799,0.431
2026-09-03,str_10ce6fe56e,down4_h1_nasdaq,streak_down,faded,0.001,0.73
2026-09-03,str_1560c11bbd,break5_h5_nasdaq,streak_break,dead,0.815,0.32
2026-09-03,str_16775f1703,break3_h5_nasdaq,streak_break,dead,0.58,0.517
2026-09-03,str_1b6fe1e8ca,down3_h5_sp500,streak_down,dead,0.209,0.951
2026-09-03,str_36b9f79448,down3_h1_nasdaq,streak_down,dead,0.047,0.526
2026-09-03,str_4320d0a275,break3_h5_sp500,streak_break,dead,0.818,0.438
2026-09-03,str_43ea43f9bc,down3_h20_nasdaq,streak_down,dead,0.009,0.16
2026-09-03,str_5824ee8bd5,break5_h5_sp500,streak_break,dead,0.879,0.798
2026-09-03,str_79e97ed91e,down5_h5_nasdaq,streak_down,dead,0.047,0.043
2026-09-03,str_7fd52c09bf,down5_h20_sp500,streak_down,dead,0.807,0.11
2026-09-03,str_7ff66aade6,break5_h1_sp500,streak_break,dead,0.273,0.752
2026-09-03,str_8969baac75,break3_h20_sp500,streak_break,dead,0.027,0.352
2026-09-03,str_8bc1b7d951,down3_h20_sp500,streak_down,dead,0.074,0.937
2026-09-03,str_8c2a185099,down5_h1_sp500,streak_down,dead,0.316,0.017
2026-09-03,str_947583c00a,break5_h20_nasdaq,streak_break,dead,0.188,0.809
2026-09-03,str_9638e678bf,down4_h20_sp500,streak_down,dead,0.454,0.055
2026-09-03,str_a754f69e1f,break5_h20_sp500,streak_break,dead,0.477,0.926
2026-09-03,str_b2f9430e92,down5_h1_nasdaq,streak_down,dead,0.702,0.143
2026-09-03,str_b6d73df6b9,down5_h5_sp500,streak_down,dead,0.547,0.03
2026-09-03,str_b725749b5b,down3_h1_sp500,streak_down,dead,0.341,0.08
2026-09-03,str_b847620031,down4_h5_sp500,streak_down,dead,0.986,0.051
2026-09-03,str_b8d9734d1a,down4_h20_nasdaq,streak_down,dead,0.237,0.796
2026-09-03,str_b916af0ac0,down4_h5_nasdaq,streak_down,dead,0.281,0.046
2026-09-03,str_baa87542e8,down5_h20_nasdaq,streak_down,dead,0.2,0.404
2026-09-03,str_be41d45643,down3_h5_nasdaq,streak_down,dead,0.006,0.808
2026-09-03,str_be73a914d2,down4_h1_sp500,streak_down,dead,0.754,0.162
2026-09-03,str_df987e7acf,break3_h1_sp500,streak_break,dead,0.108,0.162
2026-09-03,str_eaadd5b6d1,break5_h1_nasdaq,streak_break,dead,0.634,0.153
2026-09-03,str_ecf1394eae,break3_h20_nasdaq,streak_break,dead,0.015,0.2
2026-09-03,tra_085bba7150,n504_h126_low_sp500,trailing_extreme,dead,0.792,0.9174
2026-09-03,tra_089dcbd8a1,n252_h126_high_nasdaq,trailing_extreme,dead,0.151,0.215
2026-09-03,tra_1f25b3bd0f,n126_h63_high_nasdaq,trailing_extreme,dead,0.637,0.547
2026-09-03,tra_22e8f33640,n126_h63_low_sp500,trailing_extreme,dead,0.919,0.359
2026-09-03,tra_4ced8af588,n252_h126_high_sp500,trailing_extreme,dead,0.096,0.093
2026-09-03,tra_5711325073,n504_h126_high_sp500,trailing_extreme,dead,0.542,0.019
2026-09-03,tra_9006717c86,n63_h21_low_nasdaq,trailing_extreme,dead,0.475,0.157
2026-09-03,tra_93edbbb9e4,n63_h21_high_sp500,trailing_extreme,dead,0.244,0.206
2026-09-03,tra_a60deafb82,n63_h21_high_nasdaq,trailing_extreme,dead,0.268,0.848
2026-09-03,tra_ace02affa1,n63_h21_low_sp500,trailing_extreme,dead,0.247,0.635
2026-09-03,tra_c5a6e7707e,n126_h63_low_nasdaq,trailing_extreme,dead,0.161,0.005
2026-09-03,tra_c802f55825,n252_h126_low_nasdaq,trailing_extreme,dead,0.438,0.3382
2026-09-03,tra_e355b4c138,n252_h126_low_sp500,trailing_extreme,dead,0.956,0.616
2026-09-03,tra_f8f8b8c0db,n126_h63_high_sp500,trailing_extreme,dead,0.368,0.015
2026-09-04,cal_021d07d02a,monthof_10_sp500,calendar,dead,0.924076,0.497502
2026-09-04,cal_02b889c7e0,monthof_8_sp500,calendar,dead,0.957043,0.712288
2026-09-04,cal_05facdcc22,quarter_end_sp500,calendar,dead,0.764236,0.742258
2026-09-04,cal_0662569f50,monthof_12_nasdaq,calendar,dead,0.51049,0.662338
2026-09-04,cal_116d0565a8,quarter_end_nasdaq,calendar,dead,0.84016,0.477522
2026-09-04,cal_11bf800cae,world_cup_year_nasdaq,calendar,survive,0.000999,0.098901
2026-09-04,cal_146a3e8961,dow_nasdaq,calendar,faded,0.000999,0.617383
2026-09-04,cal_19104677ae,monthof_6_sp500,calendar,dead,0.804196,0.448551
2026-09-04,cal_216be59585,monthof_11_nasdaq,calendar,dead,0.177822,0.364635
2026-09-04,cal_2a991b85ee,sell_in_may_nasdaq,calendar,dead,0.022977,0.52048
2026-09-04,cal_2bf2b4d53f,monthof_9_sp500,calendar,survive,0.000999,0.065934
2026-09-04,cal_2de632e38b,monthof_6_nasdaq,calendar,dead,0.995005,0.856144
2026-09-04,cal_2e5f17d421,month_nasdaq,calendar,inconclusive,0.30969,0.588412
2026-09-04,cal_2e7a9a5ca1,monthof_3_sp500,calendar,dead,0.666334,0.77023
2026-09-04,cal_345031f898,monthof_5_nasdaq,calendar,dead,0.627373,0.614386
2026-09-04,cal_398f5c0e31,opex_week_nasdaq,calendar,dead,0.595405,0.651349
2026-09-04,cal_433ee46bbe,opex_week_sp500,calendar,dead,0.224775,0.666334
2026-09-04,cal_456e8c2d5e,monthof_12_sp500,calendar,dead,0.220779,0.974026
2026-09-04,cal_4a891b25f0,monthof_8_nasdaq,calendar,dead,0.357642,0.881119
2026-09-04,cal_4aa242d26e,monthof_5_sp500,calendar,dead,0.267732,0.845155
2026-09-04,cal_4bf363bd79,monthof_7_sp500,calendar,dead,0.074925,0.384615
2026-09-04,cal_527d0ae2db,monthof_1_nasdaq,calendar,dead,0.063936,0.927073
2026-09-04,cal_579e6e1355,monthof_2_nasdaq,calendar,dead,0.424575,0.302697
2026-09-04,cal_597774dc60,monthof_1_sp500,calendar,dead,0.283716,0.54046
2026-09-04,cal_5a22160179,turn_of_month_sp500,calendar,faded,0.000999,0.192807
2026-09-04,cal_6a08a2ccb6,pre_holiday_nasdaq,calendar,dead,0.14985,0.212787
2026-09-04,cal_6ebedbd943,monthof_10_nasdaq,calendar,dead,0.697303,0.396603
2026-09-04,cal_6f4b839635,pre_fomc_nasdaq,calendar,dead,0.257742,0.285714
2026-09-04,cal_7114c0729a,month_sp500,calendar,inconclusive,0.021978,0.164835
2026-09-04,cal_7738ecb1bc,turn_of_month_nasdaq,calendar,faded,0.000999,0.12987
2026-09-04,cal_79870937ed,world_cup_year_sp500,calendar,dead,0.016983,0.163836
2026-09-04,cal_7ded9a48d4,monthof_2_sp500,calendar,dead,0.176823,0.250749
2026-09-04,cal_82e1f1d8c9,pre_holiday_sp500,calendar,dead,0.08991,0.15984
2026-09-04,cal_85cc7cc6d7,dow_sp500,calendar,faded,0.000999,0.83017
2026-09-04,cal_8669d8c09d,monthof_11_sp500,calendar,dead,0.418581,0.155844
2026-09-04,cal_87670427d9,january_sp500,calendar,dead,0.147852,0.726274
2026-09-04,cal_8d5125126b,term_year3_sp500,calendar,inconclusive,0.04995,
2026-09-04,cal_8fe611a742,santa_nasdaq,calendar,dead,0.007992,0.203796
2026-09-04,cal_94c08fa012,santa_sp500,calendar,faded,0.000999,0.214785
2026-09-04,cal_ba8471031e,pre_fomc_sp500,calendar,dead,0.170829,0.146853
2026-09-04,cal_bbcc723bdf,decade_digit_sp500,calendar,inconclusive,0.163836,
2026-09-04,cal_bc77212229,sell_in_may_sp500,calendar,dead,0.073926,0.218781
2026-09-04,cal_c3a33a6db5,monthof_4_sp500,calendar,dead,0.228771,0.198801
2026-09-04,cal_c8b0832b2e,monthof_7_nasdaq,calendar,dead,0.836164,0.586414
2026-09-04,cal_d4de5634d3,september_nasdaq,calendar,dead,0.005994,0.030969
2026-09-04,cal_e041ed5979,monthof_3_nasdaq,calendar,dead,0.577423,0.796204
2026-09-04,cal_e3052fad5c,monthof_4_nasdaq,calendar,dead,0.41958,0.512488
2026-09-04,cal_ec09c00a99,presidential_cycle_sp500,calendar,inconclusive,0.300699,
2026-09-04,cal_f70ee53794,monthof_9_nasdaq,calendar,dead,0.01998,0.041958
2026-09-04,cal_f80dd36a7a,january_nasdaq,calendar,dead,0.023976,0.490509
2026-09-04,cal_f923f81493,september_sp500,calendar,survive,0.000999,0.038961
2026-09-04,fac_4beec74249,BTC_mom20_neg,factor,dead,0.005,0.003
2026-09-04,fac_70486895ee,dxy_rising,factor,dead,0.44,0.734
2026-09-04,fac_7578b1d58f,vix_backwardation,factor,dead,0.855,0.593
2026-09-04,fac_778b84a969,NASDAQ_mom20_neg,factor,dead,0.048,0.535
2026-09-04,fac_79cf4a9a7b,NASDAQ_above_ma200,factor,dead,0.01,0.084
2026-09-04,fac_a1bf6a105c,nasdaq_rsi_overbought,factor,dead,0.313,0.401
2026-09-04,fac_ab89704768,nasdaq_high_vol,factor,dead,0.004,0.924
2026-09-04,fac_bed960d3e2,NASDAQ_mom20_pos,factor,dead,0.406,0.625
2026-09-04,fac_c872e5eb69,BTC_above_ma200,factor,dead,0.126,0.09
2026-09-04,fac_cc60102eac,dxy_falling,factor,dead,0.744,0.859
2026-09-04,fac_d738a0c3fd,nasdaq_low_vol,factor,dead,0.257,0.608
2026-09-04,fac_d8a4f38258,overnight_mom_neg,factor,dead,0.341,0.369
2026-09-04,fac_dcbd9f57b5,overnight_mom_pos,factor,dead,0.341,0.369
2026-09-04,fac_e2be6309e8,nasdaq_rsi_oversold,factor,dead,0.63,0.493
2026-09-04,fac_f834dcf2c0,BTC_mom20_pos,factor,survive,0.0,0.0
2026-09-04,opt_13e0620c3f,total_pc_lo_h10,options_sentiment,dead,0.731,0.731
2026-09-04,opt_2bdac60949,total_pc_hi_h10,options_sentiment,dead,0.867,0.867
2026-09-04,opt_6b7c040f34,equity_pc_hi_h20,options_sentiment,dead,0.974,0.974
2026-09-04,opt_706c7e01ed,equity_pc_lo_h20,options_sentiment,dead,0.144,0.144
2026-09-04,opt_aad2768b05,total_pc_hi_h20,options_sentiment,dead,0.424,0.424
2026-09-04,opt_c8998dbbe6,equity_pc_lo_h10,options_sentiment,dead,0.717,0.717
2026-09-04,opt_d6053cc7a0,total_pc_lo_h20,options_sentiment,dead,0.308,0.308
2026-09-04,opt_f09bd225c9,equity_pc_hi_h10,options_sentiment,dead,0.589,0.589
2026-09-04,pos_0e8203cb20,legacy_noncomm_pct_oi_hi_h20_sp500,positioning,dead,0.772,0.772
2026-09-04,pos_3b1f2f7be5,legacy_noncomm_pct_oi_lo_h60_nasdaq100,positioning,survive,0.0,0.0
2026-09-04,pos_4503921189,legacy_noncomm_pct_oi_lo_h20_sp500,positioning,dead,0.307,0.307
2026-09-04,pos_46e606b679,tff_lev_net_pct_oi_hi_h60_sp500,positioning,dead,0.841,0.841
2026-09-04,pos_4f52a87fc8,tff_lev_net_pct_oi_hi_h20_sp500,positioning,dead,0.657,0.657
2026-09-04,pos_5618fa6478,tff_lev_net_pct_oi_lo_h60_nasdaq100,positioning,dead,0.005,0.005
2026-09-04,pos_566a8459e8,tff_lev_net_pct_oi_lo_h20_nasdaq100,positioning,dead,0.404,0.404
2026-09-04,pos_69b292d2ff,legacy_noncomm_pct_oi_lo_h20_nasdaq100,positioning,dead,0.118,0.118
2026-09-04,pos_74c61491cb,legacy_noncomm_pct_oi_hi_h20_nasdaq100,positioning,dead,0.228,0.228
2026-09-04,pos_771e2a7ea4,tff_lev_net_pct_oi_lo_h20_sp500,positioning,dead,0.014,0.014
2026-09-04,pos_951ab21851,tff_lev_net_pct_oi_lo_h60_sp500,positioning,dead,0.19,0.19
2026-09-04,pos_ad633d4d56,tff_lev_net_pct_oi_hi_h60_nasdaq100,positioning,dead,0.105,0.105
2026-09-04,pos_c5297400c9,legacy_noncomm_pct_oi_lo_h60_sp500,positioning,dead,0.634,0.634
2026-09-04,pos_d898f33d4c,tff_lev_net_pct_oi_hi_h20_nasdaq100,positioning,dead,0.194,0.194
2026-09-04,pos_f7aa0cde34,legacy_noncomm_pct_oi_hi_h60_sp500,positioning,dead,0.488,0.488
2026-09-04,pos_fb69e287a1,legacy_noncomm_pct_oi_hi_h60_nasdaq100,positioning,dead,0.925,0.925
2026-09-04,reb_018df927fb,p1_h5_sp500,rebound,dead,0.269,0.595
2026-09-04,reb_0b54f655e4,p10_h1_nasdaq,rebound,faded,0.0,0.342
2026-09-04,reb_183bf3c31c,p5_h1_sp500,rebound,dead,0.93,0.225
2026-09-04,reb_2617209d72,p10_h5_nasdaq,rebound,faded,0.0,0.181
2026-09-04,reb_2b218993db,p1_h5_nasdaq,rebound,dead,0.515,0.814
2026-09-04,reb_7155c924ca,p10_h1_sp500,rebound,dead,0.284,0.075
2026-09-04,reb_7e3e4a8d62,p1_h1_sp500,rebound,dead,0.246,0.527
2026-09-04,reb_8055fe6f4a,p1_h1_nasdaq,rebound,dead,0.182,0.425
2026-09-04,reb_91f1615526,p10_h5_sp500,rebound,dead,0.038,0.654
2026-09-04,reb_9adb2feef5,p5_h1_nasdaq,rebound,survive,0.0,0.082
2026-09-04,reb_b016e921c3,p5_h5_sp500,rebound,dead,0.323,0.767
2026-09-04,reb_b61bcf84d2,p5_h5_nasdaq,rebound,dead,0.039,0.069
2026-09-04,reg_74448026aa,golden_cross_sp500,regime,survive,0.001,0.018
2026-09-04,reg_9c0efb465b,golden_cross_nasdaq,regime,dead,0.059,0.069
2026-09-04,str_104f8d7bd8,break3_h1_nasdaq,streak_break,dead,0.851,0.466
2026-09-04,str_10ce6fe56e,down4_h1_nasdaq,streak_down,dead,0.004,0.73
2026-09-04,str_1560c11bbd,break5_h5_nasdaq,streak_break,dead,0.812,0.329
2026-09-04,str_16775f1703,break3_h5_nasdaq,streak_break,dead,0.62,0.522
2026-09-04,str_1b6fe1e8ca,down3_h5_sp500,streak_down,dead,0.209,0.942
2026-09-04,str_36b9f79448,down3_h1_nasdaq,streak_down,dead,0.031,0.504
2026-09-04,str_4320d0a275,break3_h5_sp500,streak_break,dead,0.823,0.447
2026-09-04,str_43ea43f9bc,down3_h20_nasdaq,streak_down,dead,0.01,0.159
2026-09-04,str_5824ee8bd5,break5_h5_sp500,streak_break,dead,0.908,0.817
2026-09-04,str_79e97ed91e,down5_h5_nasdaq,streak_down,dead,0.046,0.05
2026-09-04,str_7fd52c09bf,down5_h20_sp500,streak_down,dead,0.812,0.111
2026-09-04,str_7ff66aade6,break5_h1_sp500,streak_break,dead,0.279,0.782
2026-09-04,str_8969baac75,break3_h20_sp500,streak_break,dead,0.027,0.355
2026-09-04,str_8bc1b7d951,down3_h20_sp500,streak_down,dead,0.081,0.941
2026-09-04,str_8c2a185099,down5_h1_sp500,streak_down,dead,0.26,0.019
2026-09-04,str_947583c00a,break5_h20_nasdaq,streak_break,dead,0.207,0.804
2026-09-04,str_9638e678bf,down4_h20_sp500,streak_down,dead,0.46,0.052
2026-09-04,str_a754f69e1f,break5_h20_sp500,streak_break,dead,0.481,0.918
2026-09-04,str_b2f9430e92,down5_h1_nasdaq,streak_down,dead,0.725,0.172
2026-09-04,str_b6d73df6b9,down5_h5_sp500,streak_down,dead,0.562,0.032
2026-09-04,str_b725749b5b,down3_h1_sp500,streak_down,dead,0.301,0.064
2026-09-04,str_b847620031,down4_h5_sp500,streak_down,dead,0.97,0.054
2026-09-04,str_b8d9734d1a,down4_h20_nasdaq,streak_down,dead,0.254,0.808
2026-09-04,str_b916af0ac0,down4_h5_nasdaq,streak_down,dead,0.267,0.043
2026-09-04,str_baa87542e8,down5_h20_nasdaq,streak_down,dead,0.211,0.398
2026-09-04,str_be41d45643,down3_h5_nasdaq,streak_down,dead,0.003,0.803
2026-09-04,str_be73a914d2,down4_h1_sp500,streak_down,dead,0.753,0.162
2026-09-04,str_df987e7acf,break3_h1_sp500,streak_break,dead,0.082,0.188
2026-09-04,str_eaadd5b6d1,break5_h1_nasdaq,streak_break,dead,0.629,0.156
2026-09-04,str_ecf1394eae,break3_h20_nasdaq,streak_break,dead,0.016,0.188
2026-09-04,tra_085bba7150,n504_h126_low_sp500,trailing_extreme,dead,0.797,0.9194
2026-09-04,tra_089dcbd8a1,n252_h126_high_nasdaq,trailing_extreme,dead,0.152,0.217
2026-09-04,tra_1f25b3bd0f,n126_h63_high_nasdaq,trailing_extreme,dead,0.632,0.546
2026-09-04,tra_22e8f33640,n126_h63_low_sp500,trailing_extreme,dead,0.921,0.354
2026-09-04,tra_4ced8af588,n252_h126_high_sp500,trailing_extreme,dead,0.092,0.093
2026-09-04,tra_5711325073,n504_h126_high_sp500,trailing_extreme,dead,0.546,0.019
2026-09-04,tra_9006717c86,n63_h21_low_nasdaq,trailing_extreme,dead,0.474,0.157
2026-09-04,tra_93edbbb9e4,n63_h21_high_sp500,trailing_extreme,dead,0.233,0.207
2026-09-04,tra_a60deafb82,n63_h21_high_nasdaq,trailing_extreme,dead,0.268,0.847
2026-09-04,tra_ace02affa1,n63_h21_low_sp500,trailing_extreme,dead,0.254,0.637
2026-09-04,tra_c5a6e7707e,n126_h63_low_nasdaq,trailing_extreme,dead,0.161,0.005
2026-09-04,tra_c802f55825,n252_h126_low_nasdaq,trailing_extreme,dead,0.437,0.3382
2026-09-04,tra_e355b4c138,n252_h126_low_sp500,trailing_extreme,dead,0.957,0.613
2026-09-04,tra_f8f8b8c0db,n126_h63_high_sp500,trailing_extreme,dead,0.368,0.014
2026-09-06,cal_021d07d02a,monthof_10_sp500,calendar,dead,0.924076,0.497502
2026-09-06,cal_02b889c7e0,monthof_8_sp500,calendar,dead,0.957043,0.712288
2026-09-06,cal_05facdcc22,quarter_end_sp500,calendar,dead,0.765235,0.74026
2026-09-06,cal_0662569f50,monthof_12_nasdaq,calendar,dead,0.51049,0.662338
2026-09-06,cal_116d0565a8,quarter_end_nasdaq,calendar,dead,0.84016,0.477522
2026-09-06,cal_11bf800cae,world_cup_year_nasdaq,calendar,survive,0.000999,0.098901
2026-09-06,cal_146a3e8961,dow_nasdaq,calendar,faded,0.000999,0.617383
2026-09-06,cal_19104677ae,monthof_6_sp500,calendar,dead,0.803197,0.448551
2026-09-06,cal_216be59585,monthof_11_nasdaq,calendar,dead,0.177822,0.364635
2026-09-06,cal_2a991b85ee,sell_in_may_nasdaq,calendar,dead,0.022977,0.52048
2026-09-06,cal_2bf2b4d53f,monthof_9_sp500,calendar,survive,0.000999,0.065934
2026-09-06,cal_2de632e38b,monthof_6_nasdaq,calendar,dead,0.995005,0.856144
2026-09-06,cal_2e5f17d421,month_nasdaq,calendar,inconclusive,0.30969,0.588412
2026-09-06,cal_2e7a9a5ca1,monthof_3_sp500,calendar,dead,0.666334,0.77023
2026-09-06,cal_345031f898,monthof_5_nasdaq,calendar,dead,0.627373,0.614386
2026-09-06,cal_398f5c0e31,opex_week_nasdaq,calendar,dead,0.595405,0.651349
2026-09-06,cal_433ee46bbe,opex_week_sp500,calendar,dead,0.224775,0.666334
2026-09-06,cal_456e8c2d5e,monthof_12_sp500,calendar,dead,0.220779,0.974026
2026-09-06,cal_4a891b25f0,monthof_8_nasdaq,calendar,dead,0.357642,0.881119
2026-09-06,cal_4aa242d26e,monthof_5_sp500,calendar,dead,0.267732,0.845155
2026-09-06,cal_4bf363bd79,monthof_7_sp500,calendar,dead,0.074925,0.384615
2026-09-06,cal_527d0ae2db,monthof_1_nasdaq,calendar,dead,0.063936,0.927073
2026-09-06,cal_579e6e1355,monthof_2_nasdaq,calendar,dead,0.424575,0.302697
2026-09-06,cal_597774dc60,monthof_1_sp500,calendar,dead,0.283716,0.54046
2026-09-06,cal_5a22160179,turn_of_month_sp500,calendar,faded,0.000999,0.192807
2026-09-06,cal_6a08a2ccb6,pre_holiday_nasdaq,calendar,dead,0.14985,0.212787
2026-09-06,cal_6ebedbd943,monthof_10_nasdaq,calendar,dead,0.697303,0.396603
2026-09-06,cal_6f4b839635,pre_fomc_nasdaq,calendar,dead,0.257742,0.285714
2026-09-06,cal_7114c0729a,month_sp500,calendar,inconclusive,0.021978,0.164835
2026-09-06,cal_7738ecb1bc,turn_of_month_nasdaq,calendar,faded,0.000999,0.12987
2026-09-06,cal_79870937ed,world_cup_year_sp500,calendar,dead,0.016983,0.163836
2026-09-06,cal_7ded9a48d4,monthof_2_sp500,calendar,dead,0.176823,0.250749
2026-09-06,cal_82e1f1d8c9,pre_holiday_sp500,calendar,dead,0.08991,0.15984
2026-09-06,cal_85cc7cc6d7,dow_sp500,calendar,faded,0.000999,0.83017
2026-09-06,cal_8669d8c09d,monthof_11_sp500,calendar,dead,0.418581,0.155844
2026-09-06,cal_87670427d9,january_sp500,calendar,dead,0.147852,0.726274
2026-09-06,cal_8d5125126b,term_year3_sp500,calendar,inconclusive,0.04995,
2026-09-06,cal_8fe611a742,santa_nasdaq,calendar,dead,0.007992,0.203796
2026-09-06,cal_94c08fa012,santa_sp500,calendar,faded,0.000999,0.214785
2026-09-06,cal_ba8471031e,pre_fomc_sp500,calendar,dead,0.170829,0.146853
2026-09-06,cal_bbcc723bdf,decade_digit_sp500,calendar,inconclusive,0.163836,
2026-09-06,cal_bc77212229,sell_in_may_sp500,calendar,dead,0.073926,0.217782
2026-09-06,cal_c3a33a6db5,monthof_4_sp500,calendar,dead,0.228771,0.197802
2026-09-06,cal_c8b0832b2e,monthof_7_nasdaq,calendar,dead,0.836164,0.586414
2026-09-06,cal_d4de5634d3,september_nasdaq,calendar,dead,0.005994,0.030969
2026-09-06,cal_e041ed5979,monthof_3_nasdaq,calendar,dead,0.577423,0.796204
2026-09-06,cal_e3052fad5c,monthof_4_nasdaq,calendar,dead,0.41958,0.512488
2026-09-06,cal_ec09c00a99,presidential_cycle_sp500,calendar,inconclusive,0.300699,
2026-09-06,cal_f70ee53794,monthof_9_nasdaq,calendar,dead,0.01998,0.041958
2026-09-06,cal_f80dd36a7a,january_nasdaq,calendar,dead,0.023976,0.490509
2026-09-06,cal_f923f81493,september_sp500,calendar,survive,0.000999,0.038961
2026-09-06,fac_4beec74249,BTC_mom20_neg,factor,dead,0.005,0.003
2026-09-06,fac_70486895ee,dxy_rising,factor,dead,0.44,0.734
2026-09-06,fac_7578b1d58f,vix_backwardation,factor,dead,0.855,0.593
2026-09-06,fac_778b84a969,NASDAQ_mom20_neg,factor,dead,0.048,0.535
2026-09-06,fac_79cf4a9a7b,NASDAQ_above_ma200,factor,dead,0.01,0.084
2026-09-06,fac_a1bf6a105c,nasdaq_rsi_overbought,factor,dead,0.313,0.401
2026-09-06,fac_ab89704768,nasdaq_high_vol,factor,dead,0.004,0.924
2026-09-06,fac_bed960d3e2,NASDAQ_mom20_pos,factor,dead,0.406,0.625
2026-09-06,fac_c872e5eb69,BTC_above_ma200,factor,dead,0.126,0.09
2026-09-06,fac_cc60102eac,dxy_falling,factor,dead,0.744,0.859
2026-09-06,fac_d738a0c3fd,nasdaq_low_vol,factor,dead,0.257,0.608
2026-09-06,fac_d8a4f38258,overnight_mom_neg,factor,dead,0.341,0.369
2026-09-06,fac_dcbd9f57b5,overnight_mom_pos,factor,dead,0.341,0.369
2026-09-06,fac_e2be6309e8,nasdaq_rsi_oversold,factor,dead,0.63,0.493
2026-09-06,fac_f834dcf2c0,BTC_mom20_pos,factor,survive,0.0,0.0
2026-09-06,opt_13e0620c3f,total_pc_lo_h10,options_sentiment,dead,0.731,0.731
2026-09-06,opt_2bdac60949,total_pc_hi_h10,options_sentiment,dead,0.867,0.867
2026-09-06,opt_6b7c040f34,equity_pc_hi_h20,options_sentiment,dead,0.974,0.974
2026-09-06,opt_706c7e01ed,equity_pc_lo_h20,options_sentiment,dead,0.144,0.144
2026-09-06,opt_aad2768b05,total_pc_hi_h20,options_sentiment,dead,0.424,0.424
2026-09-06,opt_c8998dbbe6,equity_pc_lo_h10,options_sentiment,dead,0.717,0.717
2026-09-06,opt_d6053cc7a0,total_pc_lo_h20,options_sentiment,dead,0.308,0.308
2026-09-06,opt_f09bd225c9,equity_pc_hi_h10,options_sentiment,dead,0.589,0.589
2026-09-06,pos_0e8203cb20,legacy_noncomm_pct_oi_hi_h20_sp500,positioning,dead,0.772,0.772
2026-09-06,pos_3b1f2f7be5,legacy_noncomm_pct_oi_lo_h60_nasdaq100,positioning,survive,0.0,0.0
2026-09-06,pos_4503921189,legacy_noncomm_pct_oi_lo_h20_sp500,positioning,dead,0.307,0.307
2026-09-06,pos_46e606b679,tff_lev_net_pct_oi_hi_h60_sp500,positioning,dead,0.841,0.841
2026-09-06,pos_4f52a87fc8,tff_lev_net_pct_oi_hi_h20_sp500,positioning,dead,0.657,0.657
2026-09-06,pos_5618fa6478,tff_lev_net_pct_oi_lo_h60_nasdaq100,positioning,dead,0.005,0.005
2026-09-06,pos_566a8459e8,tff_lev_net_pct_oi_lo_h20_nasdaq100,positioning,dead,0.404,0.404
2026-09-06,pos_69b292d2ff,legacy_noncomm_pct_oi_lo_h20_nasdaq100,positioning,dead,0.118,0.118
2026-09-06,pos_74c61491cb,legacy_noncomm_pct_oi_hi_h20_nasdaq100,positioning,dead,0.228,0.228
2026-09-06,pos_771e2a7ea4,tff_lev_net_pct_oi_lo_h20_sp500,positioning,dead,0.014,0.014
2026-09-06,pos_951ab21851,tff_lev_net_pct_oi_lo_h60_sp500,positioning,dead,0.19,0.19
2026-09-06,pos_ad633d4d56,tff_lev_net_pct_oi_hi_h60_nasdaq100,positioning,dead,0.105,0.105
2026-09-06,pos_c5297400c9,legacy_noncomm_pct_oi_lo_h60_sp500,positioning,dead,0.634,0.634
2026-09-06,pos_d898f33d4c,tff_lev_net_pct_oi_hi_h20_nasdaq100,positioning,dead,0.194,0.194
2026-09-06,pos_f7aa0cde34,legacy_noncomm_pct_oi_hi_h60_sp500,positioning,dead,0.488,0.488
2026-09-06,pos_fb69e287a1,legacy_noncomm_pct_oi_hi_h60_nasdaq100,positioning,dead,0.925,0.925
2026-09-06,reb_018df927fb,p1_h5_sp500,rebound,dead,0.269,0.595
2026-09-06,reb_0b54f655e4,p10_h1_nasdaq,rebound,faded,0.0,0.342
2026-09-06,reb_183bf3c31c,p5_h1_sp500,rebound,dead,0.93,0.225
2026-09-06,reb_2617209d72,p10_h5_nasdaq,rebound,faded,0.0,0.181
2026-09-06,reb_2b218993db,p1_h5_nasdaq,rebound,dead,0.515,0.814
2026-09-06,reb_7155c924ca,p10_h1_sp500,rebound,dead,0.284,0.075
2026-09-06,reb_7e3e4a8d62,p1_h1_sp500,rebound,dead,0.246,0.527
2026-09-06,reb_8055fe6f4a,p1_h1_nasdaq,rebound,dead,0.182,0.425
2026-09-06,reb_91f1615526,p10_h5_sp500,rebound,dead,0.038,0.654
2026-09-06,reb_9adb2feef5,p5_h1_nasdaq,rebound,survive,0.0,0.082
2026-09-06,reb_b016e921c3,p5_h5_sp500,rebound,dead,0.323,0.767
2026-09-06,reb_b61bcf84d2,p5_h5_nasdaq,rebound,dead,0.039,0.069
2026-09-06,reg_74448026aa,golden_cross_sp500,regime,survive,0.001,0.018
2026-09-06,reg_9c0efb465b,golden_cross_nasdaq,regime,dead,0.059,0.069
2026-09-06,str_104f8d7bd8,break3_h1_nasdaq,streak_break,dead,0.851,0.466
2026-09-06,str_10ce6fe56e,down4_h1_nasdaq,streak_down,dead,0.004,0.73
2026-09-06,str_1560c11bbd,break5_h5_nasdaq,streak_break,dead,0.812,0.329
2026-09-06,str_16775f1703,break3_h5_nasdaq,streak_break,dead,0.62,0.522
2026-09-06,str_1b6fe1e8ca,down3_h5_sp500,streak_down,dead,0.209,0.942
2026-09-06,str_36b9f79448,down3_h1_nasdaq,streak_down,dead,0.031,0.504
2026-09-06,str_4320d0a275,break3_h5_sp500,streak_break,dead,0.823,0.447
2026-09-06,str_43ea43f9bc,down3_h20_nasdaq,streak_down,dead,0.01,0.159
2026-09-06,str_5824ee8bd5,break5_h5_sp500,streak_break,dead,0.908,0.817
2026-09-06,str_79e97ed91e,down5_h5_nasdaq,streak_down,dead,0.046,0.05
2026-09-06,str_7fd52c09bf,down5_h20_sp500,streak_down,dead,0.812,0.111
2026-09-06,str_7ff66aade6,break5_h1_sp500,streak_break,dead,0.279,0.782
2026-09-06,str_8969baac75,break3_h20_sp500,streak_break,dead,0.027,0.355
2026-09-06,str_8bc1b7d951,down3_h20_sp500,streak_down,dead,0.081,0.941
2026-09-06,str_8c2a185099,down5_h1_sp500,streak_down,dead,0.26,0.019
2026-09-06,str_947583c00a,break5_h20_nasdaq,streak_break,dead,0.207,0.804
2026-09-06,str_9638e678bf,down4_h20_sp500,streak_down,dead,0.46,0.052
2026-09-06,str_a754f69e1f,break5_h20_sp500,streak_break,dead,0.481,0.918
2026-09-06,str_b2f9430e92,down5_h1_nasdaq,streak_down,dead,0.725,0.172
2026-09-06,str_b6d73df6b9,down5_h5_sp500,streak_down,dead,0.562,0.032
2026-09-06,str_b725749b5b,down3_h1_sp500,streak_down,dead,0.301,0.064
2026-09-06,str_b847620031,down4_h5_sp500,streak_down,dead,0.97,0.054
2026-09-06,str_b8d9734d1a,down4_h20_nasdaq,streak_down,dead,0.254,0.808
2026-09-06,str_b916af0ac0,down4_h5_nasdaq,streak_down,dead,0.267,0.043
2026-09-06,str_baa87542e8,down5_h20_nasdaq,streak_down,dead,0.211,0.398
2026-09-06,str_be41d45643,down3_h5_nasdaq,streak_down,dead,0.003,0.803
2026-09-06,str_be73a914d2,down4_h1_sp500,streak_down,dead,0.753,0.162
2026-09-06,str_df987e7acf,break3_h1_sp500,streak_break,dead,0.082,0.188
2026-09-06,str_eaadd5b6d1,break5_h1_nasdaq,streak_break,dead,0.629,0.156
2026-09-06,str_ecf1394eae,break3_h20_nasdaq,streak_break,dead,0.016,0.188
2026-09-06,tra_085bba7150,n504_h126_low_sp500,trailing_extreme,dead,0.797,0.9194
2026-09-06,tra_089dcbd8a1,n252_h126_high_nasdaq,trailing_extreme,dead,0.152,0.217
2026-09-06,tra_1f25b3bd0f,n126_h63_high_nasdaq,trailing_extreme,dead,0.632,0.546
2026-09-06,tra_22e8f33640,n126_h63_low_sp500,trailing_extreme,dead,0.921,0.354
2026-09-06,tra_4ced8af588,n252_h126_high_sp500,trailing_extreme,dead,0.092,0.093
2026-09-06,tra_5711325073,n504_h126_high_sp500,trailing_extreme,dead,0.546,0.019
2026-09-06,tra_9006717c86,n63_h21_low_nasdaq,trailing_extreme,dead,0.474,0.157
2026-09-06,tra_93edbbb9e4,n63_h21_high_sp500,trailing_extreme,dead,0.233,0.207
2026-09-06,tra_a60deafb82,n63_h21_high_nasdaq,trailing_extreme,dead,0.268,0.847
2026-09-06,tra_ace02affa1,n63_h21_low_sp500,trailing_extreme,dead,0.254,0.637
2026-09-06,tra_c5a6e7707e,n126_h63_low_nasdaq,trailing_extreme,dead,0.161,0.005
2026-09-06,tra_c802f55825,n252_h126_low_nasdaq,trailing_extreme,dead,0.437,0.3382
2026-09-06,tra_e355b4c138,n252_h126_low_sp500,trailing_extreme,dead,0.957,0.613
2026-09-06,tra_f8f8b8c0db,n126_h63_high_sp500,trailing_extreme,dead,0.368,0.014
2026-09-07,cal_021d07d02a,monthof_10_sp500,calendar,dead,0.924076,0.497502
2026-09-07,cal_02b889c7e0,monthof_8_sp500,calendar,dead,0.957043,0.712288
2026-09-07,cal_05facdcc22,quarter_end_sp500,calendar,dead,0.765235,0.74026
2026-09-07,cal_0662569f50,monthof_12_nasdaq,calendar,dead,0.51049,0.662338
2026-09-07,cal_116d0565a8,quarter_end_nasdaq,calendar,dead,0.84016,0.477522
2026-09-07,cal_11bf800cae,world_cup_year_nasdaq,calendar,survive,0.000999,0.098901
2026-09-07,cal_146a3e8961,dow_nasdaq,calendar,faded,0.000999,0.617383
2026-09-07,cal_19104677ae,monthof_6_sp500,calendar,dead,0.803197,0.448551
2026-09-07,cal_216be59585,monthof_11_nasdaq,calendar,dead,0.177822,0.364635
2026-09-07,cal_2a991b85ee,sell_in_may_nasdaq,calendar,dead,0.022977,0.52048
2026-09-07,cal_2bf2b4d53f,monthof_9_sp500,calendar,survive,0.000999,0.065934
2026-09-07,cal_2de632e38b,monthof_6_nasdaq,calendar,dead,0.995005,0.856144
2026-09-07,cal_2e5f17d421,month_nasdaq,calendar,inconclusive,0.30969,0.588412
2026-09-07,cal_2e7a9a5ca1,monthof_3_sp500,calendar,dead,0.666334,0.77023
2026-09-07,cal_345031f898,monthof_5_nasdaq,calendar,dead,0.627373,0.614386
2026-09-07,cal_398f5c0e31,opex_week_nasdaq,calendar,dead,0.595405,0.651349
2026-09-07,cal_433ee46bbe,opex_week_sp500,calendar,dead,0.224775,0.666334
2026-09-07,cal_456e8c2d5e,monthof_12_sp500,calendar,dead,0.220779,0.974026
2026-09-07,cal_4a891b25f0,monthof_8_nasdaq,calendar,dead,0.357642,0.881119
2026-09-07,cal_4aa242d26e,monthof_5_sp500,calendar,dead,0.267732,0.845155
2026-09-07,cal_4bf363bd79,monthof_7_sp500,calendar,dead,0.074925,0.384615
2026-09-07,cal_527d0ae2db,monthof_1_nasdaq,calendar,dead,0.063936,0.927073
2026-09-07,cal_579e6e1355,monthof_2_nasdaq,calendar,dead,0.424575,0.302697
2026-09-07,cal_597774dc60,monthof_1_sp500,calendar,dead,0.283716,0.54046
2026-09-07,cal_5a22160179,turn_of_month_sp500,calendar,faded,0.000999,0.192807
2026-09-07,cal_6a08a2ccb6,pre_holiday_nasdaq,calendar,dead,0.14985,0.212787
2026-09-07,cal_6ebedbd943,monthof_10_nasdaq,calendar,dead,0.697303,0.396603
2026-09-07,cal_6f4b839635,pre_fomc_nasdaq,calendar,dead,0.257742,0.285714
2026-09-07,cal_7114c0729a,month_sp500,calendar,inconclusive,0.021978,0.164835
2026-09-07,cal_7738ecb1bc,turn_of_month_nasdaq,calendar,faded,0.000999,0.12987
2026-09-07,cal_79870937ed,world_cup_year_sp500,calendar,dead,0.016983,0.163836
2026-09-07,cal_7ded9a48d4,monthof_2_sp500,calendar,dead,0.176823,0.250749
2026-09-07,cal_82e1f1d8c9,pre_holiday_sp500,calendar,dead,0.08991,0.15984
2026-09-07,cal_85cc7cc6d7,dow_sp500,calendar,faded,0.000999,0.83017
2026-09-07,cal_8669d8c09d,monthof_11_sp500,calendar,dead,0.418581,0.155844
2026-09-07,cal_87670427d9,january_sp500,calendar,dead,0.147852,0.726274
2026-09-07,cal_8d5125126b,term_year3_sp500,calendar,inconclusive,0.04995,
2026-09-07,cal_8fe611a742,santa_nasdaq,calendar,dead,0.007992,0.203796
2026-09-07,cal_94c08fa012,santa_sp500,calendar,faded,0.000999,0.214785
2026-09-07,cal_ba8471031e,pre_fomc_sp500,calendar,dead,0.170829,0.146853
2026-09-07,cal_bbcc723bdf,decade_digit_sp500,calendar,inconclusive,0.163836,
2026-09-07,cal_bc77212229,sell_in_may_sp500,calendar,dead,0.073926,0.217782
2026-09-07,cal_c3a33a6db5,monthof_4_sp500,calendar,dead,0.228771,0.197802
2026-09-07,cal_c8b0832b2e,monthof_7_nasdaq,calendar,dead,0.836164,0.586414
2026-09-07,cal_d4de5634d3,september_nasdaq,calendar,dead,0.005994,0.030969
2026-09-07,cal_e041ed5979,monthof_3_nasdaq,calendar,dead,0.577423,0.796204
2026-09-07,cal_e3052fad5c,monthof_4_nasdaq,calendar,dead,0.41958,0.512488
2026-09-07,cal_ec09c00a99,presidential_cycle_sp500,calendar,inconclusive,0.300699,
2026-09-07,cal_f70ee53794,monthof_9_nasdaq,calendar,dead,0.01998,0.041958
2026-09-07,cal_f80dd36a7a,january_nasdaq,calendar,dead,0.023976,0.490509
2026-09-07,cal_f923f81493,september_sp500,calendar,survive,0.000999,0.038961
2026-09-07,fac_4beec74249,BTC_mom20_neg,factor,dead,0.005,0.003
2026-09-07,fac_70486895ee,dxy_rising,factor,dead,0.44,0.734
2026-09-07,fac_7578b1d58f,vix_backwardation,factor,dead,0.855,0.593
2026-09-07,fac_778b84a969,NASDAQ_mom20_neg,factor,dead,0.048,0.535
2026-09-07,fac_79cf4a9a7b,NASDAQ_above_ma200,factor,dead,0.01,0.084
2026-09-07,fac_a1bf6a105c,nasdaq_rsi_overbought,factor,dead,0.313,0.401
2026-09-07,fac_ab89704768,nasdaq_high_vol,factor,dead,0.004,0.924
2026-09-07,fac_bed960d3e2,NASDAQ_mom20_pos,factor,dead,0.406,0.625
2026-09-07,fac_c872e5eb69,BTC_above_ma200,factor,dead,0.126,0.09
2026-09-07,fac_cc60102eac,dxy_falling,factor,dead,0.744,0.859
2026-09-07,fac_d738a0c3fd,nasdaq_low_vol,factor,dead,0.257,0.608
2026-09-07,fac_d8a4f38258,overnight_mom_neg,factor,dead,0.341,0.369
2026-09-07,fac_dcbd9f57b5,overnight_mom_pos,factor,dead,0.341,0.369
2026-09-07,fac_e2be6309e8,nasdaq_rsi_oversold,factor,dead,0.63,0.493
2026-09-07,fac_f834dcf2c0,BTC_mom20_pos,factor,survive,0.0,0.0
2026-09-07,opt_13e0620c3f,total_pc_lo_h10,options_sentiment,dead,0.734,0.734
2026-09-07,opt_2bdac60949,total_pc_hi_h10,options_sentiment,dead,0.859,0.859
2026-09-07,opt_6b7c040f34,equity_pc_hi_h20,options_sentiment,dead,0.974,0.974
2026-09-07,opt_706c7e01ed,equity_pc_lo_h20,options_sentiment,dead,0.145,0.145
2026-09-07,opt_aad2768b05,total_pc_hi_h20,options_sentiment,dead,0.417,0.417
2026-09-07,opt_c8998dbbe6,equity_pc_lo_h10,options_sentiment,dead,0.712,0.712
2026-09-07,opt_d6053cc7a0,total_pc_lo_h20,options_sentiment,dead,0.303,0.303
2026-09-07,opt_f09bd225c9,equity_pc_hi_h10,options_sentiment,dead,0.587,0.587
2026-09-07,pos_0e8203cb20,legacy_noncomm_pct_oi_hi_h20_sp500,positioning,dead,0.772,0.772
2026-09-07,pos_3b1f2f7be5,legacy_noncomm_pct_oi_lo_h60_nasdaq100,positioning,survive,0.0,0.0
2026-09-07,pos_4503921189,legacy_noncomm_pct_oi_lo_h20_sp500,positioning,dead,0.307,0.307
2026-09-07,pos_46e606b679,tff_lev_net_pct_oi_hi_h60_sp500,positioning,dead,0.841,0.841
2026-09-07,pos_4f52a87fc8,tff_lev_net_pct_oi_hi_h20_sp500,positioning,dead,0.657,0.657
2026-09-07,pos_5618fa6478,tff_lev_net_pct_oi_lo_h60_nasdaq100,positioning,dead,0.005,0.005
2026-09-07,pos_566a8459e8,tff_lev_net_pct_oi_lo_h20_nasdaq100,positioning,dead,0.404,0.404
2026-09-07,pos_69b292d2ff,legacy_noncomm_pct_oi_lo_h20_nasdaq100,positioning,dead,0.118,0.118
2026-09-07,pos_74c61491cb,legacy_noncomm_pct_oi_hi_h20_nasdaq100,positioning,dead,0.228,0.228
2026-09-07,pos_771e2a7ea4,tff_lev_net_pct_oi_lo_h20_sp500,positioning,dead,0.014,0.014
2026-09-07,pos_951ab21851,tff_lev_net_pct_oi_lo_h60_sp500,positioning,dead,0.19,0.19
2026-09-07,pos_ad633d4d56,tff_lev_net_pct_oi_hi_h60_nasdaq100,positioning,dead,0.105,0.105
2026-09-07,pos_c5297400c9,legacy_noncomm_pct_oi_lo_h60_sp500,positioning,dead,0.634,0.634
2026-09-07,pos_d898f33d4c,tff_lev_net_pct_oi_hi_h20_nasdaq100,positioning,dead,0.194,0.194
2026-09-07,pos_f7aa0cde34,legacy_noncomm_pct_oi_hi_h60_sp500,positioning,dead,0.488,0.488
2026-09-07,pos_fb69e287a1,legacy_noncomm_pct_oi_hi_h60_nasdaq100,positioning,dead,0.925,0.925
2026-09-07,reb_018df927fb,p1_h5_sp500,rebound,dead,0.269,0.595
2026-09-07,reb_0b54f655e4,p10_h1_nasdaq,rebound,faded,0.0,0.342
2026-09-07,reb_183bf3c31c,p5_h1_sp500,rebound,dead,0.93,0.225
2026-09-07,reb_2617209d72,p10_h5_nasdaq,rebound,faded,0.0,0.181
2026-09-07,reb_2b218993db,p1_h5_nasdaq,rebound,dead,0.515,0.814
2026-09-07,reb_7155c924ca,p10_h1_sp500,rebound,dead,0.284,0.075
2026-09-07,reb_7e3e4a8d62,p1_h1_sp500,rebound,dead,0.246,0.527
2026-09-07,reb_8055fe6f4a,p1_h1_nasdaq,rebound,dead,0.182,0.425
2026-09-07,reb_91f1615526,p10_h5_sp500,rebound,dead,0.038,0.654
2026-09-07,reb_9adb2feef5,p5_h1_nasdaq,rebound,survive,0.0,0.082
2026-09-07,reb_b016e921c3,p5_h5_sp500,rebound,dead,0.323,0.767
2026-09-07,reb_b61bcf84d2,p5_h5_nasdaq,rebound,dead,0.039,0.069
2026-09-07,reg_74448026aa,golden_cross_sp500,regime,survive,0.001,0.018
2026-09-07,reg_9c0efb465b,golden_cross_nasdaq,regime,dead,0.059,0.069
2026-09-07,str_104f8d7bd8,break3_h1_nasdaq,streak_break,dead,0.851,0.466
2026-09-07,str_10ce6fe56e,down4_h1_nasdaq,streak_down,dead,0.004,0.73
2026-09-07,str_1560c11bbd,break5_h5_nasdaq,streak_break,dead,0.812,0.329
2026-09-07,str_16775f1703,break3_h5_nasdaq,streak_break,dead,0.62,0.522
2026-09-07,str_1b6fe1e8ca,down3_h5_sp500,streak_down,dead,0.209,0.942
2026-09-07,str_36b9f79448,down3_h1_nasdaq,streak_down,dead,0.031,0.504
2026-09-07,str_4320d0a275,break3_h5_sp500,streak_break,dead,0.823,0.447
2026-09-07,str_43ea43f9bc,down3_h20_nasdaq,streak_down,dead,0.01,0.159
2026-09-07,str_5824ee8bd5,break5_h5_sp500,streak_break,dead,0.908,0.817
2026-09-07,str_79e97ed91e,down5_h5_nasdaq,streak_down,dead,0.046,0.05
2026-09-07,str_7fd52c09bf,down5_h20_sp500,streak_down,dead,0.812,0.111
2026-09-07,str_7ff66aade6,break5_h1_sp500,streak_break,dead,0.279,0.782
2026-09-07,str_8969baac75,break3_h20_sp500,streak_break,dead,0.027,0.355
2026-09-07,str_8bc1b7d951,down3_h20_sp500,streak_down,dead,0.081,0.941
2026-09-07,str_8c2a185099,down5_h1_sp500,streak_down,dead,0.26,0.019
2026-09-07,str_947583c00a,break5_h20_nasdaq,streak_break,dead,0.207,0.804
2026-09-07,str_9638e678bf,down4_h20_sp500,streak_down,dead,0.46,0.052
2026-09-07,str_a754f69e1f,break5_h20_sp500,streak_break,dead,0.481,0.918
2026-09-07,str_b2f9430e92,down5_h1_nasdaq,streak_down,dead,0.725,0.172
2026-09-07,str_b6d73df6b9,down5_h5_sp500,streak_down,dead,0.562,0.032
2026-09-07,str_b725749b5b,down3_h1_sp500,streak_down,dead,0.301,0.064
2026-09-07,str_b847620031,down4_h5_sp500,streak_down,dead,0.97,0.054
2026-09-07,str_b8d9734d1a,down4_h20_nasdaq,streak_down,dead,0.254,0.808
2026-09-07,str_b916af0ac0,down4_h5_nasdaq,streak_down,dead,0.267,0.043
2026-09-07,str_baa87542e8,down5_h20_nasdaq,streak_down,dead,0.211,0.398
2026-09-07,str_be41d45643,down3_h5_nasdaq,streak_down,dead,0.003,0.803
2026-09-07,str_be73a914d2,down4_h1_sp500,streak_down,dead,0.753,0.162
2026-09-07,str_df987e7acf,break3_h1_sp500,streak_break,dead,0.082,0.188
2026-09-07,str_eaadd5b6d1,break5_h1_nasdaq,streak_break,dead,0.629,0.156
2026-09-07,str_ecf1394eae,break3_h20_nasdaq,streak_break,dead,0.016,0.188
2026-09-07,tra_085bba7150,n504_h126_low_sp500,trailing_extreme,dead,0.797,0.9194
2026-09-07,tra_089dcbd8a1,n252_h126_high_nasdaq,trailing_extreme,dead,0.152,0.217
2026-09-07,tra_1f25b3bd0f,n126_h63_high_nasdaq,trailing_extreme,dead,0.632,0.546
2026-09-07,tra_22e8f33640,n126_h63_low_sp500,trailing_extreme,dead,0.921,0.354
2026-09-07,tra_4ced8af588,n252_h126_high_sp500,trailing_extreme,dead,0.092,0.093
2026-09-07,tra_5711325073,n504_h126_high_sp500,trailing_extreme,dead,0.546,0.019
2026-09-07,tra_9006717c86,n63_h21_low_nasdaq,trailing_extreme,dead,0.474,0.157
2026-09-07,tra_93edbbb9e4,n63_h21_high_sp500,trailing_extreme,dead,0.233,0.207
2026-09-07,tra_a60deafb82,n63_h21_high_nasdaq,trailing_extreme,dead,0.268,0.847
2026-09-07,tra_ace02affa1,n63_h21_low_sp500,trailing_extreme,dead,0.254,0.637
2026-09-07,tra_c5a6e7707e,n126_h63_low_nasdaq,trailing_extreme,dead,0.161,0.005
2026-09-07,tra_c802f55825,n252_h126_low_nasdaq,trailing_extreme,dead,0.437,0.3382
2026-09-07,tra_e355b4c138,n252_h126_low_sp500,trailing_extreme,dead,0.957,0.613
2026-09-07,tra_f8f8b8c0db,n126_h63_high_sp500,trailing_extreme,dead,0.368,0.014
2026-09-08,cal_021d07d02a,monthof_10_sp500,calendar,dead,0.931069,0.514486
2026-09-08,cal_02b889c7e0,monthof_8_sp500,calendar,dead,0.962038,0.706294
2026-09-08,cal_05facdcc22,quarter_end_sp500,calendar,dead,0.777223,0.71029
2026-09-08,cal_0662569f50,monthof_12_nasdaq,calendar,dead,0.537463,0.678322
2026-09-08,cal_116d0565a8,quarter_end_nasdaq,calendar,dead,0.846154,0.483516
2026-09-08,cal_11bf800cae,world_cup_year_nasdaq,calendar,survive,0.000999,0.098901
2026-09-08,cal_146a3e8961,dow_nasdaq,calendar,faded,0.000999,0.641359
2026-09-08,cal_19104677ae,monthof_6_sp500,calendar,dead,0.827173,0.4995
2026-09-08,cal_216be59585,monthof_11_nasdaq,calendar,dead,0.168831,0.372627
2026-09-08,cal_2a991b85ee,sell_in_may_nasdaq,calendar,dead,0.030969,0.504496
2026-09-08,cal_2bf2b4d53f,monthof_9_sp500,calendar,survive,0.000999,0.052947
2026-09-08,cal_2de632e38b,monthof_6_nasdaq,calendar,dead,0.993007,0.872128
2026-09-08,cal_2e5f17d421,month_nasdaq,calendar,inconclusive,0.307692,0.588412
2026-09-08,cal_2e7a9a5ca1,monthof_3_sp500,calendar,dead,0.665335,0.761239
2026-09-08,cal_345031f898,monthof_5_nasdaq,calendar,dead,0.637363,0.626374
2026-09-08,cal_398f5c0e31,opex_week_nasdaq,calendar,dead,0.588412,0.666334
2026-09-08,cal_433ee46bbe,opex_week_sp500,calendar,dead,0.241758,0.654346
2026-09-08,cal_456e8c2d5e,monthof_12_sp500,calendar,dead,0.20979,0.976024
2026-09-08,cal_4a891b25f0,monthof_8_nasdaq,calendar,dead,0.346653,0.898102
2026-09-08,cal_4aa242d26e,monthof_5_sp500,calendar,dead,0.26973,0.838162
2026-09-08,cal_4bf363bd79,monthof_7_sp500,calendar,dead,0.067932,0.420579
2026-09-08,cal_527d0ae2db,monthof_1_nasdaq,calendar,dead,0.048951,0.95005
2026-09-08,cal_579e6e1355,monthof_2_nasdaq,calendar,dead,0.434565,0.317682
2026-09-08,cal_597774dc60,monthof_1_sp500,calendar,dead,0.290709,0.491508
2026-09-08,cal_5a22160179,turn_of_month_sp500,calendar,faded,0.000999,0.194805
2026-09-08,cal_6a08a2ccb6,pre_holiday_nasdaq,calendar,dead,0.13986,0.213786
2026-09-08,cal_6ebedbd943,monthof_10_nasdaq,calendar,dead,0.678322,0.381618
2026-09-08,cal_6f4b839635,pre_fomc_nasdaq,calendar,dead,0.283716,0.281718
2026-09-08,cal_7114c0729a,month_sp500,calendar,inconclusive,0.020979,0.161838
2026-09-08,cal_7738ecb1bc,turn_of_month_nasdaq,calendar,faded,0.000999,0.147852
2026-09-08,cal_79870937ed,world_cup_year_sp500,calendar,dead,0.016983,0.163836
2026-09-08,cal_7ded9a48d4,monthof_2_sp500,calendar,dead,0.163836,0.254745
2026-09-08,cal_82e1f1d8c9,pre_holiday_sp500,calendar,dead,0.078921,0.171828
2026-09-08,cal_85cc7cc6d7,dow_sp500,calendar,faded,0.000999,0.836164
2026-09-08,cal_8669d8c09d,monthof_11_sp500,calendar,dead,0.407592,0.143856
2026-09-08,cal_87670427d9,january_sp500,calendar,dead,0.146853,0.739261
2026-09-08,cal_8d5125126b,term_year3_sp500,calendar,inconclusive,0.04995,
2026-09-08,cal_8fe611a742,santa_nasdaq,calendar,dead,0.00999,0.224775
2026-09-08,cal_94c08fa012,santa_sp500,calendar,faded,0.000999,0.211788
2026-09-08,cal_ba8471031e,pre_fomc_sp500,calendar,dead,0.127872,0.141858
2026-09-08,cal_bbcc723bdf,decade_digit_sp500,calendar,inconclusive,0.163836,
2026-09-08,cal_bc77212229,sell_in_may_sp500,calendar,dead,0.086913,0.215784
2026-09-08,cal_c3a33a6db5,monthof_4_sp500,calendar,dead,0.191808,0.235764
2026-09-08,cal_c8b0832b2e,monthof_7_nasdaq,calendar,dead,0.828172,0.581419
2026-09-08,cal_d4de5634d3,september_nasdaq,calendar,dead,0.010989,0.024975
2026-09-08,cal_e041ed5979,monthof_3_nasdaq,calendar,dead,0.59041,0.759241
2026-09-08,cal_e3052fad5c,monthof_4_nasdaq,calendar,dead,0.422577,0.521479
2026-09-08,cal_ec09c00a99,presidential_cycle_sp500,calendar,inconclusive,0.300699,
2026-09-08,cal_f70ee53794,monthof_9_nasdaq,calendar,dead,0.00999,0.054945
2026-09-08,cal_f80dd36a7a,january_nasdaq,calendar,dead,0.01998,0.486513
2026-09-08,cal_f923f81493,september_sp500,calendar,dead,0.001998,0.033966
2026-09-08,fac_4beec74249,BTC_mom20_neg,factor,dead,0.005,0.002
2026-09-08,fac_70486895ee,dxy_rising,factor,dead,0.442,0.741
2026-09-08,fac_7578b1d58f,vix_backwardation,factor,dead,0.865,0.601
2026-09-08,fac_778b84a969,NASDAQ_mom20_neg,factor,dead,0.049,0.539
2026-09-08,fac_79cf4a9a7b,NASDAQ_above_ma200,factor,dead,0.013,0.089
2026-09-08,fac_a1bf6a105c,nasdaq_rsi_overbought,factor,dead,0.337,0.408
2026-09-08,fac_ab89704768,nasdaq_high_vol,factor,dead,0.004,0.901
2026-09-08,fac_bed960d3e2,NASDAQ_mom20_pos,factor,dead,0.418,0.612
2026-09-08,fac_c872e5eb69,BTC_above_ma200,factor,dead,0.125,0.08
2026-09-08,fac_cc60102eac,dxy_falling,factor,dead,0.735,0.854
2026-09-08,fac_d738a0c3fd,nasdaq_low_vol,factor,dead,0.257,0.634
2026-09-08,fac_d8a4f38258,overnight_mom_neg,factor,dead,0.338,0.359
2026-09-08,fac_dcbd9f57b5,overnight_mom_pos,factor,dead,0.338,0.359
2026-09-08,fac_e2be6309e8,nasdaq_rsi_oversold,factor,dead,0.633,0.508
2026-09-08,fac_f834dcf2c0,BTC_mom20_pos,factor,survive,0.0,0.0
2026-09-08,opt_13e0620c3f,total_pc_lo_h10,options_sentiment,dead,0.734,0.734
2026-09-08,opt_2bdac60949,total_pc_hi_h10,options_sentiment,dead,0.859,0.859
2026-09-08,opt_6b7c040f34,equity_pc_hi_h20,options_sentiment,dead,0.974,0.974
2026-09-08,opt_706c7e01ed,equity_pc_lo_h20,options_sentiment,dead,0.145,0.145
2026-09-08,opt_aad2768b05,total_pc_hi_h20,options_sentiment,dead,0.417,0.417
2026-09-08,opt_c8998dbbe6,equity_pc_lo_h10,options_sentiment,dead,0.712,0.712
2026-09-08,opt_d6053cc7a0,total_pc_lo_h20,options_sentiment,dead,0.303,0.303
2026-09-08,opt_f09bd225c9,equity_pc_hi_h10,options_sentiment,dead,0.587,0.587
2026-09-08,pos_0e8203cb20,legacy_noncomm_pct_oi_hi_h20_sp500,positioning,dead,0.767,0.767
2026-09-08,pos_3b1f2f7be5,legacy_noncomm_pct_oi_lo_h60_nasdaq100,positioning,survive,0.0,0.0
2026-09-08,pos_4503921189,legacy_noncomm_pct_oi_lo_h20_sp500,positioning,dead,0.306,0.306
2026-09-08,pos_46e606b679,tff_lev_net_pct_oi_hi_h60_sp500,positioning,dead,0.839,0.839
2026-09-08,pos_4f52a87fc8,tff_lev_net_pct_oi_hi_h20_sp500,positioning,dead,0.672,0.672
2026-09-08,pos_5618fa6478,tff_lev_net_pct_oi_lo_h60_nasdaq100,positioning,dead,0.009,0.009
2026-09-08,pos_566a8459e8,tff_lev_net_pct_oi_lo_h20_nasdaq100,positioning,dead,0.423,0.423
2026-09-08,pos_69b292d2ff,legacy_noncomm_pct_oi_lo_h20_nasdaq100,positioning,dead,0.12,0.12
2026-09-08,pos_74c61491cb,legacy_noncomm_pct_oi_hi_h20_nasdaq100,positioning,dead,0.227,0.227
2026-09-08,pos_771e2a7ea4,tff_lev_net_pct_oi_lo_h20_sp500,positioning,dead,0.014,0.014
2026-09-08,pos_951ab21851,tff_lev_net_pct_oi_lo_h60_sp500,positioning,dead,0.197,0.197
2026-09-08,pos_ad633d4d56,tff_lev_net_pct_oi_hi_h60_nasdaq100,positioning,dead,0.107,0.107
2026-09-08,pos_c5297400c9,legacy_noncomm_pct_oi_lo_h60_sp500,positioning,dead,0.632,0.632
2026-09-08,pos_d898f33d4c,tff_lev_net_pct_oi_hi_h20_nasdaq100,positioning,dead,0.2,0.2
2026-09-08,pos_f7aa0cde34,legacy_noncomm_pct_oi_hi_h60_sp500,positioning,dead,0.489,0.489
2026-09-08,pos_fb69e287a1,legacy_noncomm_pct_oi_hi_h60_nasdaq100,positioning,dead,0.922,0.922
2026-09-08,reb_018df927fb,p1_h5_sp500,rebound,dead,0.253,0.608
2026-09-08,reb_0b54f655e4,p10_h1_nasdaq,rebound,faded,0.0,0.375
2026-09-08,reb_183bf3c31c,p5_h1_sp500,rebound,dead,0.946,0.233
2026-09-08,reb_2617209d72,p10_h5_nasdaq,rebound,faded,0.0,0.172
2026-09-08,reb_2b218993db,p1_h5_nasdaq,rebound,dead,0.531,0.804
2026-09-08,reb_7155c924ca,p10_h1_sp500,rebound,dead,0.253,0.07
2026-09-08,reb_7e3e4a8d62,p1_h1_sp500,rebound,dead,0.231,0.558
2026-09-08,reb_8055fe6f4a,p1_h1_nasdaq,rebound,dead,0.203,0.443
2026-09-08,reb_91f1615526,p10_h5_sp500,rebound,dead,0.041,0.65
2026-09-08,reb_9adb2feef5,p5_h1_nasdaq,rebound,survive,0.0,0.089
2026-09-08,reb_b016e921c3,p5_h5_sp500,rebound,dead,0.319,0.737
2026-09-08,reb_b61bcf84d2,p5_h5_nasdaq,rebound,dead,0.035,0.078
2026-09-08,reg_74448026aa,golden_cross_sp500,regime,survive,0.001,0.019
2026-09-08,reg_9c0efb465b,golden_cross_nasdaq,regime,dead,0.055,0.066
2026-09-08,str_104f8d7bd8,break3_h1_nasdaq,streak_break,dead,0.831,0.485
2026-09-08,str_10ce6fe56e,down4_h1_nasdaq,streak_down,faded,0.001,0.752
2026-09-08,str_1560c11bbd,break5_h5_nasdaq,streak_break,dead,0.814,0.333
2026-09-08,str_16775f1703,break3_h5_nasdaq,streak_break,dead,0.606,0.523
2026-09-08,str_1b6fe1e8ca,down3_h5_sp500,streak_down,dead,0.214,0.946
2026-09-08,str_36b9f79448,down3_h1_nasdaq,streak_down,dead,0.04,0.446
2026-09-08,str_4320d0a275,break3_h5_sp500,streak_break,dead,0.813,0.443
2026-09-08,str_43ea43f9bc,down3_h20_nasdaq,streak_down,dead,0.006,0.168
2026-09-08,str_5824ee8bd5,break5_h5_sp500,streak_break,dead,0.903,0.813
2026-09-08,str_79e97ed91e,down5_h5_nasdaq,streak_down,dead,0.052,0.056
2026-09-08,str_7fd52c09bf,down5_h20_sp500,streak_down,dead,0.812,0.111
2026-09-08,str_7ff66aade6,break5_h1_sp500,streak_break,dead,0.259,0.72
2026-09-08,str_8969baac75,break3_h20_sp500,streak_break,dead,0.029,0.356
2026-09-08,str_8bc1b7d951,down3_h20_sp500,streak_down,dead,0.091,0.965
2026-09-08,str_8c2a185099,down5_h1_sp500,streak_down,dead,0.299,0.017
2026-09-08,str_947583c00a,break5_h20_nasdaq,streak_break,dead,0.201,0.808
2026-09-08,str_9638e678bf,down4_h20_sp500,streak_down,dead,0.45,0.05
2026-09-08,str_a754f69e1f,break5_h20_sp500,streak_break,dead,0.492,0.914
2026-09-08,str_b2f9430e92,down5_h1_nasdaq,streak_down,dead,0.711,0.168
2026-09-08,str_b6d73df6b9,down5_h5_sp500,streak_down,dead,0.561,0.032
2026-09-08,str_b725749b5b,down3_h1_sp500,streak_down,dead,0.328,0.056
2026-09-08,str_b847620031,down4_h5_sp500,streak_down,dead,0.992,0.065
2026-09-08,str_b8d9734d1a,down4_h20_nasdaq,streak_down,dead,0.251,0.828
2026-09-08,str_b916af0ac0,down4_h5_nasdaq,streak_down,dead,0.27,0.047
2026-09-08,str_baa87542e8,down5_h20_nasdaq,streak_down,dead,0.201,0.414
2026-09-08,str_be41d45643,down3_h5_nasdaq,streak_down,dead,0.011,0.822
2026-09-08,str_be73a914d2,down4_h1_sp500,streak_down,dead,0.731,0.159
2026-09-08,str_df987e7acf,break3_h1_sp500,streak_break,dead,0.08,0.193
2026-09-08,str_eaadd5b6d1,break5_h1_nasdaq,streak_break,dead,0.624,0.158
2026-09-08,str_ecf1394eae,break3_h20_nasdaq,streak_break,dead,0.012,0.206
2026-09-08,tra_085bba7150,n504_h126_low_sp500,trailing_extreme,dead,0.788,0.9184
2026-09-08,tra_089dcbd8a1,n252_h126_high_nasdaq,trailing_extreme,dead,0.151,0.216
2026-09-08,tra_1f25b3bd0f,n126_h63_high_nasdaq,trailing_extreme,dead,0.632,0.546
2026-09-08,tra_22e8f33640,n126_h63_low_sp500,trailing_extreme,dead,0.924,0.353
2026-09-08,tra_4ced8af588,n252_h126_high_sp500,trailing_extreme,dead,0.095,0.095
2026-09-08,tra_5711325073,n504_h126_high_sp500,trailing_extreme,dead,0.536,0.018
2026-09-08,tra_9006717c86,n63_h21_low_nasdaq,trailing_extreme,dead,0.483,0.161
2026-09-08,tra_93edbbb9e4,n63_h21_high_sp500,trailing_extreme,dead,0.245,0.204
2026-09-08,tra_a60deafb82,n63_h21_high_nasdaq,trailing_extreme,dead,0.271,0.852
2026-09-08,tra_ace02affa1,n63_h21_low_sp500,trailing_extreme,dead,0.254,0.634
2026-09-08,tra_c5a6e7707e,n126_h63_low_nasdaq,trailing_extreme,dead,0.164,0.004
2026-09-08,tra_c802f55825,n252_h126_low_nasdaq,trailing_extreme,dead,0.436,0.3372
2026-09-08,tra_e355b4c138,n252_h126_low_sp500,trailing_extreme,dead,0.963,0.613
2026-09-08,tra_f8f8b8c0db,n126_h63_high_sp500,trailing_extreme,dead,0.373,0.014
2026-09-09,cal_021d07d02a,monthof_10_sp500,calendar,dead,0.917083,0.511489
2026-09-09,cal_02b889c7e0,monthof_8_sp500,calendar,dead,0.962038,0.721279
2026-09-09,cal_05facdcc22,quarter_end_sp500,calendar,dead,0.797203,0.696304
2026-09-09,cal_0662569f50,monthof_12_nasdaq,calendar,dead,0.507493,0.663337
2026-09-09,cal_116d0565a8,quarter_end_nasdaq,calendar,dead,0.925075,0.412587
2026-09-09,cal_11bf800cae,world_cup_year_nasdaq,calendar,survive,0.000999,0.098901
2026-09-09,cal_146a3e8961,dow_nasdaq,calendar,faded,0.000999,0.64036
2026-09-09,cal_19104677ae,monthof_6_sp500,calendar,dead,0.807193,0.491508
2026-09-09,cal_216be59585,monthof_11_nasdaq,calendar,dead,0.167832,0.356643
2026-09-09,cal_2a991b85ee,sell_in_may_nasdaq,calendar,dead,0.03996,0.511489
2026-09-09,cal_2bf2b4d53f,monthof_9_sp500,calendar,survive,0.000999,0.05994
2026-09-09,cal_2de632e38b,monthof_6_nasdaq,calendar,dead,0.995005,0.873127
2026-09-09,cal_2e5f17d421,month_nasdaq,calendar,inconclusive,0.300699,0.58042
2026-09-09,cal_2e7a9a5ca1,monthof_3_sp500,calendar,dead,0.666334,0.754246
2026-09-09,cal_345031f898,monthof_5_nasdaq,calendar,dead,0.612388,0.618382
2026-09-09,cal_398f5c0e31,opex_week_nasdaq,calendar,dead,0.573427,0.667333
2026-09-09,cal_433ee46bbe,opex_week_sp500,calendar,dead,0.226773,0.643357
2026-09-09,cal_456e8c2d5e,monthof_12_sp500,calendar,dead,0.20979,0.979021
2026-09-09,cal_4a891b25f0,monthof_8_nasdaq,calendar,dead,0.361638,0.889111
2026-09-09,cal_4aa242d26e,monthof_5_sp500,calendar,dead,0.26973,0.836164
2026-09-09,cal_4bf363bd79,monthof_7_sp500,calendar,dead,0.066933,0.420579
2026-09-09,cal_527d0ae2db,monthof_1_nasdaq,calendar,dead,0.044955,0.933067
2026-09-09,cal_579e6e1355,monthof_2_nasdaq,calendar,dead,0.420579,0.306693
2026-09-09,cal_597774dc60,monthof_1_sp500,calendar,dead,0.285714,0.539461
2026-09-09,cal_5a22160179,turn_of_month_sp500,calendar,faded,0.000999,0.225774
2026-09-09,cal_6a08a2ccb6,pre_holiday_nasdaq,calendar,dead,0.118881,0.230769
2026-09-09,cal_6ebedbd943,monthof_10_nasdaq,calendar,dead,0.667333,0.397602
2026-09-09,cal_6f4b839635,pre_fomc_nasdaq,calendar,dead,0.25974,0.294705
2026-09-09,cal_7114c0729a,month_sp500,calendar,inconclusive,0.01998,0.153846
2026-09-09,cal_7738ecb1bc,turn_of_month_nasdaq,calendar,faded,0.000999,0.16983
2026-09-09,cal_79870937ed,world_cup_year_sp500,calendar,dead,0.016983,0.163836
2026-09-09,cal_7ded9a48d4,monthof_2_sp500,calendar,dead,0.184815,0.243756
2026-09-09,cal_82e1f1d8c9,pre_holiday_sp500,calendar,dead,0.078921,0.146853
2026-09-09,cal_85cc7cc6d7,dow_sp500,calendar,faded,0.000999,0.842158
2026-09-09,cal_8669d8c09d,monthof_11_sp500,calendar,dead,0.395604,0.122877
2026-09-09,cal_87670427d9,january_sp500,calendar,dead,0.120879,0.737263
2026-09-09,cal_8d5125126b,term_year3_sp500,calendar,inconclusive,0.04995,
2026-09-09,cal_8fe611a742,santa_nasdaq,calendar,dead,0.006993,0.21978
2026-09-09,cal_94c08fa012,santa_sp500,calendar,faded,0.000999,0.198801
2026-09-09,cal_ba8471031e,pre_fomc_sp500,calendar,dead,0.156843,0.167832
2026-09-09,cal_bbcc723bdf,decade_digit_sp500,calendar,inconclusive,0.163836,
2026-09-09,cal_bc77212229,sell_in_may_sp500,calendar,dead,0.07992,0.24975
2026-09-09,cal_c3a33a6db5,monthof_4_sp500,calendar,dead,0.191808,0.238761
2026-09-09,cal_c8b0832b2e,monthof_7_nasdaq,calendar,dead,0.822178,0.574426
2026-09-09,cal_d4de5634d3,september_nasdaq,calendar,dead,0.006993,0.01998
2026-09-09,cal_e041ed5979,monthof_3_nasdaq,calendar,dead,0.612388,0.801199
2026-09-09,cal_e3052fad5c,monthof_4_nasdaq,calendar,dead,0.424575,0.468531
2026-09-09,cal_ec09c00a99,presidential_cycle_sp500,calendar,inconclusive,0.300699,
2026-09-09,cal_f70ee53794,monthof_9_nasdaq,calendar,dead,0.01998,0.045954
2026-09-09,cal_f80dd36a7a,january_nasdaq,calendar,dead,0.038961,0.433566
2026-09-09,cal_f923f81493,september_sp500,calendar,dead,0.001998,0.033966
2026-09-09,fac_4beec74249,BTC_mom20_neg,factor,dead,0.006,0.003
2026-09-09,fac_70486895ee,dxy_rising,factor,dead,0.441,0.748
2026-09-09,fac_7578b1d58f,vix_backwardation,factor,dead,0.86,0.6
2026-09-09,fac_778b84a969,NASDAQ_mom20_neg,factor,dead,0.046,0.56
2026-09-09,fac_79cf4a9a7b,NASDAQ_above_ma200,factor,dead,0.013,0.084
2026-09-09,fac_a1bf6a105c,nasdaq_rsi_overbought,factor,dead,0.341,0.408
2026-09-09,fac_ab89704768,nasdaq_high_vol,factor,dead,0.005,0.908
2026-09-09,fac_bed960d3e2,NASDAQ_mom20_pos,factor,dead,0.429,0.616
2026-09-09,fac_c872e5eb69,BTC_above_ma200,factor,dead,0.124,0.081
2026-09-09,fac_cc60102eac,dxy_falling,factor,dead,0.737,0.838
2026-09-09,fac_d738a0c3fd,nasdaq_low_vol,factor,dead,0.259,0.629
2026-09-09,fac_d8a4f38258,overnight_mom_neg,factor,dead,0.331,0.358
2026-09-09,fac_dcbd9f57b5,overnight_mom_pos,factor,dead,0.331,0.358
2026-09-09,fac_e2be6309e8,nasdaq_rsi_oversold,factor,dead,0.653,0.512
2026-09-09,fac_f834dcf2c0,BTC_mom20_pos,factor,survive,0.0,0.0
2026-09-09,opt_13e0620c3f,total_pc_lo_h10,options_sentiment,dead,0.734,0.734
2026-09-09,opt_2bdac60949,total_pc_hi_h10,options_sentiment,dead,0.859,0.859
2026-09-09,opt_6b7c040f34,equity_pc_hi_h20,options_sentiment,dead,0.974,0.974
2026-09-09,opt_706c7e01ed,equity_pc_lo_h20,options_sentiment,dead,0.145,0.145
2026-09-09,opt_aad2768b05,total_pc_hi_h20,options_sentiment,dead,0.417,0.417
2026-09-09,opt_c8998dbbe6,equity_pc_lo_h10,options_sentiment,dead,0.712,0.712
2026-09-09,opt_d6053cc7a0,total_pc_lo_h20,options_sentiment,dead,0.303,0.303
2026-09-09,opt_f09bd225c9,equity_pc_hi_h10,options_sentiment,dead,0.587,0.587
2026-09-09,pos_0e8203cb20,legacy_noncomm_pct_oi_hi_h20_sp500,positioning,dead,0.771,0.771
2026-09-09,pos_3b1f2f7be5,legacy_noncomm_pct_oi_lo_h60_nasdaq100,positioning,survive,0.0,0.0
2026-09-09,pos_4503921189,legacy_noncomm_pct_oi_lo_h20_sp500,positioning,dead,0.308,0.308
2026-09-09,pos_46e606b679,tff_lev_net_pct_oi_hi_h60_sp500,positioning,dead,0.848,0.848
2026-09-09,pos_4f52a87fc8,tff_lev_net_pct_oi_hi_h20_sp500,positioning,dead,0.682,0.682
2026-09-09,pos_5618fa6478,tff_lev_net_pct_oi_lo_h60_nasdaq100,positioning,dead,0.007,0.007
2026-09-09,pos_566a8459e8,tff_lev_net_pct_oi_lo_h20_nasdaq100,positioning,dead,0.427,0.427
2026-09-09,pos_69b292d2ff,legacy_noncomm_pct_oi_lo_h20_nasdaq100,positioning,dead,0.128,0.128
2026-09-09,pos_74c61491cb,legacy_noncomm_pct_oi_hi_h20_nasdaq100,positioning,dead,0.227,0.227
2026-09-09,pos_771e2a7ea4,tff_lev_net_pct_oi_lo_h20_sp500,positioning,dead,0.015,0.015
2026-09-09,pos_951ab21851,tff_lev_net_pct_oi_lo_h60_sp500,positioning,dead,0.199,0.199
2026-09-09,pos_ad633d4d56,tff_lev_net_pct_oi_hi_h60_nasdaq100,positioning,dead,0.108,0.108
2026-09-09,pos_c5297400c9,legacy_noncomm_pct_oi_lo_h60_sp500,positioning,dead,0.628,0.628
2026-09-09,pos_d898f33d4c,tff_lev_net_pct_oi_hi_h20_nasdaq100,positioning,dead,0.199,0.199
2026-09-09,pos_f7aa0cde34,legacy_noncomm_pct_oi_hi_h60_sp500,positioning,dead,0.491,0.491
2026-09-09,pos_fb69e287a1,legacy_noncomm_pct_oi_hi_h60_nasdaq100,positioning,dead,0.918,0.918
2026-09-09,reb_018df927fb,p1_h5_sp500,rebound,dead,0.258,0.605
2026-09-09,reb_0b54f655e4,p10_h1_nasdaq,rebound,faded,0.0,0.412
2026-09-09,reb_183bf3c31c,p5_h1_sp500,rebound,dead,0.946,0.257
2026-09-09,reb_2617209d72,p10_h5_nasdaq,rebound,faded,0.0,0.174
2026-09-09,reb_2b218993db,p1_h5_nasdaq,rebound,dead,0.519,0.812
2026-09-09,reb_7155c924ca,p10_h1_sp500,rebound,dead,0.26,0.073
2026-09-09,reb_7e3e4a8d62,p1_h1_sp500,rebound,dead,0.253,0.506
2026-09-09,reb_8055fe6f4a,p1_h1_nasdaq,rebound,dead,0.182,0.433
2026-09-09,reb_91f1615526,p10_h5_sp500,rebound,dead,0.032,0.671
2026-09-09,reb_9adb2feef5,p5_h1_nasdaq,rebound,survive,0.0,0.091
2026-09-09,reb_b016e921c3,p5_h5_sp500,rebound,dead,0.327,0.713
2026-09-09,reb_b61bcf84d2,p5_h5_nasdaq,rebound,dead,0.035,0.067
2026-09-09,reg_74448026aa,golden_cross_sp500,regime,survive,0.001,0.021
2026-09-09,reg_9c0efb465b,golden_cross_nasdaq,regime,dead,0.054,0.064
2026-09-09,str_104f8d7bd8,break3_h1_nasdaq,streak_break,dead,0.91,0.483
2026-09-09,str_10ce6fe56e,down4_h1_nasdaq,streak_down,faded,0.0,0.76
2026-09-09,str_1560c11bbd,break5_h5_nasdaq,streak_break,dead,0.806,0.324
2026-09-09,str_16775f1703,break3_h5_nasdaq,streak_break,dead,0.607,0.525
2026-09-09,str_1b6fe1e8ca,down3_h5_sp500,streak_down,dead,0.207,0.908
2026-09-09,str_36b9f79448,down3_h1_nasdaq,streak_down,dead,0.033,0.457
2026-09-09,str_4320d0a275,break3_h5_sp500,streak_break,dead,0.776,0.418
2026-09-09,str_43ea43f9bc,down3_h20_nasdaq,streak_down,dead,0.008,0.176
2026-09-09,str_5824ee8bd5,break5_h5_sp500,streak_break,dead,0.89,0.834
2026-09-09,str_79e97ed91e,down5_h5_nasdaq,streak_down,dead,0.058,0.052
2026-09-09,str_7fd52c09bf,down5_h20_sp500,streak_down,dead,0.814,0.103
2026-09-09,str_7ff66aade6,break5_h1_sp500,streak_break,dead,0.273,0.745
2026-09-09,str_8969baac75,break3_h20_sp500,streak_break,dead,0.026,0.349
2026-09-09,str_8bc1b7d951,down3_h20_sp500,streak_down,dead,0.082,0.952
2026-09-09,str_8c2a185099,down5_h1_sp500,streak_down,dead,0.278,0.021
2026-09-09,str_947583c00a,break5_h20_nasdaq,streak_break,dead,0.205,0.826
2026-09-09,str_9638e678bf,down4_h20_sp500,streak_down,dead,0.465,0.046
2026-09-09,str_a754f69e1f,break5_h20_sp500,streak_break,dead,0.496,0.914
2026-09-09,str_b2f9430e92,down5_h1_nasdaq,streak_down,dead,0.725,0.166
2026-09-09,str_b6d73df6b9,down5_h5_sp500,streak_down,dead,0.569,0.032
2026-09-09,str_b725749b5b,down3_h1_sp500,streak_down,dead,0.326,0.052
2026-09-09,str_b847620031,down4_h5_sp500,streak_down,dead,0.982,0.056
2026-09-09,str_b8d9734d1a,down4_h20_nasdaq,streak_down,dead,0.25,0.84
2026-09-09,str_b916af0ac0,down4_h5_nasdaq,streak_down,dead,0.278,0.043
2026-09-09,str_baa87542e8,down5_h20_nasdaq,streak_down,dead,0.205,0.421
2026-09-09,str_be41d45643,down3_h5_nasdaq,streak_down,dead,0.012,0.784
2026-09-09,str_be73a914d2,down4_h1_sp500,streak_down,dead,0.736,0.156
2026-09-09,str_df987e7acf,break3_h1_sp500,streak_break,dead,0.085,0.198
2026-09-09,str_eaadd5b6d1,break5_h1_nasdaq,streak_break,dead,0.619,0.155
2026-09-09,str_ecf1394eae,break3_h20_nasdaq,streak_break,dead,0.014,0.206
2026-09-09,tra_085bba7150,n504_h126_low_sp500,trailing_extreme,dead,0.796,0.9184
2026-09-09,tra_089dcbd8a1,n252_h126_high_nasdaq,trailing_extreme,dead,0.15,0.215
2026-09-09,tra_1f25b3bd0f,n126_h63_high_nasdaq,trailing_extreme,dead,0.631,0.543
2026-09-09,tra_22e8f33640,n126_h63_low_sp500,trailing_extreme,dead,0.919,0.354
2026-09-09,tra_4ced8af588,n252_h126_high_sp500,trailing_extreme,dead,0.096,0.097
2026-09-09,tra_5711325073,n504_h126_high_sp500,trailing_extreme,dead,0.549,0.018
2026-09-09,tra_9006717c86,n63_h21_low_nasdaq,trailing_extreme,dead,0.479,0.16
2026-09-09,tra_93edbbb9e4,n63_h21_high_sp500,trailing_extreme,dead,0.247,0.203
2026-09-09,tra_a60deafb82,n63_h21_high_nasdaq,trailing_extreme,dead,0.277,0.852
2026-09-09,tra_ace02affa1,n63_h21_low_sp500,trailing_extreme,dead,0.25,0.638
2026-09-09,tra_c5a6e7707e,n126_h63_low_nasdaq,trailing_extreme,dead,0.165,0.005
2026-09-09,tra_c802f55825,n252_h126_low_nasdaq,trailing_extreme,dead,0.433,0.3362
2026-09-09,tra_e355b4c138,n252_h126_low_sp500,trailing_extreme,dead,0.96,0.61
2026-09-09,tra_f8f8b8c0db,n126_h63_high_sp500,trailing_extreme,dead,0.366,0.013
2026-07-06,cal_021d07d02a,monthof_10_sp500,calendar,dead,0.932068,0.493506
2026-07-06,cal_02b889c7e0,monthof_8_sp500,calendar,dead,0.935065,0.667333
2026-07-06,cal_05facdcc22,quarter_end_sp500,calendar,dead,0.852148,0.609391
2026-07-06,cal_0662569f50,monthof_12_nasdaq,calendar,dead,0.521479,0.666334
2026-07-06,cal_116d0565a8,quarter_end_nasdaq,calendar,dead,0.954046,0.312687
2026-07-06,cal_11bf800cae,world_cup_year_nasdaq,calendar,survive,0.001998,0.081918
2026-07-06,cal_146a3e8961,dow_nasdaq,calendar,faded,0.000999,0.62038
2026-07-06,cal_19104677ae,monthof_6_sp500,calendar,dead,0.836164,0.437562
2026-07-06,cal_216be59585,monthof_11_nasdaq,calendar,dead,0.17982,0.353646
2026-07-06,cal_2a991b85ee,sell_in_may_nasdaq,calendar,dead,0.036963,0.496503
2026-07-06,cal_2bf2b4d53f,monthof_9_sp500,calendar,survive,0.000999,0.060939
2026-07-06,cal_2de632e38b,monthof_6_nasdaq,calendar,dead,0.94006,0.942058
2026-07-06,cal_2e5f17d421,month_nasdaq,calendar,inconclusive,0.312687,0.613387
2026-07-06,cal_2e7a9a5ca1,monthof_3_sp500,calendar,dead,0.658342,0.772228
2026-07-06,cal_345031f898,monthof_5_nasdaq,calendar,dead,0.645355,0.668332
2026-07-06,cal_398f5c0e31,opex_week_nasdaq,calendar,dead,0.661339,0.733267
2026-07-06,cal_433ee46bbe,opex_week_sp500,calendar,dead,0.250749,0.726274
2026-07-06,cal_456e8c2d5e,monthof_12_sp500,calendar,dead,0.231768,0.978022
2026-07-06,cal_4a891b25f0,monthof_8_nasdaq,calendar,dead,0.330669,0.82018
2026-07-06,cal_4aa242d26e,monthof_5_sp500,calendar,dead,0.274725,0.845155
2026-07-06,cal_4bf363bd79,monthof_7_sp500,calendar,dead,0.070929,0.40959
2026-07-06,cal_527d0ae2db,monthof_1_nasdaq,calendar,dead,0.058941,0.935065
2026-07-06,cal_579e6e1355,monthof_2_nasdaq,calendar,dead,0.418581,0.337662
2026-07-06,cal_597774dc60,monthof_1_sp500,calendar,dead,0.283716,0.522478
2026-07-06,cal_5a22160179,turn_of_month_sp500,calendar,faded,0.000999,0.254745
2026-07-06,cal_6a08a2ccb6,pre_holiday_nasdaq,calendar,dead,0.143856,0.172827
2026-07-06,cal_6ebedbd943,monthof_10_nasdaq,calendar,dead,0.65035,0.371628
2026-07-06,cal_6f4b839635,pre_fomc_nasdaq,calendar,dead,0.302697,0.277722
2026-07-06,cal_7114c0729a,month_sp500,calendar,inconclusive,0.016983,0.136863
2026-07-06,cal_7738ecb1bc,turn_of_month_nasdaq,calendar,faded,0.001998,0.200799
2026-07-06,cal_79870937ed,world_cup_year_sp500,calendar,dead,0.010989,0.126873
2026-07-06,cal_7ded9a48d4,monthof_2_sp500,calendar,dead,0.15984,0.283716
2026-07-06,cal_82e1f1d8c9,pre_holiday_sp500,calendar,dead,0.073926,0.133866
2026-07-06,cal_85cc7cc6d7,dow_sp500,calendar,faded,0.000999,0.83017
2026-07-06,cal_8669d8c09d,monthof_11_sp500,calendar,dead,0.415584,0.146853
2026-07-06,cal_87670427d9,january_sp500,calendar,dead,0.143856,0.702298
2026-07-06,cal_8d5125126b,term_year3_sp500,calendar,inconclusive,0.04995,
2026-07-06,cal_8fe611a742,santa_nasdaq,calendar,dead,0.005994,0.210789
2026-07-06,cal_94c08fa012,santa_sp500,calendar,faded,0.000999,0.197802
2026-07-06,cal_ba8471031e,pre_fomc_sp500,calendar,dead,0.171828,0.184815
2026-07-06,cal_bbcc723bdf,decade_digit_sp500,calendar,inconclusive,0.163836,
2026-07-06,cal_bc77212229,sell_in_may_sp500,calendar,dead,0.081918,0.270729
2026-07-06,cal_c3a33a6db5,monthof_4_sp500,calendar,dead,0.204795,0.196803
2026-07-06,cal_c8b0832b2e,monthof_7_nasdaq,calendar,dead,0.903097,0.497502
2026-07-06,cal_d4de5634d3,september_nasdaq,calendar,dead,0.015984,0.026973
2026-07-06,cal_e041ed5979,monthof_3_nasdaq,calendar,dead,0.605395,0.813187
2026-07-06,cal_e3052fad5c,monthof_4_nasdaq,calendar,dead,0.402597,0.512488
2026-07-06,cal_ec09c00a99,presidential_cycle_sp500,calendar,inconclusive,0.300699,
2026-07-06,cal_f70ee53794,monthof_9_nasdaq,calendar,dead,0.022977,0.042957
2026-07-06,cal_f80dd36a7a,january_nasdaq,calendar,dead,0.030969,0.455544
2026-07-06,cal_f923f81493,september_sp500,calendar,survive,0.000999,0.032967
2026-07-06,fac_4beec74249,BTC_mom20_neg,factor,dead,0.005,0.005
2026-07-06,fac_70486895ee,dxy_rising,factor,dead,0.484,0.949
2026-07-06,fac_7578b1d58f,vix_backwardation,factor,dead,0.83,0.671
2026-07-06,fac_778b84a969,NASDAQ_mom20_neg,factor,dead,0.051,0.501
2026-07-06,fac_79cf4a9a7b,NASDAQ_above_ma200,factor,dead,0.006,0.064
2026-07-06,fac_a1bf6a105c,nasdaq_rsi_overbought,factor,dead,0.267,0.438
2026-07-06,fac_ab89704768,nasdaq_high_vol,factor,dead,0.005,0.97
2026-07-06,fac_bed960d3e2,NASDAQ_mom20_pos,factor,dead,0.43,0.713
2026-07-06,fac_c872e5eb69,BTC_above_ma200,factor,dead,0.171,0.132
2026-07-06,fac_cc60102eac,dxy_falling,factor,dead,0.713,0.741
2026-07-06,fac_d738a0c3fd,nasdaq_low_vol,factor,dead,0.281,0.618
2026-07-06,fac_d8a4f38258,overnight_mom_neg,factor,dead,0.277,0.394
2026-07-06,fac_dcbd9f57b5,overnight_mom_pos,factor,dead,0.277,0.394
2026-07-06,fac_e2be6309e8,nasdaq_rsi_oversold,factor,dead,0.537,0.368
2026-07-06,fac_f834dcf2c0,BTC_mom20_pos,factor,survive,0.0,0.004
2026-07-06,opt_13e0620c3f,total_pc_lo_h10,options_sentiment,dead,0.628,0.628
2026-07-06,opt_2bdac60949,total_pc_hi_h10,options_sentiment,dead,0.781,0.781
2026-07-06,opt_6b7c040f34,equity_pc_hi_h20,options_sentiment,dead,0.929,0.929
2026-07-06,opt_706c7e01ed,equity_pc_lo_h20,options_sentiment,dead,0.198,0.198
2026-07-06,opt_aad2768b05,total_pc_hi_h20,options_sentiment,dead,0.444,0.444
2026-07-06,opt_c8998dbbe6,equity_pc_lo_h10,options_sentiment,dead,0.743,0.743
2026-07-06,opt_d6053cc7a0,total_pc_lo_h20,options_sentiment,dead,0.514,0.514
2026-07-06,opt_f09bd225c9,equity_pc_hi_h10,options_sentiment,dead,0.481,0.481
2026-07-06,pos_0e8203cb20,legacy_noncomm_pct_oi_hi_h20_sp500,positioning,dead,0.777,0.777
2026-07-06,pos_3b1f2f7be5,legacy_noncomm_pct_oi_lo_h60_nasdaq100,positioning,survive,0.0,0.0
2026-07-06,pos_4503921189,legacy_noncomm_pct_oi_lo_h20_sp500,positioning,dead,0.31,0.31
2026-07-06,pos_46e606b679,tff_lev_net_pct_oi_hi_h60_sp500,positioning,dead,0.796,0.796
2026-07-06,pos_4f52a87fc8,tff_lev_net_pct_oi_hi_h20_sp500,positioning,dead,0.648,0.648
2026-07-06,pos_5618fa6478,tff_lev_net_pct_oi_lo_h60_nasdaq100,positioning,dead,0.006,0.006
2026-07-06,pos_566a8459e8,tff_lev_net_pct_oi_lo_h20_nasdaq100,positioning,dead,0.521,0.521
2026-07-06,pos_69b292d2ff,legacy_noncomm_pct_oi_lo_h20_nasdaq100,positioning,dead,0.057,0.057
2026-07-06,pos_74c61491cb,legacy_noncomm_pct_oi_hi_h20_nasdaq100,positioning,dead,0.205,0.205
2026-07-06,pos_771e2a7ea4,tff_lev_net_pct_oi_lo_h20_sp500,positioning,dead,0.023,0.023
2026-07-06,pos_951ab21851,tff_lev_net_pct_oi_lo_h60_sp500,positioning,dead,0.183,0.183
2026-07-06,pos_ad633d4d56,tff_lev_net_pct_oi_hi_h60_nasdaq100,positioning,dead,0.11,0.11
2026-07-06,pos_c5297400c9,legacy_noncomm_pct_oi_lo_h60_sp500,positioning,dead,0.641,0.641
2026-07-06,pos_d898f33d4c,tff_lev_net_pct_oi_hi_h20_nasdaq100,positioning,dead,0.184,0.184
2026-07-06,pos_f7aa0cde34,legacy_noncomm_pct_oi_hi_h60_sp500,positioning,dead,0.501,0.501
2026-07-06,pos_fb69e287a1,legacy_noncomm_pct_oi_hi_h60_nasdaq100,positioning,dead,0.94,0.94
2026-07-06,reb_018df927fb,p1_h5_sp500,rebound,dead,0.246,0.571
2026-07-06,reb_0b54f655e4,p10_h1_nasdaq,rebound,faded,0.0,0.386
2026-07-06,reb_183bf3c31c,p5_h1_sp500,rebound,dead,0.935,0.245
2026-07-06,reb_2617209d72,p10_h5_nasdaq,rebound,faded,0.0,0.241
2026-07-06,reb_2b218993db,p1_h5_nasdaq,rebound,dead,0.569,0.876
2026-07-06,reb_7155c924ca,p10_h1_sp500,rebound,dead,0.254,0.082
2026-07-06,reb_7e3e4a8d62,p1_h1_sp500,rebound,dead,0.233,0.504
2026-07-06,reb_8055fe6f4a,p1_h1_nasdaq,rebound,dead,0.251,0.489
2026-07-06,reb_91f1615526,p10_h5_sp500,rebound,dead,0.03,0.739
2026-07-06,reb_9adb2feef5,p5_h1_nasdaq,rebound,survive,0.0,0.08
2026-07-06,reb_b016e921c3,p5_h5_sp500,rebound,dead,0.374,0.631
2026-07-06,reb_b61bcf84d2,p5_h5_nasdaq,rebound,dead,0.042,0.066
2026-07-06,reg_74448026aa,golden_cross_sp500,regime,survive,0.002,0.026
2026-07-06,reg_9c0efb465b,golden_cross_nasdaq,regime,dead,0.054,0.059
2026-07-11,cal_021d07d02a,monthof_10_sp500,calendar,dead,0.918082,0.503497
2026-07-11,cal_02b889c7e0,monthof_8_sp500,calendar,dead,0.931069,0.665335
2026-07-11,cal_05facdcc22,quarter_end_sp500,calendar,dead,0.764236,0.718282
2026-07-11,cal_0662569f50,monthof_12_nasdaq,calendar,dead,0.511489,0.659341
2026-07-11,cal_116d0565a8,quarter_end_nasdaq,calendar,dead,0.884116,0.440559
2026-07-11,cal_11bf800cae,world_cup_year_nasdaq,calendar,survive,0.000999,0.078921
2026-07-11,cal_146a3e8961,dow_nasdaq,calendar,faded,0.000999,0.632368
2026-07-11,cal_19104677ae,monthof_6_sp500,calendar,dead,0.794206,0.460539
2026-07-11,cal_216be59585,monthof_11_nasdaq,calendar,dead,0.178821,0.351648
2026-07-11,cal_2a991b85ee,sell_in_may_nasdaq,calendar,dead,0.033966,0.498501
2026-07-11,cal_2bf2b4d53f,monthof_9_sp500,calendar,survive,0.000999,0.065934
2026-07-11,cal_2de632e38b,monthof_6_nasdaq,calendar,dead,0.998002,0.854146
2026-07-11,cal_2e5f17d421,month_nasdaq,calendar,inconclusive,0.333666,0.599401
2026-07-11,cal_2e7a9a5ca1,monthof_3_sp500,calendar,dead,0.67033,0.777223
2026-07-11,cal_345031f898,monthof_5_nasdaq,calendar,dead,0.613387,0.659341
2026-07-11,cal_398f5c0e31,opex_week_nasdaq,calendar,dead,0.638362,0.709291
2026-07-11,cal_433ee46bbe,opex_week_sp500,calendar,dead,0.264735,0.723277
2026-07-11,cal_456e8c2d5e,monthof_12_sp500,calendar,dead,0.214785,0.971029
2026-07-11,cal_4a891b25f0,monthof_8_nasdaq,calendar,dead,0.33966,0.845155
2026-07-11,cal_4aa242d26e,monthof_5_sp500,calendar,dead,0.266733,0.867133
2026-07-11,cal_4bf363bd79,monthof_7_sp500,calendar,dead,0.046953,0.388611
2026-07-11,cal_527d0ae2db,monthof_1_nasdaq,calendar,dead,0.051948,0.947053
2026-07-11,cal_579e6e1355,monthof_2_nasdaq,calendar,dead,0.450549,0.318681
2026-07-11,cal_597774dc60,monthof_1_sp500,calendar,dead,0.281718,0.557443
2026-07-11,cal_5a22160179,turn_of_month_sp500,calendar,faded,0.000999,0.25974
2026-07-11,cal_6a08a2ccb6,pre_holiday_nasdaq,calendar,dead,0.141858,0.226773
2026-07-11,cal_6ebedbd943,monthof_10_nasdaq,calendar,dead,0.665335,0.370629
2026-07-11,cal_6f4b839635,pre_fomc_nasdaq,calendar,dead,0.258741,0.284715
2026-07-11,cal_7114c0729a,month_sp500,calendar,inconclusive,0.022977,0.13986
2026-07-11,cal_7738ecb1bc,turn_of_month_nasdaq,calendar,dead,0.001998,0.187812
2026-07-11,cal_79870937ed,world_cup_year_sp500,calendar,dead,0.015984,0.154845
2026-07-11,cal_7ded9a48d4,monthof_2_sp500,calendar,dead,0.146853,0.248751
2026-07-11,cal_82e1f1d8c9,pre_holiday_sp500,calendar,dead,0.085914,0.154845
2026-07-11,cal_85cc7cc6d7,dow_sp500,calendar,faded,0.000999,0.824176
2026-07-11,cal_8669d8c09d,monthof_11_sp500,calendar,dead,0.396603,0.141858
2026-07-11,cal_87670427d9,january_sp500,calendar,dead,0.161838,0.711289
2026-07-11,cal_8d5125126b,term_year3_sp500,calendar,inconclusive,0.04995,
2026-07-11,cal_8fe611a742,santa_nasdaq,calendar,dead,0.007992,0.220779
2026-07-11,cal_94c08fa012,santa_sp500,calendar,faded,0.000999,0.196803
2026-07-11,cal_ba8471031e,pre_fomc_sp500,calendar,dead,0.148851,0.141858
2026-07-11,cal_bbcc723bdf,decade_digit_sp500,calendar,inconclusive,0.163836,
2026-07-11,cal_bc77212229,sell_in_may_sp500,calendar,dead,0.088911,0.222777
2026-07-11,cal_c3a33a6db5,monthof_4_sp500,calendar,dead,0.21978,0.227772
2026-07-11,cal_c8b0832b2e,monthof_7_nasdaq,calendar,dead,0.889111,0.549451
2026-07-11,cal_d4de5634d3,september_nasdaq,calendar,dead,0.007992,0.023976
2026-07-11,cal_e041ed5979,monthof_3_nasdaq,calendar,dead,0.58042,0.797203
2026-07-11,cal_e3052fad5c,monthof_4_nasdaq,calendar,dead,0.418581,0.509491
2026-07-11,cal_ec09c00a99,presidential_cycle_sp500,calendar,inconclusive,0.300699,
2026-07-11,cal_f70ee53794,monthof_9_nasdaq,calendar,dead,0.018981,0.046953
2026-07-11,cal_f80dd36a7a,january_nasdaq,calendar,dead,0.023976,0.482517
2026-07-11,cal_f923f81493,september_sp500,calendar,survive,0.000999,0.028971
2026-07-11,fac_4beec74249,BTC_mom20_neg,factor,dead,0.002,0.005
2026-07-11,fac_70486895ee,dxy_rising,factor,dead,0.497,0.949
2026-07-11,fac_7578b1d58f,vix_backwardation,factor,dead,0.821,0.654
2026-07-11,fac_778b84a969,NASDAQ_mom20_neg,factor,dead,0.045,0.518
2026-07-11,fac_79cf4a9a7b,NASDAQ_above_ma200,factor,dead,0.006,0.074
2026-07-11,fac_a1bf6a105c,nasdaq_rsi_overbought,factor,dead,0.314,0.515
2026-07-11,fac_ab89704768,nasdaq_high_vol,factor,dead,0.004,0.931
2026-07-11,fac_bed960d3e2,NASDAQ_mom20_pos,factor,dead,0.409,0.716
2026-07-11,fac_c872e5eb69,BTC_above_ma200,factor,dead,0.146,0.124
2026-07-11,fac_cc60102eac,dxy_falling,factor,dead,0.757,0.826
2026-07-11,fac_d738a0c3fd,nasdaq_low_vol,factor,dead,0.268,0.673
2026-07-11,fac_d8a4f38258,overnight_mom_neg,factor,dead,0.278,0.451
2026-07-11,fac_dcbd9f57b5,overnight_mom_pos,factor,dead,0.278,0.451
2026-07-11,fac_e2be6309e8,nasdaq_rsi_oversold,factor,dead,0.561,0.391
2026-07-11,fac_f834dcf2c0,BTC_mom20_pos,factor,survive,0.0,0.002
2026-07-11,opt_13e0620c3f,total_pc_lo_h10,options_sentiment,dead,0.616,0.616
2026-07-11,opt_2bdac60949,total_pc_hi_h10,options_sentiment,dead,0.795,0.795
2026-07-11,opt_6b7c040f34,equity_pc_hi_h20,options_sentiment,dead,0.919,0.919
2026-07-11,opt_706c7e01ed,equity_pc_lo_h20,options_sentiment,dead,0.148,0.148
2026-07-11,opt_aad2768b05,total_pc_hi_h20,options_sentiment,dead,0.453,0.453
2026-07-11,opt_c8998dbbe6,equity_pc_lo_h10,options_sentiment,dead,0.748,0.748
2026-07-11,opt_d6053cc7a0,total_pc_lo_h20,options_sentiment,dead,0.421,0.421
2026-07-11,opt_f09bd225c9,equity_pc_hi_h10,options_sentiment,dead,0.497,0.497
2026-07-11,pos_0e8203cb20,legacy_noncomm_pct_oi_hi_h20_sp500,positioning,dead,0.784,0.784
2026-07-11,pos_3b1f2f7be5,legacy_noncomm_pct_oi_lo_h60_nasdaq100,positioning,survive,0.0,0.0
2026-07-11,pos_4503921189,legacy_noncomm_pct_oi_lo_h20_sp500,positioning,dead,0.305,0.305
2026-07-11,pos_46e606b679,tff_lev_net_pct_oi_hi_h60_sp500,positioning,dead,0.803,0.803
2026-07-11,pos_4f52a87fc8,tff_lev_net_pct_oi_hi_h20_sp500,positioning,dead,0.671,0.671
2026-07-11,pos_5618fa6478,tff_lev_net_pct_oi_lo_h60_nasdaq100,positioning,dead,0.006,0.006
2026-07-11,pos_566a8459e8,tff_lev_net_pct_oi_lo_h20_nasdaq100,positioning,dead,0.489,0.489
2026-07-11,pos_69b292d2ff,legacy_noncomm_pct_oi_lo_h20_nasdaq100,positioning,dead,0.072,0.072
2026-07-11,pos_74c61491cb,legacy_noncomm_pct_oi_hi_h20_nasdaq100,positioning,dead,0.201,0.201
2026-07-11,pos_771e2a7ea4,tff_lev_net_pct_oi_lo_h20_sp500,positioning,dead,0.016,0.016
2026-07-11,pos_951ab21851,tff_lev_net_pct_oi_lo_h60_sp500,positioning,dead,0.182,0.182
2026-07-11,pos_ad633d4d56,tff_lev_net_pct_oi_hi_h60_nasdaq100,positioning,dead,0.112,0.112
2026-07-11,pos_c5297400c9,legacy_noncomm_pct_oi_lo_h60_sp500,positioning,dead,0.643,0.643
2026-07-11,pos_d898f33d4c,tff_lev_net_pct_oi_hi_h20_nasdaq100,positioning,dead,0.193,0.193
2026-07-11,pos_f7aa0cde34,legacy_noncomm_pct_oi_hi_h60_sp500,positioning,dead,0.513,0.513
2026-07-11,pos_fb69e287a1,legacy_noncomm_pct_oi_hi_h60_nasdaq100,positioning,dead,0.932,0.932
2026-07-11,reb_018df927fb,p1_h5_sp500,rebound,dead,0.26,0.576
2026-07-11,reb_0b54f655e4,p10_h1_nasdaq,rebound,faded,0.0,0.362
2026-07-11,reb_183bf3c31c,p5_h1_sp500,rebound,dead,0.963,0.241
2026-07-11,reb_2617209d72,p10_h5_nasdaq,rebound,dead,0.002,0.262
2026-07-11,reb_2b218993db,p1_h5_nasdaq,rebound,dead,0.552,0.896
2026-07-11,reb_7155c924ca,p10_h1_sp500,rebound,dead,0.261,0.088
2026-07-11,reb_7e3e4a8d62,p1_h1_sp500,rebound,dead,0.242,0.5
2026-07-11,reb_8055fe6f4a,p1_h1_nasdaq,rebound,dead,0.241,0.474
2026-07-11,reb_91f1615526,p10_h5_sp500,rebound,dead,0.031,0.704
2026-07-11,reb_9adb2feef5,p5_h1_nasdaq,rebound,survive,0.0,0.075
2026-07-11,reb_b016e921c3,p5_h5_sp500,rebound,dead,0.357,0.614
2026-07-11,reb_b61bcf84d2,p5_h5_nasdaq,rebound,dead,0.058,0.07
2026-07-11,reg_74448026aa,golden_cross_sp500,regime,survive,0.0,0.022
2026-07-11,reg_9c0efb465b,golden_cross_nasdaq,regime,dead,0.058,0.075
2026-07-11,str_104f8d7bd8,break3_h1_nasdaq,streak_break,dead,0.833,0.458
2026-07-11,str_10ce6fe56e,down4_h1_nasdaq,streak_down,faded,0.001,0.781
2026-07-11,str_1560c11bbd,break5_h5_nasdaq,streak_break,dead,0.84,0.317
2026-07-11,str_16775f1703,break3_h5_nasdaq,streak_break,dead,0.667,0.425
2026-07-11,str_1b6fe1e8ca,down3_h5_sp500,streak_down,dead,0.253,0.902
2026-07-11,str_36b9f79448,down3_h1_nasdaq,streak_down,dead,0.022,0.556
2026-07-11,str_4320d0a275,break3_h5_sp500,streak_break,dead,0.796,0.455
2026-07-11,str_43ea43f9bc,down3_h20_nasdaq,streak_down,dead,0.005,0.145
2026-07-11,str_5824ee8bd5,break5_h5_sp500,streak_break,dead,0.893,0.97
2026-07-11,str_79e97ed91e,down5_h5_nasdaq,streak_down,dead,0.051,0.061
2026-07-11,str_7fd52c09bf,down5_h20_sp500,streak_down,dead,0.802,0.148
2026-07-11,str_7ff66aade6,break5_h1_sp500,streak_break,dead,0.272,0.754
2026-07-11,str_8969baac75,break3_h20_sp500,streak_break,dead,0.019,0.386
2026-07-11,str_8bc1b7d951,down3_h20_sp500,streak_down,dead,0.082,0.929
2026-07-11,str_8c2a185099,down5_h1_sp500,streak_down,dead,0.295,0.02
2026-07-11,str_947583c00a,break5_h20_nasdaq,streak_break,dead,0.186,0.871
2026-07-11,str_9638e678bf,down4_h20_sp500,streak_down,dead,0.45,0.046
2026-07-11,str_a754f69e1f,break5_h20_sp500,streak_break,dead,0.537,0.781
2026-07-11,str_b2f9430e92,down5_h1_nasdaq,streak_down,dead,0.763,0.122
2026-07-11,str_b6d73df6b9,down5_h5_sp500,streak_down,dead,0.571,0.033
2026-07-11,str_b725749b5b,down3_h1_sp500,streak_down,dead,0.341,0.098
2026-07-11,str_b847620031,down4_h5_sp500,streak_down,dead,0.997,0.053
2026-07-11,str_b8d9734d1a,down4_h20_nasdaq,streak_down,dead,0.223,0.875
2026-07-11,str_b916af0ac0,down4_h5_nasdaq,streak_down,dead,0.245,0.04
2026-07-11,str_baa87542e8,down5_h20_nasdaq,streak_down,dead,0.218,0.387
2026-07-11,str_be41d45643,down3_h5_nasdaq,streak_down,dead,0.012,0.746
2026-07-11,str_be73a914d2,down4_h1_sp500,streak_down,dead,0.786,0.15
2026-07-11,str_df987e7acf,break3_h1_sp500,streak_break,dead,0.088,0.194
2026-07-11,str_eaadd5b6d1,break5_h1_nasdaq,streak_break,dead,0.724,0.193
2026-07-11,str_ecf1394eae,break3_h20_nasdaq,streak_break,dead,0.015,0.245
2026-07-11,tra_085bba7150,n504_h126_low_sp500,trailing_extreme,dead,0.795,0.9319
2026-07-11,tra_089dcbd8a1,n252_h126_high_nasdaq,trailing_extreme,dead,0.163,0.219
2026-07-11,tra_1f25b3bd0f,n126_h63_high_nasdaq,trailing_extreme,dead,0.616,0.563
2026-07-11,tra_22e8f33640,n126_h63_low_sp500,trailing_extreme,dead,0.933,0.345
2026-07-11,tra_4ced8af588,n252_h126_high_sp500,trailing_extreme,dead,0.108,0.103
2026-07-11,tra_5711325073,n504_h126_high_sp500,trailing_extreme,dead,0.54,0.022
2026-07-11,tra_9006717c86,n63_h21_low_nasdaq,trailing_extreme,dead,0.498,0.166
2026-07-11,tra_93edbbb9e4,n63_h21_high_sp500,trailing_extreme,dead,0.241,0.249
2026-07-11,tra_a60deafb82,n63_h21_high_nasdaq,trailing_extreme,dead,0.199,0.966
2026-07-11,tra_ace02affa1,n63_h21_low_sp500,trailing_extreme,dead,0.216,0.669
2026-07-11,tra_c5a6e7707e,n126_h63_low_nasdaq,trailing_extreme,dead,0.161,0.005
2026-07-11,tra_c802f55825,n252_h126_low_nasdaq,trailing_extreme,dead,0.449,0.3462
2026-07-11,tra_e355b4c138,n252_h126_low_sp500,trailing_extreme,dead,0.985,0.629
2026-07-11,tra_f8f8b8c0db,n126_h63_high_sp500,trailing_extreme,dead,0.356,0.019
2026-09-10,cal_021d07d02a,monthof_10_sp500,calendar,dead,0.933067,0.522478
2026-09-10,cal_02b889c7e0,monthof_8_sp500,calendar,dead,0.951049,0.708292
2026-09-10,cal_05facdcc22,quarter_end_sp500,calendar,dead,0.826174,0.658342
2026-09-10,cal_0662569f50,monthof_12_nasdaq,calendar,dead,0.508492,0.658342
2026-09-10,cal_116d0565a8,quarter_end_nasdaq,calendar,dead,0.907093,0.390609
2026-09-10,cal_11bf800cae,world_cup_year_nasdaq,calendar,survive,0.000999,0.098901
2026-09-10,cal_146a3e8961,dow_nasdaq,calendar,faded,0.000999,0.652348
2026-09-10,cal_19104677ae,monthof_6_sp500,calendar,dead,0.806194,0.481518
2026-09-10,cal_216be59585,monthof_11_nasdaq,calendar,dead,0.151848,0.362637
2026-09-10,cal_2a991b85ee,sell_in_may_nasdaq,calendar,dead,0.024975,0.495504
2026-09-10,cal_2bf2b4d53f,monthof_9_sp500,calendar,survive,0.000999,0.05994
2026-09-10,cal_2de632e38b,monthof_6_nasdaq,calendar,dead,0.994006,0.879121
2026-09-10,cal_2e5f17d421,month_nasdaq,calendar,inconclusive,0.298701,0.575425
2026-09-10,cal_2e7a9a5ca1,monthof_3_sp500,calendar,dead,0.667333,0.738262
2026-09-10,cal_345031f898,monthof_5_nasdaq,calendar,dead,0.601399,0.644356
2026-09-10,cal_398f5c0e31,opex_week_nasdaq,calendar,dead,0.606394,0.669331
2026-09-10,cal_433ee46bbe,opex_week_sp500,calendar,dead,0.204795,0.652348
2026-09-10,cal_456e8c2d5e,monthof_12_sp500,calendar,dead,0.218781,0.983017
2026-09-10,cal_4a891b25f0,monthof_8_nasdaq,calendar,dead,0.37962,0.884116
2026-09-10,cal_4aa242d26e,monthof_5_sp500,calendar,dead,0.273726,0.835165
2026-09-10,cal_4bf363bd79,monthof_7_sp500,calendar,dead,0.061938,0.424575
2026-09-10,cal_527d0ae2db,monthof_1_nasdaq,calendar,dead,0.045954,0.932068
2026-09-10,cal_579e6e1355,monthof_2_nasdaq,calendar,dead,0.414585,0.333666
2026-09-10,cal_597774dc60,monthof_1_sp500,calendar,dead,0.283716,0.525475
2026-09-10,cal_5a22160179,turn_of_month_sp500,calendar,faded,0.000999,0.200799
2026-09-10,cal_6a08a2ccb6,pre_holiday_nasdaq,calendar,dead,0.144855,0.192807
2026-09-10,cal_6ebedbd943,monthof_10_nasdaq,calendar,dead,0.659341,0.3996
2026-09-10,cal_6f4b839635,pre_fomc_nasdaq,calendar,dead,0.28971,0.310689
2026-09-10,cal_7114c0729a,month_sp500,calendar,inconclusive,0.01998,0.14985
2026-09-10,cal_7738ecb1bc,turn_of_month_nasdaq,calendar,faded,0.000999,0.156843
2026-09-10,cal_79870937ed,world_cup_year_sp500,calendar,dead,0.016983,0.163836
2026-09-10,cal_7ded9a48d4,monthof_2_sp500,calendar,dead,0.175824,0.276723
2026-09-10,cal_82e1f1d8c9,pre_holiday_sp500,calendar,dead,0.075924,0.158841
2026-09-10,cal_85cc7cc6d7,dow_sp500,calendar,faded,0.000999,0.821179
2026-09-10,cal_8669d8c09d,monthof_11_sp500,calendar,dead,0.425574,0.145854
2026-09-10,cal_87670427d9,january_sp500,calendar,dead,0.138861,0.764236
2026-09-10,cal_8d5125126b,term_year3_sp500,calendar,inconclusive,0.04995,
2026-09-10,cal_8fe611a742,santa_nasdaq,calendar,dead,0.006993,0.206793
2026-09-10,cal_94c08fa012,santa_sp500,calendar,faded,0.000999,0.196803
2026-09-10,cal_ba8471031e,pre_fomc_sp500,calendar,dead,0.151848,0.177822
2026-09-10,cal_bbcc723bdf,decade_digit_sp500,calendar,inconclusive,0.163836,
2026-09-10,cal_bc77212229,sell_in_may_sp500,calendar,dead,0.082917,0.245754
2026-09-10,cal_c3a33a6db5,monthof_4_sp500,calendar,dead,0.210789,0.221778
2026-09-10,cal_c8b0832b2e,monthof_7_nasdaq,calendar,dead,0.822178,0.573427
2026-09-10,cal_d4de5634d3,september_nasdaq,calendar,dead,0.007992,0.017982
2026-09-10,cal_e041ed5979,monthof_3_nasdaq,calendar,dead,0.599401,0.804196
2026-09-10,cal_e3052fad5c,monthof_4_nasdaq,calendar,dead,0.392607,0.525475
2026-09-10,cal_ec09c00a99,presidential_cycle_sp500,calendar,inconclusive,0.300699,
2026-09-10,cal_f70ee53794,monthof_9_nasdaq,calendar,dead,0.015984,0.044955
2026-09-10,cal_f80dd36a7a,january_nasdaq,calendar,dead,0.034965,0.454545
2026-09-10,cal_f923f81493,september_sp500,calendar,survive,0.000999,0.027972
2026-09-10,fac_4beec74249,BTC_mom20_neg,factor,dead,0.006,0.003
2026-09-10,fac_70486895ee,dxy_rising,factor,dead,0.436,0.745
2026-09-10,fac_7578b1d58f,vix_backwardation,factor,dead,0.858,0.593
2026-09-10,fac_778b84a969,NASDAQ_mom20_neg,factor,dead,0.046,0.57
2026-09-10,fac_79cf4a9a7b,NASDAQ_above_ma200,factor,dead,0.016,0.09
2026-09-10,fac_a1bf6a105c,nasdaq_rsi_overbought,factor,dead,0.344,0.423
2026-09-10,fac_ab89704768,nasdaq_high_vol,factor,dead,0.005,0.908
2026-09-10,fac_bed960d3e2,NASDAQ_mom20_pos,factor,dead,0.433,0.648
2026-09-10,fac_c872e5eb69,BTC_above_ma200,factor,dead,0.123,0.081
2026-09-10,fac_cc60102eac,dxy_falling,factor,dead,0.734,0.803
2026-09-10,fac_d738a0c3fd,nasdaq_low_vol,factor,dead,0.251,0.618
2026-09-10,fac_d8a4f38258,overnight_mom_neg,factor,dead,0.344,0.358
2026-09-10,fac_dcbd9f57b5,overnight_mom_pos,factor,dead,0.344,0.358
2026-09-10,fac_e2be6309e8,nasdaq_rsi_oversold,factor,dead,0.641,0.515
2026-09-10,fac_f834dcf2c0,BTC_mom20_pos,factor,survive,0.0,0.001
2026-09-10,opt_13e0620c3f,total_pc_lo_h10,options_sentiment,dead,0.718,0.718
2026-09-10,opt_2bdac60949,total_pc_hi_h10,options_sentiment,dead,0.846,0.846
2026-09-10,opt_6b7c040f34,equity_pc_hi_h20,options_sentiment,dead,0.973,0.973
2026-09-10,opt_706c7e01ed,equity_pc_lo_h20,options_sentiment,dead,0.127,0.127
2026-09-10,opt_aad2768b05,total_pc_hi_h20,options_sentiment,dead,0.411,0.411
2026-09-10,opt_c8998dbbe6,equity_pc_lo_h10,options_sentiment,dead,0.73,0.73
2026-09-10,opt_d6053cc7a0,total_pc_lo_h20,options_sentiment,dead,0.334,0.334
2026-09-10,opt_f09bd225c9,equity_pc_hi_h10,options_sentiment,dead,0.586,0.586
2026-09-10,pos_0e8203cb20,legacy_noncomm_pct_oi_hi_h20_sp500,positioning,dead,0.776,0.776
2026-09-10,pos_3b1f2f7be5,legacy_noncomm_pct_oi_lo_h60_nasdaq100,positioning,survive,0.0,0.0
2026-09-10,pos_4503921189,legacy_noncomm_pct_oi_lo_h20_sp500,positioning,dead,0.306,0.306
2026-09-10,pos_46e606b679,tff_lev_net_pct_oi_hi_h60_sp500,positioning,dead,0.843,0.843
2026-09-10,pos_4f52a87fc8,tff_lev_net_pct_oi_hi_h20_sp500,positioning,dead,0.684,0.684
2026-09-10,pos_5618fa6478,tff_lev_net_pct_oi_lo_h60_nasdaq100,positioning,dead,0.008,0.008
2026-09-10,pos_566a8459e8,tff_lev_net_pct_oi_lo_h20_nasdaq100,positioning,dead,0.436,0.436
2026-09-10,pos_69b292d2ff,legacy_noncomm_pct_oi_lo_h20_nasdaq100,positioning,dead,0.135,0.135
2026-09-10,pos_74c61491cb,legacy_noncomm_pct_oi_hi_h20_nasdaq100,positioning,dead,0.233,0.233
2026-09-10,pos_771e2a7ea4,tff_lev_net_pct_oi_lo_h20_sp500,positioning,dead,0.016,0.016
2026-09-10,pos_951ab21851,tff_lev_net_pct_oi_lo_h60_sp500,positioning,dead,0.2,0.2
2026-09-10,pos_ad633d4d56,tff_lev_net_pct_oi_hi_h60_nasdaq100,positioning,dead,0.104,0.104
2026-09-10,pos_c5297400c9,legacy_noncomm_pct_oi_lo_h60_sp500,positioning,dead,0.627,0.627
2026-09-10,pos_d898f33d4c,tff_lev_net_pct_oi_hi_h20_nasdaq100,positioning,dead,0.195,0.195
2026-09-10,pos_f7aa0cde34,legacy_noncomm_pct_oi_hi_h60_sp500,positioning,dead,0.489,0.489
2026-09-10,pos_fb69e287a1,legacy_noncomm_pct_oi_hi_h60_nasdaq100,positioning,dead,0.918,0.918
2026-09-10,reb_018df927fb,p1_h5_sp500,rebound,dead,0.274,0.596
2026-09-10,reb_0b54f655e4,p10_h1_nasdaq,rebound,faded,0.0,0.381
2026-09-10,reb_183bf3c31c,p5_h1_sp500,rebound,dead,0.943,0.261
2026-09-10,reb_2617209d72,p10_h5_nasdaq,rebound,faded,0.0,0.161
2026-09-10,reb_2b218993db,p1_h5_nasdaq,rebound,dead,0.519,0.798
2026-09-10,reb_7155c924ca,p10_h1_sp500,rebound,dead,0.272,0.067
2026-09-10,reb_7e3e4a8d62,p1_h1_sp500,rebound,dead,0.255,0.535
2026-09-10,reb_8055fe6f4a,p1_h1_nasdaq,rebound,dead,0.2,0.448
2026-09-10,reb_91f1615526,p10_h5_sp500,rebound,dead,0.029,0.645
2026-09-10,reb_9adb2feef5,p5_h1_nasdaq,rebound,survive,0.0,0.095
2026-09-10,reb_b016e921c3,p5_h5_sp500,rebound,dead,0.33,0.721
2026-09-10,reb_b61bcf84d2,p5_h5_nasdaq,rebound,dead,0.042,0.058
2026-09-10,reg_74448026aa,golden_cross_sp500,regime,survive,0.0,0.024
2026-09-10,reg_9c0efb465b,golden_cross_nasdaq,regime,dead,0.054,0.065
2026-09-10,str_104f8d7bd8,break3_h1_nasdaq,streak_break,dead,0.887,0.479
2026-09-10,str_10ce6fe56e,down4_h1_nasdaq,streak_down,faded,0.001,0.741
2026-09-10,str_1560c11bbd,break5_h5_nasdaq,streak_break,dead,0.832,0.323
2026-09-10,str_16775f1703,break3_h5_nasdaq,streak_break,dead,0.575,0.581
2026-09-10,str_1b6fe1e8ca,down3_h5_sp500,streak_down,dead,0.217,0.913
2026-09-10,str_36b9f79448,down3_h1_nasdaq,streak_down,dead,0.037,0.473
2026-09-10,str_4320d0a275,break3_h5_sp500,streak_break,dead,0.8,0.392
2026-09-10,str_43ea43f9bc,down3_h20_nasdaq,streak_down,dead,0.008,0.169
2026-09-10,str_5824ee8bd5,break5_h5_sp500,streak_break,dead,0.929,0.84
2026-09-10,str_79e97ed91e,down5_h5_nasdaq,streak_down,dead,0.04,0.052
2026-09-10,str_7fd52c09bf,down5_h20_sp500,streak_down,dead,0.835,0.099
2026-09-10,str_7ff66aade6,break5_h1_sp500,streak_break,dead,0.259,0.764
2026-09-10,str_8969baac75,break3_h20_sp500,streak_break,dead,0.027,0.357
2026-09-10,str_8bc1b7d951,down3_h20_sp500,streak_down,dead,0.077,0.952
2026-09-10,str_8c2a185099,down5_h1_sp500,streak_down,dead,0.312,0.014
2026-09-10,str_947583c00a,break5_h20_nasdaq,streak_break,dead,0.207,0.828
2026-09-10,str_9638e678bf,down4_h20_sp500,streak_down,dead,0.463,0.051
2026-09-10,str_a754f69e1f,break5_h20_sp500,streak_break,dead,0.482,0.912
2026-09-10,str_b2f9430e92,down5_h1_nasdaq,streak_down,dead,0.729,0.158
2026-09-10,str_b6d73df6b9,down5_h5_sp500,streak_down,dead,0.57,0.025
2026-09-10,str_b725749b5b,down3_h1_sp500,streak_down,dead,0.326,0.059
2026-09-10,str_b847620031,down4_h5_sp500,streak_down,dead,0.995,0.05
2026-09-10,str_b8d9734d1a,down4_h20_nasdaq,streak_down,dead,0.254,0.848
2026-09-10,str_b916af0ac0,down4_h5_nasdaq,streak_down,dead,0.268,0.05
2026-09-10,str_baa87542e8,down5_h20_nasdaq,streak_down,dead,0.2,0.414
2026-09-10,str_be41d45643,down3_h5_nasdaq,streak_down,dead,0.011,0.771
2026-09-10,str_be73a914d2,down4_h1_sp500,streak_down,dead,0.739,0.149
2026-09-10,str_df987e7acf,break3_h1_sp500,streak_break,dead,0.081,0.175
2026-09-10,str_eaadd5b6d1,break5_h1_nasdaq,streak_break,dead,0.644,0.152
2026-09-10,str_ecf1394eae,break3_h20_nasdaq,streak_break,dead,0.018,0.213
2026-09-10,tra_085bba7150,n504_h126_low_sp500,trailing_extreme,dead,0.801,0.9184
2026-09-10,tra_089dcbd8a1,n252_h126_high_nasdaq,trailing_extreme,dead,0.152,0.219
2026-09-10,tra_1f25b3bd0f,n126_h63_high_nasdaq,trailing_extreme,dead,0.629,0.543
2026-09-10,tra_22e8f33640,n126_h63_low_sp500,trailing_extreme,dead,0.926,0.353
2026-09-10,tra_4ced8af588,n252_h126_high_sp500,trailing_extreme,dead,0.092,0.095
2026-09-10,tra_5711325073,n504_h126_high_sp500,trailing_extreme,dead,0.546,0.019
2026-09-10,tra_9006717c86,n63_h21_low_nasdaq,trailing_extreme,dead,0.477,0.158
2026-09-10,tra_93edbbb9e4,n63_h21_high_sp500,trailing_extreme,dead,0.251,0.201
2026-09-10,tra_a60deafb82,n63_h21_high_nasdaq,trailing_extreme,dead,0.274,0.848
2026-09-10,tra_ace02affa1,n63_h21_low_sp500,trailing_extreme,dead,0.244,0.636
2026-09-10,tra_c5a6e7707e,n126_h63_low_nasdaq,trailing_extreme,dead,0.164,0.004
2026-09-10,tra_c802f55825,n252_h126_low_nasdaq,trailing_extreme,dead,0.431,0.3352
2026-09-10,tra_e355b4c138,n252_h126_low_sp500,trailing_extreme,dead,0.964,0.61
2026-09-10,tra_f8f8b8c0db,n126_h63_high_sp500,trailing_extreme,dead,0.375,0.013
2026-09-11,cal_021d07d02a,monthof_10_sp500,calendar,dead,0.923077,0.516484
2026-09-11,cal_02b889c7e0,monthof_8_sp500,calendar,dead,0.956044,0.704296
2026-09-11,cal_05facdcc22,quarter_end_sp500,calendar,dead,0.792208,0.73027
2026-09-11,cal_0662569f50,monthof_12_nasdaq,calendar,dead,0.516484,0.676324
2026-09-11,cal_116d0565a8,quarter_end_nasdaq,calendar,dead,0.875125,0.412587
2026-09-11,cal_11bf800cae,world_cup_year_nasdaq,calendar,survive,0.000999,0.098901
2026-09-11,cal_146a3e8961,dow_nasdaq,calendar,faded,0.000999,0.638362
2026-09-11,cal_19104677ae,monthof_6_sp500,calendar,dead,0.813187,0.487512
2026-09-11,cal_216be59585,monthof_11_nasdaq,calendar,dead,0.181818,0.344655
2026-09-11,cal_2a991b85ee,sell_in_may_nasdaq,calendar,dead,0.030969,0.52048
2026-09-11,cal_2bf2b4d53f,monthof_9_sp500,calendar,dead,0.002997,0.058941
2026-09-11,cal_2de632e38b,monthof_6_nasdaq,calendar,dead,0.99001,0.865135
2026-09-11,cal_2e5f17d421,month_nasdaq,calendar,inconclusive,0.303696,0.585415
2026-09-11,cal_2e7a9a5ca1,monthof_3_sp500,calendar,dead,0.651349,0.788212
2026-09-11,cal_345031f898,monthof_5_nasdaq,calendar,dead,0.604396,0.63037
2026-09-11,cal_398f5c0e31,opex_week_nasdaq,calendar,dead,0.61039,0.646354
2026-09-11,cal_433ee46bbe,opex_week_sp500,calendar,dead,0.223776,0.689311
2026-09-11,cal_456e8c2d5e,monthof_12_sp500,calendar,dead,0.21978,0.983017
2026-09-11,cal_4a891b25f0,monthof_8_nasdaq,calendar,dead,0.371628,0.894106
2026-09-11,cal_4aa242d26e,monthof_5_sp500,calendar,dead,0.28971,0.851149
2026-09-11,cal_4bf363bd79,monthof_7_sp500,calendar,dead,0.080919,0.406593
2026-09-11,cal_527d0ae2db,monthof_1_nasdaq,calendar,dead,0.056943,0.944056
2026-09-11,cal_579e6e1355,monthof_2_nasdaq,calendar,dead,0.406593,0.30969
2026-09-11,cal_597774dc60,monthof_1_sp500,calendar,dead,0.265734,0.538462
2026-09-11,cal_5a22160179,turn_of_month_sp500,calendar,faded,0.000999,0.186813
2026-09-11,cal_6a08a2ccb6,pre_holiday_nasdaq,calendar,dead,0.127872,0.192807
2026-09-11,cal_6ebedbd943,monthof_10_nasdaq,calendar,dead,0.679321,0.37962
2026-09-11,cal_6f4b839635,pre_fomc_nasdaq,calendar,dead,0.30969,0.290709
2026-09-11,cal_7114c0729a,month_sp500,calendar,inconclusive,0.01998,0.157842
2026-09-11,cal_7738ecb1bc,turn_of_month_nasdaq,calendar,faded,0.000999,0.165834
2026-09-11,cal_79870937ed,world_cup_year_sp500,calendar,dead,0.016983,0.163836
2026-09-11,cal_7ded9a48d4,monthof_2_sp500,calendar,dead,0.16983,0.258741
2026-09-11,cal_82e1f1d8c9,pre_holiday_sp500,calendar,dead,0.08991,0.145854
2026-09-11,cal_85cc7cc6d7,dow_sp500,calendar,faded,0.000999,0.852148
2026-09-11,cal_8669d8c09d,monthof_11_sp500,calendar,dead,0.448551,0.137862
2026-09-11,cal_87670427d9,january_sp500,calendar,dead,0.147852,0.708292
2026-09-11,cal_8d5125126b,term_year3_sp500,calendar,inconclusive,0.04995,
2026-09-11,cal_8fe611a742,santa_nasdaq,calendar,dead,0.006993,0.214785
2026-09-11,cal_94c08fa012,santa_sp500,calendar,faded,0.000999,0.207792
2026-09-11,cal_ba8471031e,pre_fomc_sp500,calendar,dead,0.154845,0.15984
2026-09-11,cal_bbcc723bdf,decade_digit_sp500,calendar,inconclusive,0.163836,
2026-09-11,cal_bc77212229,sell_in_may_sp500,calendar,dead,0.077922,0.250749
2026-09-11,cal_c3a33a6db5,monthof_4_sp500,calendar,dead,0.173826,0.207792
2026-09-11,cal_c8b0832b2e,monthof_7_nasdaq,calendar,dead,0.828172,0.59041
2026-09-11,cal_d4de5634d3,september_nasdaq,calendar,dead,0.005994,0.026973
2026-09-11,cal_e041ed5979,monthof_3_nasdaq,calendar,dead,0.639361,0.78022
2026-09-11,cal_e3052fad5c,monthof_4_nasdaq,calendar,dead,0.396603,0.506494
2026-09-11,cal_ec09c00a99,presidential_cycle_sp500,calendar,inconclusive,0.300699,
2026-09-11,cal_f70ee53794,monthof_9_nasdaq,calendar,dead,0.016983,0.042957
2026-09-11,cal_f80dd36a7a,january_nasdaq,calendar,dead,0.030969,0.471528
2026-09-11,cal_f923f81493,september_sp500,calendar,dead,0.001998,0.02997
2026-09-11,fac_4beec74249,BTC_mom20_neg,factor,dead,0.007,0.004
2026-09-11,fac_70486895ee,dxy_rising,factor,dead,0.435,0.75
2026-09-11,fac_7578b1d58f,vix_backwardation,factor,dead,0.865,0.589
2026-09-11,fac_778b84a969,NASDAQ_mom20_neg,factor,dead,0.048,0.567
2026-09-11,fac_79cf4a9a7b,NASDAQ_above_ma200,factor,dead,0.017,0.085
2026-09-11,fac_a1bf6a105c,nasdaq_rsi_overbought,factor,dead,0.366,0.45
2026-09-11,fac_ab89704768,nasdaq_high_vol,factor,dead,0.004,0.901
2026-09-11,fac_bed960d3e2,NASDAQ_mom20_pos,factor,dead,0.449,0.671
2026-09-11,fac_c872e5eb69,BTC_above_ma200,factor,dead,0.12,0.078
2026-09-11,fac_cc60102eac,dxy_falling,factor,dead,0.727,0.788
2026-09-11,fac_d738a0c3fd,nasdaq_low_vol,factor,dead,0.254,0.602
2026-09-11,fac_d8a4f38258,overnight_mom_neg,factor,dead,0.353,0.366
2026-09-11,fac_dcbd9f57b5,overnight_mom_pos,factor,dead,0.353,0.366
2026-09-11,fac_e2be6309e8,nasdaq_rsi_oversold,factor,dead,0.64,0.527
2026-09-11,fac_f834dcf2c0,BTC_mom20_pos,factor,survive,0.0,0.001
2026-09-11,opt_13e0620c3f,total_pc_lo_h10,options_sentiment,dead,0.74,0.74
2026-09-11,opt_2bdac60949,total_pc_hi_h10,options_sentiment,dead,0.864,0.864
2026-09-11,opt_6b7c040f34,equity_pc_hi_h20,options_sentiment,dead,0.979,0.979
2026-09-11,opt_706c7e01ed,equity_pc_lo_h20,options_sentiment,dead,0.125,0.125
2026-09-11,opt_aad2768b05,total_pc_hi_h20,options_sentiment,dead,0.413,0.413
2026-09-11,opt_c8998dbbe6,equity_pc_lo_h10,options_sentiment,dead,0.736,0.736
2026-09-11,opt_d6053cc7a0,total_pc_lo_h20,options_sentiment,dead,0.307,0.307
2026-09-11,opt_f09bd225c9,equity_pc_hi_h10,options_sentiment,dead,0.577,0.577
2026-09-11,pos_0e8203cb20,legacy_noncomm_pct_oi_hi_h20_sp500,positioning,dead,0.781,0.781
2026-09-11,pos_3b1f2f7be5,legacy_noncomm_pct_oi_lo_h60_nasdaq100,positioning,survive,0.0,0.0
2026-09-11,pos_4503921189,legacy_noncomm_pct_oi_lo_h20_sp500,positioning,dead,0.303,0.303
2026-09-11,pos_46e606b679,tff_lev_net_pct_oi_hi_h60_sp500,positioning,dead,0.842,0.842
2026-09-11,pos_4f52a87fc8,tff_lev_net_pct_oi_hi_h20_sp500,positioning,dead,0.687,0.687
2026-09-11,pos_5618fa6478,tff_lev_net_pct_oi_lo_h60_nasdaq100,positioning,dead,0.008,0.008
2026-09-11,pos_566a8459e8,tff_lev_net_pct_oi_lo_h20_nasdaq100,positioning,dead,0.445,0.445
2026-09-11,pos_69b292d2ff,legacy_noncomm_pct_oi_lo_h20_nasdaq100,positioning,dead,0.135,0.135
2026-09-11,pos_74c61491cb,legacy_noncomm_pct_oi_hi_h20_nasdaq100,positioning,dead,0.228,0.228
2026-09-11,pos_771e2a7ea4,tff_lev_net_pct_oi_lo_h20_sp500,positioning,dead,0.015,0.015
2026-09-11,pos_951ab21851,tff_lev_net_pct_oi_lo_h60_sp500,positioning,dead,0.198,0.198
2026-09-11,pos_ad633d4d56,tff_lev_net_pct_oi_hi_h60_nasdaq100,positioning,dead,0.104,0.104
2026-09-11,pos_c5297400c9,legacy_noncomm_pct_oi_lo_h60_sp500,positioning,dead,0.632,0.632
2026-09-11,pos_d898f33d4c,tff_lev_net_pct_oi_hi_h20_nasdaq100,positioning,dead,0.192,0.192
2026-09-11,pos_f7aa0cde34,legacy_noncomm_pct_oi_hi_h60_sp500,positioning,dead,0.495,0.495
2026-09-11,pos_fb69e287a1,legacy_noncomm_pct_oi_hi_h60_nasdaq100,positioning,dead,0.919,0.919
2026-09-11,reb_018df927fb,p1_h5_sp500,rebound,dead,0.271,0.627
2026-09-11,reb_0b54f655e4,p10_h1_nasdaq,rebound,faded,0.0,0.372
2026-09-11,reb_183bf3c31c,p5_h1_sp500,rebound,dead,0.943,0.267
2026-09-11,reb_2617209d72,p10_h5_nasdaq,rebound,faded,0.0,0.179
2026-09-11,reb_2b218993db,p1_h5_nasdaq,rebound,dead,0.528,0.798
2026-09-11,reb_7155c924ca,p10_h1_sp500,rebound,dead,0.252,0.067
2026-09-11,reb_7e3e4a8d62,p1_h1_sp500,rebound,dead,0.244,0.556
2026-09-11,reb_8055fe6f4a,p1_h1_nasdaq,rebound,dead,0.226,0.442
2026-09-11,reb_91f1615526,p10_h5_sp500,rebound,dead,0.036,0.643
2026-09-11,reb_9adb2feef5,p5_h1_nasdaq,rebound,survive,0.0,0.077
2026-09-11,reb_b016e921c3,p5_h5_sp500,rebound,dead,0.331,0.733
2026-09-11,reb_b61bcf84d2,p5_h5_nasdaq,rebound,dead,0.038,0.069
2026-09-11,reg_74448026aa,golden_cross_sp500,regime,survive,0.001,0.023
2026-09-11,reg_9c0efb465b,golden_cross_nasdaq,regime,dead,0.053,0.07
2026-09-11,str_104f8d7bd8,break3_h1_nasdaq,streak_break,dead,0.879,0.475
2026-09-11,str_10ce6fe56e,down4_h1_nasdaq,streak_down,dead,0.002,0.797
2026-09-11,str_1560c11bbd,break5_h5_nasdaq,streak_break,dead,0.792,0.317
2026-09-11,str_16775f1703,break3_h5_nasdaq,streak_break,dead,0.566,0.571
2026-09-11,str_1b6fe1e8ca,down3_h5_sp500,streak_down,dead,0.228,0.9
2026-09-11,str_36b9f79448,down3_h1_nasdaq,streak_down,dead,0.036,0.501
2026-09-11,str_4320d0a275,break3_h5_sp500,streak_break,dead,0.828,0.406
2026-09-11,str_43ea43f9bc,down3_h20_nasdaq,streak_down,dead,0.008,0.175
2026-09-11,str_5824ee8bd5,break5_h5_sp500,streak_break,dead,0.861,0.851
2026-09-11,str_79e97ed91e,down5_h5_nasdaq,streak_down,dead,0.043,0.05
2026-09-11,str_7fd52c09bf,down5_h20_sp500,streak_down,dead,0.828,0.097
2026-09-11,str_7ff66aade6,break5_h1_sp500,streak_break,dead,0.287,0.76
2026-09-11,str_8969baac75,break3_h20_sp500,streak_break,dead,0.03,0.344
2026-09-11,str_8bc1b7d951,down3_h20_sp500,streak_down,dead,0.076,0.933
2026-09-11,str_8c2a185099,down5_h1_sp500,streak_down,dead,0.302,0.015
2026-09-11,str_947583c00a,break5_h20_nasdaq,streak_break,dead,0.212,0.817
2026-09-11,str_9638e678bf,down4_h20_sp500,streak_down,dead,0.459,0.047
2026-09-11,str_a754f69e1f,break5_h20_sp500,streak_break,dead,0.5,0.92
2026-09-11,str_b2f9430e92,down5_h1_nasdaq,streak_down,dead,0.723,0.143
2026-09-11,str_b6d73df6b9,down5_h5_sp500,streak_down,dead,0.587,0.028
2026-09-11,str_b725749b5b,down3_h1_sp500,streak_down,dead,0.319,0.069
2026-09-11,str_b847620031,down4_h5_sp500,streak_down,dead,0.981,0.045
2026-09-11,str_b8d9734d1a,down4_h20_nasdaq,streak_down,dead,0.263,0.846
2026-09-11,str_b916af0ac0,down4_h5_nasdaq,streak_down,dead,0.285,0.043
2026-09-11,str_baa87542e8,down5_h20_nasdaq,streak_down,dead,0.201,0.401
2026-09-11,str_be41d45643,down3_h5_nasdaq,streak_down,dead,0.011,0.784
2026-09-11,str_be73a914d2,down4_h1_sp500,streak_down,dead,0.786,0.123
2026-09-11,str_df987e7acf,break3_h1_sp500,streak_break,dead,0.083,0.185
2026-09-11,str_eaadd5b6d1,break5_h1_nasdaq,streak_break,dead,0.648,0.15
2026-09-11,str_ecf1394eae,break3_h20_nasdaq,streak_break,dead,0.013,0.192
2026-09-11,tra_085bba7150,n504_h126_low_sp500,trailing_extreme,dead,0.799,0.9164
2026-09-11,tra_089dcbd8a1,n252_h126_high_nasdaq,trailing_extreme,dead,0.15,0.217
2026-09-11,tra_1f25b3bd0f,n126_h63_high_nasdaq,trailing_extreme,dead,0.633,0.546
2026-09-11,tra_22e8f33640,n126_h63_low_sp500,trailing_extreme,dead,0.92,0.352
2026-09-11,tra_4ced8af588,n252_h126_high_sp500,trailing_extreme,dead,0.09,0.094
2026-09-11,tra_5711325073,n504_h126_high_sp500,trailing_extreme,dead,0.548,0.019
2026-09-11,tra_9006717c86,n63_h21_low_nasdaq,trailing_extreme,dead,0.47,0.156
2026-09-11,tra_93edbbb9e4,n63_h21_high_sp500,trailing_extreme,dead,0.248,0.207
2026-09-11,tra_a60deafb82,n63_h21_high_nasdaq,trailing_extreme,dead,0.271,0.851
2026-09-11,tra_ace02affa1,n63_h21_low_sp500,trailing_extreme,dead,0.242,0.632
2026-09-11,tra_c5a6e7707e,n126_h63_low_nasdaq,trailing_extreme,dead,0.163,0.004
2026-09-11,tra_c802f55825,n252_h126_low_nasdaq,trailing_extreme,dead,0.431,0.3332
2026-09-11,tra_e355b4c138,n252_h126_low_sp500,trailing_extreme,dead,0.965,0.61
2026-09-11,tra_f8f8b8c0db,n126_h63_high_sp500,trailing_extreme,dead,0.371,0.014
