sealed_at,ledger,n_rows,fields,core_fields,full_head,core_head,note
2026-07-02T11:55:11Z,autodiscovery_log.csv,434,date|candidate_id|key|family|verdict|p|recent_p,date|candidate_id|key|family|verdict|p|recent_p,8d052ecd84ba61835543585f4ec95806552464c0906b7355cb43b868a0ffd1f9,8d052ecd84ba61835543585f4ec95806552464c0906b7355cb43b868a0ffd1f9,
2026-07-02T11:55:11Z,candidate_registry.csv,80,candidate_id|family|key|declared_date|reason|reviewer,candidate_id|family|key|declared_date|reason|reviewer,900c82012367bb9f85aa5ef3b7bd606d14e4a7174638862d3b309b7e5d16196d,900c82012367bb9f85aa5ef3b7bd606d14e4a7174638862d3b309b7e5d16196d,
2026-07-02T11:55:11Z,composite_log.csv,8,date|stance|score,date|stance|score,44f0fe09b354b767e63511a360839c0bfde8748c0f725b2542644c748756ce26,44f0fe09b354b767e63511a360839c0bfde8748c0f725b2542644c748756ce26,
2026-07-02T11:55:11Z,regime_forward_log.csv,7,date|verdict,date|verdict,18dfa973ed8387beaabca62c53e558f2a52cd6163b020eab9643bcae351058b7,18dfa973ed8387beaabca62c53e558f2a52cd6163b020eab9643bcae351058b7,
2026-07-02T11:55:11Z,senate_signal_log.csv,1,date|n_tested|overall_excess_pct|dropped_pct,date|n_tested|overall_excess_pct|dropped_pct,eb9980341a25641d94de26ddb62259706b85c226753c383aa057b838917abb27,eb9980341a25641d94de26ddb62259706b85c226753c383aa057b838917abb27,
2026-07-02T11:55:11Z,btc_backtest_log.csv,7,date|verdict|excess_cagr_pp,date|verdict|excess_cagr_pp,cd3325324dfd504f92e37074baa4ce0de611289bfea759779ebad3973b291c22,cd3325324dfd504f92e37074baa4ce0de611289bfea759779ebad3973b291c22,
2026-07-02T11:55:11Z,llm_read_log.csv,6,date|stance|text,date|stance|text,dca6ac2ff92ee9fcad891a16f95694f5ef468c96d46546fd95dbc4507d058e3b,dca6ac2ff92ee9fcad891a16f95694f5ef468c96d46546fd95dbc4507d058e3b,
2026-07-02T11:55:11Z,llm_weekly_log.csv,1,week|stance_trend|text,week|stance_trend|text,27fa1359ebf1d786af2495d5c67b9a9ccfbbed006a3b2e176c8137ded9ec5946,27fa1359ebf1d786af2495d5c67b9a9ccfbbed006a3b2e176c8137ded9ec5946,
2026-07-02T11:55:11Z,llm_monthly_log.csv,1,month|n_days|text,month|n_days|text,8d0b6e397b5d15992581e4e90926b46532d2c2555a96cb7531463555f6bf1f54,8d0b6e397b5d15992581e4e90926b46532d2c2555a96cb7531463555f6bf1f54,
2026-07-02T11:55:11Z,llm_prediction_log.csv,2,pred_date|symbol|direction|confidence|reason|horizon_td|entry_date|entry_px|exit_date|exit_px|ret_pct|bucket|hit|settled|dropped,pred_date|symbol|direction|confidence|reason|horizon_td,af362f163f52e0e0dfd6c2f53d63ec4d95dd8f6dacc50bcc76131ff4be61dad5,ca443769535429e7c21559fe0b1135a9bb7554427944c662401b52431a2bd881,
2026-07-02T11:55:11Z,pick_ledger.csv,29,pick_date|symbol|view|mom_pct|entry_date|entry_px|exit_date|exit_px|ret_pct|bench_pct|excess_pct|call_excess_pct|hit|settled|dropped,pick_date|symbol|view|mom_pct,5614457cea55a4c5bfdaf250d48e8b2529c1434a6bae829c1eefbcf5eb89abb7,17853e2a5b5119d4e30823532481ea0585f012f9dd5f56cd2eb901656f5db9d2,
2026-07-02T11:55:11Z,insider_signal_log.csv,33,filed_date|ticker|insider|title|txn_date|shares|value|entry_date|entry_px|exit_date|exit_px|fwd_pct|spy_pct|excess_pct|hit|settled|dropped,filed_date|ticker|insider|title|txn_date|shares|value,e684ae23a51880dd7f47238f9fa00f22162f0d05d41376c3dc419d07ce356e09,8f14c603ec0f93793b660070b592887f461394a7648e3e8bc571c3ec47ec90a7,
2026-07-02T20:40:07Z,autodiscovery_log.csv,514,date|candidate_id|key|family|verdict|p|recent_p,date|candidate_id|key|family|verdict|p|recent_p,42a3fe49261ab6c9d43ac984a5a37974c578a321e7b7e57ab80c46373dc3f60a,42a3fe49261ab6c9d43ac984a5a37974c578a321e7b7e57ab80c46373dc3f60a,
2026-07-02T20:40:07Z,composite_log.csv,9,date|stance|score,date|stance|score,557bf28d422a29a4ef4f937278b8183c8bb2592c1aa5454207e62f888598a2a3,557bf28d422a29a4ef4f937278b8183c8bb2592c1aa5454207e62f888598a2a3,
2026-07-02T20:40:07Z,regime_forward_log.csv,8,date|verdict,date|verdict,5833f62af8e70367df3586e9e9d66f0b89dca133af34bf81cf099bb1f634a270,5833f62af8e70367df3586e9e9d66f0b89dca133af34bf81cf099bb1f634a270,
2026-07-02T20:40:07Z,btc_backtest_log.csv,8,date|verdict|excess_cagr_pp,date|verdict|excess_cagr_pp,10e32f6813ad0860b04e01bb36b030533afe32df147c0dae8c2ca5f9a7f31114,10e32f6813ad0860b04e01bb36b030533afe32df147c0dae8c2ca5f9a7f31114,
2026-07-02T20:40:07Z,llm_prediction_log.csv,3,pred_date|symbol|direction|confidence|reason|horizon_td|entry_date|entry_px|exit_date|exit_px|ret_pct|bucket|hit|settled|dropped,pred_date|symbol|direction|confidence|reason|horizon_td,96467846f0b4f32a639dc5f58e5d11e60937e3367a7411469efdd672b41d055c,9a55af04cf03b1c371b7d49d0758c884f59e4bb311c0f1e2cf9df1a2bbc6e370,
2026-07-02T20:40:07Z,pick_ledger.csv,35,pick_date|symbol|view|mom_pct|entry_date|entry_px|exit_date|exit_px|ret_pct|bench_pct|excess_pct|call_excess_pct|hit|settled|dropped,pick_date|symbol|view|mom_pct,2d8fefd74b68a6bf673f5cd73902cf143e96a22cfa75d9c0cf2010a182f2fbad,d3aef5400bf88ab4b29d3484299c9e4cc89b555fc2229b441e80cc709c9eef84,
2026-07-02T22:40:49Z,llm_read_log.csv,7,date|stance|text,date|stance|text,3a706c7896e8975f42fdd90f9be54e7d65964638fc6cdeb465750891e53d00b7,3a706c7896e8975f42fdd90f9be54e7d65964638fc6cdeb465750891e53d00b7,
2026-07-02T22:40:49Z,pick_ledger.csv,37,pick_date|symbol|view|mom_pct|entry_date|entry_px|exit_date|exit_px|ret_pct|bench_pct|excess_pct|call_excess_pct|hit|settled|dropped,pick_date|symbol|view|mom_pct,45cfdebf8b26f04440f37722bad735ddb561b3dc5529c89271b5085ab3f0d4c4,c5fd4895ceb6897cc911146ed4d5abf598e15f2a44f56c418faf2c4e013a2e18,
2026-07-03T15:06:23Z,autodiscovery_log.csv,594,date|candidate_id|key|family|verdict|p|recent_p,date|candidate_id|key|family|verdict|p|recent_p,24976102120d738ed26e43ec34399b15f6a443e63ac1299e559a9290696dabdb,24976102120d738ed26e43ec34399b15f6a443e63ac1299e559a9290696dabdb,
2026-07-03T15:06:23Z,composite_log.csv,10,date|stance|score,date|stance|score,c74a8b8dd3fe82df39cfcf439730772bcabbefeebbb7c6c79d714ab77fbf543a,c74a8b8dd3fe82df39cfcf439730772bcabbefeebbb7c6c79d714ab77fbf543a,
2026-07-03T15:06:23Z,regime_forward_log.csv,9,date|verdict,date|verdict,cf885cf982d445ef1052adb536730fe38f2a39d5c431760d0f34e61f73e3019c,cf885cf982d445ef1052adb536730fe38f2a39d5c431760d0f34e61f73e3019c,
2026-07-03T15:06:23Z,btc_backtest_log.csv,9,date|verdict|excess_cagr_pp,date|verdict|excess_cagr_pp,3aa5d0e5d66b275f24c9fd93d8551b2b40ef049ad20a656838a8d7d3534333d2,3aa5d0e5d66b275f24c9fd93d8551b2b40ef049ad20a656838a8d7d3534333d2,
2026-07-03T15:06:23Z,llm_read_log.csv,8,date|stance|text,date|stance|text,52a9d12ecf5688a2e4eef7e71f4ddfb3804b99dbf61ff307ba4274bfe2499a82,52a9d12ecf5688a2e4eef7e71f4ddfb3804b99dbf61ff307ba4274bfe2499a82,
2026-07-03T15:06:23Z,pick_ledger.csv,43,pick_date|symbol|view|mom_pct|entry_date|entry_px|exit_date|exit_px|ret_pct|bench_pct|excess_pct|call_excess_pct|hit|settled|dropped,pick_date|symbol|view|mom_pct,3cfd0cfb4f47f9d48e5afaca7ed73d0684f10dbbb2c5d018f8fa02a20ad4068b,5c65143afe7208ead215925fe67546286e1e927ce268bf419b941271538dc977,
2026-07-03T15:06:23Z,overreaction_signal_log.csv,0,date|index|ret_pct|threshold_pct|signal|next_date|next_ret_pct|hit|settled,date|index|ret_pct|threshold_pct|signal,GENESIS,GENESIS,
2026-07-03T22:37:34Z,llm_prediction_log.csv,4,pred_date|symbol|direction|confidence|reason|horizon_td|entry_date|entry_px|exit_date|exit_px|ret_pct|bucket|hit|settled|dropped,pred_date|symbol|direction|confidence|reason|horizon_td,f8efc0db173e413cbae98b60228cf798bfcbab141af37c0e39d762d7dc44af58,19d031c08f2418909f8605836580e4d81e9dc2d25a101b336c89e55ef3064059,
2026-07-07T03:52:47Z,autodiscovery_log.csv,698,date|candidate_id|key|family|verdict|p|recent_p,date|candidate_id|key|family|verdict|p|recent_p,1683dcaa10e960c9b3685dac84438031ad484f6b29e11e65e5c227fab1b57466,1683dcaa10e960c9b3685dac84438031ad484f6b29e11e65e5c227fab1b57466,
2026-07-07T03:52:47Z,candidate_registry.csv,104,candidate_id|family|key|declared_date|reason|reviewer,candidate_id|family|key|declared_date|reason|reviewer,08e5f2f4014802308ea8e76c0d2acd1367b380c1825048afebc6e165cf3c0a74,08e5f2f4014802308ea8e76c0d2acd1367b380c1825048afebc6e165cf3c0a74,
2026-07-07T03:52:47Z,composite_log.csv,11,date|stance|score,date|stance|score,74d585bd7e87a7f8dc60dfd5b47cf7f0221d98b7264251593d6defebd9829a60,74d585bd7e87a7f8dc60dfd5b47cf7f0221d98b7264251593d6defebd9829a60,
2026-07-07T03:52:47Z,regime_forward_log.csv,10,date|verdict,date|verdict,c26106f8faa886b46239209524b55474126646c9ac41da3a6bfccb7c9201215b,c26106f8faa886b46239209524b55474126646c9ac41da3a6bfccb7c9201215b,
2026-07-07T03:52:47Z,btc_backtest_log.csv,10,date|verdict|excess_cagr_pp,date|verdict|excess_cagr_pp,8e4a4aab005e2ae4626920fd95b66766440a5e80c39796f75a41a02e5683a14e,8e4a4aab005e2ae4626920fd95b66766440a5e80c39796f75a41a02e5683a14e,
2026-07-07T03:52:47Z,llm_read_log.csv,9,date|stance|text,date|stance|text,8914641d48a43792967c4c4221f89de3b018f5267d61d236c140d0ef859e5b4c,8914641d48a43792967c4c4221f89de3b018f5267d61d236c140d0ef859e5b4c,
2026-07-07T03:52:47Z,llm_prediction_log.csv,5,pred_date|symbol|direction|confidence|reason|horizon_td|entry_date|entry_px|exit_date|exit_px|ret_pct|bucket|hit|settled|dropped,pred_date|symbol|direction|confidence|reason|horizon_td,060ca367e0cb9fe28f8bfe34ffc48295a1984e8d37beea8aa1483771f8f615fc,dd2b32952f0df0b484e2451cb6ddf2dc7b2ea4bd4d37978d6dd658e2c8eb9ed4,
2026-07-07T03:52:47Z,pick_ledger.csv,49,pick_date|symbol|view|mom_pct|entry_date|entry_px|exit_date|exit_px|ret_pct|bench_pct|excess_pct|call_excess_pct|hit|settled|dropped,pick_date|symbol|view|mom_pct,ddaf038e79b9095d5c0e50d845226775c8c668926afdeeb6b07a4a0aa3b993cc,38aec440a1342b6b79d263b6ba02ca57e604f7c4076c0941890a045339c70357,
2026-07-07T15:44:54Z,pick_ledger.csv,50,pick_date|symbol|view|mom_pct|entry_date|entry_px|exit_date|exit_px|ret_pct|bench_pct|excess_pct|call_excess_pct|hit|settled|dropped,pick_date|symbol|view|mom_pct,a029439dc34da5e53a7c75f5d14e0c30f9023694834b1e60724e0806099e4cdf,7f7e5f41690a6d641e00f842cc0755ac69be4d4f68a7e942ca6cede40794c9e6,
2026-07-08T15:14:39Z,autodiscovery_log.csv,802,date|candidate_id|key|family|verdict|p|recent_p,date|candidate_id|key|family|verdict|p|recent_p,20a2a877595a6060a0f46cb48f7b97a9ea9fb601092bf1216d6fb78187d8c91d,20a2a877595a6060a0f46cb48f7b97a9ea9fb601092bf1216d6fb78187d8c91d,
2026-07-08T15:14:39Z,composite_log.csv,12,date|stance|score,date|stance|score,a551e76d0f40d2d84fc8dddf0ec436c06186284a92d874afe25eed4e84b699a8,a551e76d0f40d2d84fc8dddf0ec436c06186284a92d874afe25eed4e84b699a8,
2026-07-08T15:14:39Z,regime_forward_log.csv,11,date|verdict,date|verdict,19a5a3a1784e08ed11abde711909c99ad5381d820a15623a8db1586b57e1b328,19a5a3a1784e08ed11abde711909c99ad5381d820a15623a8db1586b57e1b328,
2026-07-08T15:14:39Z,btc_backtest_log.csv,11,date|verdict|excess_cagr_pp,date|verdict|excess_cagr_pp,c406ac38442ecae8b7ecd75e9e8c3cd25aac806eea3abff85b087026ab255cb3,c406ac38442ecae8b7ecd75e9e8c3cd25aac806eea3abff85b087026ab255cb3,
2026-07-08T15:14:39Z,pick_ledger.csv,56,pick_date|symbol|view|mom_pct|entry_date|entry_px|exit_date|exit_px|ret_pct|bench_pct|excess_pct|call_excess_pct|hit|settled|dropped,pick_date|symbol|view|mom_pct,f885d6c0246661dec32486d2a6d638ce8b90a355eaadec8c28f714d04a3be865,ceceb3ccda387e33bd555f461a16330f37212d84ee28c9bc355d260138531da1,
2026-07-08T22:36:45Z,llm_prediction_log.csv,6,pred_date|symbol|direction|confidence|reason|horizon_td|entry_date|entry_px|exit_date|exit_px|ret_pct|bucket|hit|settled|dropped,pred_date|symbol|direction|confidence|reason|horizon_td,20c395820ca5e6c4ece3542639c541d6b23ce6ea3501f9670188e47d90cb4f09,eee9daaa804820c11d3e90439622b891f6c613905c295c4659e864f1f3e01255,
2026-07-09T15:57:25Z,autodiscovery_log.csv,906,date|candidate_id|key|family|verdict|p|recent_p,date|candidate_id|key|family|verdict|p|recent_p,db35c92b51adccc79633a44e03a0f5a4dc8a6b8ddd3099d72be6037dd93c9417,db35c92b51adccc79633a44e03a0f5a4dc8a6b8ddd3099d72be6037dd93c9417,
2026-07-09T15:57:25Z,composite_log.csv,13,date|stance|score,date|stance|score,c06e4741fc6fa526a635dd370961bed9906071282f1697cdd09854c6ee6e5e72,c06e4741fc6fa526a635dd370961bed9906071282f1697cdd09854c6ee6e5e72,
2026-07-09T15:57:25Z,regime_forward_log.csv,12,date|verdict,date|verdict,ab1999b287fdefd554951e4185d363ca19011fbc9f02b559281d52191d268082,ab1999b287fdefd554951e4185d363ca19011fbc9f02b559281d52191d268082,
2026-07-09T15:57:25Z,btc_backtest_log.csv,12,date|verdict|excess_cagr_pp,date|verdict|excess_cagr_pp,27c9b382a8e7ff8578c49a50efb52876b2ae9045d75607e015e91bf9bbfcdbff,27c9b382a8e7ff8578c49a50efb52876b2ae9045d75607e015e91bf9bbfcdbff,
2026-07-09T15:57:25Z,llm_prediction_log.csv,7,pred_date|symbol|direction|confidence|reason|horizon_td|entry_date|entry_px|exit_date|exit_px|ret_pct|bucket|hit|settled|dropped,pred_date|symbol|direction|confidence|reason|horizon_td,8a4ddf276797d250b7857eb4116ad0eb16b807274e6242e661aa836a37b23d5e,6cc4f815cb709c989b370c2ebe9dc07a2e292692f460420347cdc864ebeacd75,
2026-07-09T15:57:25Z,pick_ledger.csv,62,pick_date|symbol|view|mom_pct|entry_date|entry_px|exit_date|exit_px|ret_pct|bench_pct|excess_pct|call_excess_pct|hit|settled|dropped,pick_date|symbol|view|mom_pct,179f010e0b7795b20db3bdeea78c89be348527b9411addf0ee5226bc638100da,f89f76036b4195f6737d2d19165469746b03db81a97adf0fa6b46d533510b773,
2026-07-10T15:31:09Z,autodiscovery_log.csv,1010,date|candidate_id|key|family|verdict|p|recent_p,date|candidate_id|key|family|verdict|p|recent_p,27bc38bfd085b95211c4b5e1d5423f04e3c5b31b687447f67d57c88c3733cf0a,27bc38bfd085b95211c4b5e1d5423f04e3c5b31b687447f67d57c88c3733cf0a,
2026-07-10T15:31:09Z,composite_log.csv,14,date|stance|score,date|stance|score,618e3d2824fb5b41522dbaeb48bca8a1be0936cc6fd2a50cf1de540ec6d250b3,618e3d2824fb5b41522dbaeb48bca8a1be0936cc6fd2a50cf1de540ec6d250b3,
2026-07-10T15:31:09Z,regime_forward_log.csv,13,date|verdict,date|verdict,692adfb9af6744be6372c7db7a3e94ca3e84e5e5a10e4c4e7abdb858d2520cae,692adfb9af6744be6372c7db7a3e94ca3e84e5e5a10e4c4e7abdb858d2520cae,
2026-07-10T15:31:09Z,btc_backtest_log.csv,13,date|verdict|excess_cagr_pp,date|verdict|excess_cagr_pp,c0ab1173fbe0c76c0f3dc9c800289dd29d1a405be73731b0e87eae52f700bd0f,c0ab1173fbe0c76c0f3dc9c800289dd29d1a405be73731b0e87eae52f700bd0f,
2026-07-10T15:31:09Z,llm_read_log.csv,10,date|stance|text,date|stance|text,f5dc971553e8ad18d2ba81ce0736a9f0cb5afc1af1d99a86f36bf9be9553741a,f5dc971553e8ad18d2ba81ce0736a9f0cb5afc1af1d99a86f36bf9be9553741a,
2026-07-10T15:31:09Z,llm_prediction_log.csv,7,pred_date|symbol|direction|confidence|reason|horizon_td|entry_date|entry_px|exit_date|exit_px|ret_pct|bucket|hit|settled|dropped,pred_date|symbol|direction|confidence|reason|horizon_td,a148579eab22d2529693a263106e1ee31919caada5f1c6cdf686e6240e7c0cdf,6cc4f815cb709c989b370c2ebe9dc07a2e292692f460420347cdc864ebeacd75,
2026-07-10T15:31:09Z,pick_ledger.csv,68,pick_date|symbol|view|mom_pct|entry_date|entry_px|exit_date|exit_px|ret_pct|bench_pct|excess_pct|call_excess_pct|hit|settled|dropped,pick_date|symbol|view|mom_pct,331760fdb7e1b2088837c9ad780da1ed2b3d2e9c3a22d0afd844ff27990ec1c6,f33c3440be31e83925b5b2f9e6ce05e772ed8201750980410de21b6728bc5358,
2026-07-10T22:37:07Z,llm_prediction_log.csv,8,pred_date|symbol|direction|confidence|reason|horizon_td|entry_date|entry_px|exit_date|exit_px|ret_pct|bucket|hit|settled|dropped,pred_date|symbol|direction|confidence|reason|horizon_td,937e31920769efd7a5d6393601d54f39c7577ef4dba5cb3fc94c2bbdae1559ac,feeaaf8b81a9a3de59c9f41e18a9e185d0b885f9f345f9e08dbd8d29ed70f726,
2026-07-10T22:37:07Z,pick_ledger.csv,70,pick_date|symbol|view|mom_pct|entry_date|entry_px|exit_date|exit_px|ret_pct|bench_pct|excess_pct|call_excess_pct|hit|settled|dropped,pick_date|symbol|view|mom_pct,cee9a40b2953380c8d49aaa9cb12215d437ee764e703366a3706d879033fe512,7c36134c71f31fd1c4548254917406533f928881e41412844a58a3362557fd3e,
2026-07-13T15:44:57Z,autodiscovery_log.csv,1158,date|candidate_id|key|family|verdict|p|recent_p,date|candidate_id|key|family|verdict|p|recent_p,63f5af94f0a32fec238d80984c75dd46ac2bea1f70960cf52b9f882191f42233,63f5af94f0a32fec238d80984c75dd46ac2bea1f70960cf52b9f882191f42233,
2026-07-13T15:44:57Z,candidate_registry.csv,148,candidate_id|family|key|declared_date|reason|reviewer,candidate_id|family|key|declared_date|reason|reviewer,a790a387432f94ffcebbb56756601cf24902864ccb25b583de91097f8bf3c98d,a790a387432f94ffcebbb56756601cf24902864ccb25b583de91097f8bf3c98d,
2026-07-13T15:44:57Z,composite_log.csv,15,date|stance|score,date|stance|score,761f63eab75b69dd4c16a529cca584ecbd5cd21ba742781bfbea3ff00b3c8fd1,761f63eab75b69dd4c16a529cca584ecbd5cd21ba742781bfbea3ff00b3c8fd1,
2026-07-13T15:44:57Z,regime_forward_log.csv,14,date|verdict,date|verdict,06cddc4dbf9fc4581e425b4ab8694e60fbbc1700d1fe7bd23d48dcd102ded5b3,06cddc4dbf9fc4581e425b4ab8694e60fbbc1700d1fe7bd23d48dcd102ded5b3,
2026-07-13T15:44:57Z,btc_backtest_log.csv,14,date|verdict|excess_cagr_pp,date|verdict|excess_cagr_pp,083950f74867bb590a5a4167c9c49d0744975fbdb7d7f4807c8e20c1cd8ac1dc,083950f74867bb590a5a4167c9c49d0744975fbdb7d7f4807c8e20c1cd8ac1dc,
2026-07-13T15:44:57Z,llm_read_log.csv,11,date|stance|text,date|stance|text,2945b1947ae300de70ba80af7e353be981b46367010189054ae1555f37457e4b,2945b1947ae300de70ba80af7e353be981b46367010189054ae1555f37457e4b,
2026-07-13T15:44:57Z,llm_prediction_log.csv,9,pred_date|symbol|direction|confidence|reason|horizon_td|entry_date|entry_px|exit_date|exit_px|ret_pct|bucket|hit|settled|dropped,pred_date|symbol|direction|confidence|reason|horizon_td,0221db1e7515b7e6954eb2fc4a38560c58537875b82691a7f207e97a529634bd,baf1949b22432b2afc82328b59afbafb288172fa6e23ccca65c02d3f37385ddf,
2026-07-13T15:44:57Z,pick_ledger.csv,76,pick_date|symbol|view|mom_pct|entry_date|entry_px|exit_date|exit_px|ret_pct|bench_pct|excess_pct|call_excess_pct|hit|settled|dropped,pick_date|symbol|view|mom_pct,62ca33e94092790f287f8d25f80c46cedb8b987e20b0951f48f4cd66a875d8f3,150f1d1e66bfdf2a98effe4b1c66789ccb4dc6550a0216bec86b63eb91051ca5,
2026-07-13T22:32:10Z,pick_ledger.csv,78,pick_date|symbol|view|mom_pct|entry_date|entry_px|exit_date|exit_px|ret_pct|bench_pct|excess_pct|call_excess_pct|hit|settled|dropped,pick_date|symbol|view|mom_pct,442636cc64a28cb4236070fa129a3fde5ec148d05bbbaa078d7c253ad197d2ee,62d429daf8e2dc05681e94ab6adc89f514c39b2d9dcc026f999f09931907ccba,
2026-07-14T14:47:05Z,autodiscovery_log.csv,1306,date|candidate_id|key|family|verdict|p|recent_p,date|candidate_id|key|family|verdict|p|recent_p,b8a62c92d20c6ba055956fa644ac2c855e34a610f5697ff3ff9a66aae73f2cbb,b8a62c92d20c6ba055956fa644ac2c855e34a610f5697ff3ff9a66aae73f2cbb,
2026-07-14T14:47:05Z,composite_log.csv,16,date|stance|score,date|stance|score,eca203eaba435ac21b4b874d4ff33027a9409108093dd08e99b22735dce8b62b,eca203eaba435ac21b4b874d4ff33027a9409108093dd08e99b22735dce8b62b,
2026-07-14T14:47:05Z,regime_forward_log.csv,15,date|verdict,date|verdict,c80db3b1f44d57700080e318d656c9b7789d5f7a5042811622e75f36ce562983,c80db3b1f44d57700080e318d656c9b7789d5f7a5042811622e75f36ce562983,
2026-07-14T14:47:05Z,btc_backtest_log.csv,15,date|verdict|excess_cagr_pp,date|verdict|excess_cagr_pp,53d302dbca0022a1a005234f1ba8b4cca44c8d5f7e443163db8a4a6555119ba0,53d302dbca0022a1a005234f1ba8b4cca44c8d5f7e443163db8a4a6555119ba0,
2026-07-14T14:47:05Z,pick_ledger.csv,84,pick_date|symbol|view|mom_pct|entry_date|entry_px|exit_date|exit_px|ret_pct|bench_pct|excess_pct|call_excess_pct|hit|settled|dropped,pick_date|symbol|view|mom_pct,72d713433971a455659cc14320e52a300c22dd6c59ab55fe274c199c91c4f9c7,ecad7aa82c4f15c45c87cb4c9786857d368550a36be7d01c75d9d3e1ffeb5a95,
2026-07-14T22:36:59Z,llm_read_log.csv,12,date|stance|text,date|stance|text,e55567e33ca1cab60d07d3ee1497670c00bd49621782d4c80bd02cd07bee1ba2,e55567e33ca1cab60d07d3ee1497670c00bd49621782d4c80bd02cd07bee1ba2,
2026-07-14T22:36:59Z,llm_prediction_log.csv,10,pred_date|symbol|direction|confidence|reason|horizon_td|entry_date|entry_px|exit_date|exit_px|ret_pct|bucket|hit|settled|dropped,pred_date|symbol|direction|confidence|reason|horizon_td,023d3c041558b8ca5a38a12468b97c1c824b32dd61ad12c753c11753d7f2a3fe,be68f08f4a6d16c86487cddaf1dfcf7c5f66710100b0e8aa10c4746028604f11,
2026-07-14T22:36:59Z,pick_ledger.csv,85,pick_date|symbol|view|mom_pct|entry_date|entry_px|exit_date|exit_px|ret_pct|bench_pct|excess_pct|call_excess_pct|hit|settled|dropped,pick_date|symbol|view|mom_pct,7cbeb5dba9e332694ce020380a05163802133cfa44c81702b925a01ec80dcec9,0f3a57e312ce8ed6e756e631d03fbb096271cf74a879ae1c520354dbe0f86f39,
2026-07-15T14:48:21Z,autodiscovery_log.csv,1454,date|candidate_id|key|family|verdict|p|recent_p,date|candidate_id|key|family|verdict|p|recent_p,ee587debb301c0fdc8c139cd8808ed1f95b6ea223521d8f3740ea62cdcb9200f,ee587debb301c0fdc8c139cd8808ed1f95b6ea223521d8f3740ea62cdcb9200f,
2026-07-15T14:48:21Z,composite_log.csv,17,date|stance|score,date|stance|score,1c747a022b402dd3a49db394e9963e16c3a00677edb8d2a3f0c1866af546b894,1c747a022b402dd3a49db394e9963e16c3a00677edb8d2a3f0c1866af546b894,
2026-07-15T14:48:21Z,regime_forward_log.csv,16,date|verdict,date|verdict,3b77fc38b1130f91abfec706d9b5ddf3bdd7b600931b9800583518d822b7c258,3b77fc38b1130f91abfec706d9b5ddf3bdd7b600931b9800583518d822b7c258,
2026-07-15T14:48:21Z,btc_backtest_log.csv,16,date|verdict|excess_cagr_pp,date|verdict|excess_cagr_pp,8a2cd085766a223b365eaa13ec05c700cfbdb55b5c5f637386eb2bb547a15ebe,8a2cd085766a223b365eaa13ec05c700cfbdb55b5c5f637386eb2bb547a15ebe,
2026-07-15T14:48:21Z,llm_read_log.csv,13,date|stance|text,date|stance|text,80530abc2e877a1576970d9f839221bb388c335c3eaf1b5a0444af6a1ce43bbc,80530abc2e877a1576970d9f839221bb388c335c3eaf1b5a0444af6a1ce43bbc,
2026-07-15T14:48:21Z,ipo_alert_log.csv,6,date_utc|cik|company|ticker|stage|form|tier_reasons|adsh|pushed,date_utc|cik|company|ticker|stage|form|tier_reasons|adsh|pushed,0e68578d71443316488dc45ea24642e82490b503baaf6b9c9d0ffaaebb8ea2dd,0e68578d71443316488dc45ea24642e82490b503baaf6b9c9d0ffaaebb8ea2dd,
2026-07-15T14:48:21Z,llm_prediction_log.csv,11,pred_date|symbol|direction|confidence|reason|horizon_td|entry_date|entry_px|exit_date|exit_px|ret_pct|bucket|hit|settled|dropped,pred_date|symbol|direction|confidence|reason|horizon_td,dfbd9700143fc762d78493c778be44b660b84f51ac35ae30c12a4040e4011e64,dcbb52176cbcfcf22abb5cfbae38f70d40bffe76acd4daf61e4eb175eaa8ce16,
2026-07-15T14:48:21Z,pick_ledger.csv,91,pick_date|symbol|view|mom_pct|entry_date|entry_px|exit_date|exit_px|ret_pct|bench_pct|excess_pct|call_excess_pct|hit|settled|dropped,pick_date|symbol|view|mom_pct,33db355ffe8d0780e508165450f4cafba15cf2af495810b24e6335af8bfa7394,73ee295a00d5fd7559e4643ae532381bb29e79b2137cbb4466a5f447e0cfc861,
2026-07-15T22:35:42Z,llm_prediction_log.csv,11,pred_date|symbol|direction|confidence|reason|horizon_td|entry_date|entry_px|exit_date|exit_px|ret_pct|bucket|hit|settled|dropped,pred_date|symbol|direction|confidence|reason|horizon_td,ab0cafd4861641004c577daa920a5819c67c15f3b685d4235f6dfd885a443ed5,dcbb52176cbcfcf22abb5cfbae38f70d40bffe76acd4daf61e4eb175eaa8ce16,
2026-07-15T22:35:42Z,pick_ledger.csv,92,pick_date|symbol|view|mom_pct|entry_date|entry_px|exit_date|exit_px|ret_pct|bench_pct|excess_pct|call_excess_pct|hit|settled|dropped,pick_date|symbol|view|mom_pct,845c5c2627fc07e5001af56888f95b9abb3e6dcb8a46c6eed7e91ee87a19957c,287edc93a14c06cb1a6c751b7c17551c6fa094673438d29c7cd5bde47f67b2bd,
2026-07-16T14:58:24Z,autodiscovery_log.csv,1602,date|candidate_id|key|family|verdict|p|recent_p,date|candidate_id|key|family|verdict|p|recent_p,04011cb96727cb8d1ddac4f42b78f6c52f01efdc8d647a36a01734293343031b,04011cb96727cb8d1ddac4f42b78f6c52f01efdc8d647a36a01734293343031b,
2026-07-16T14:58:24Z,composite_log.csv,18,date|stance|score,date|stance|score,57acb59b8db69998f7bdf0b2609c3799e93d267694f750b7a83bfb64c4bb2e8a,57acb59b8db69998f7bdf0b2609c3799e93d267694f750b7a83bfb64c4bb2e8a,
2026-07-16T14:58:24Z,regime_forward_log.csv,17,date|verdict,date|verdict,e6a13d20a3d8548512e7ac49452bbb77d0a281478c8891a7cf27c0ae48703007,e6a13d20a3d8548512e7ac49452bbb77d0a281478c8891a7cf27c0ae48703007,
2026-07-16T14:58:24Z,btc_backtest_log.csv,17,date|verdict|excess_cagr_pp,date|verdict|excess_cagr_pp,c10e36fd086e5cdaf54766d255be8f5e9a11a0be0270b5cb53bc3c387f1580c9,c10e36fd086e5cdaf54766d255be8f5e9a11a0be0270b5cb53bc3c387f1580c9,
2026-07-16T14:58:24Z,llm_prediction_log.csv,11,pred_date|symbol|direction|confidence|reason|horizon_td|entry_date|entry_px|exit_date|exit_px|ret_pct|bucket|hit|settled|dropped,pred_date|symbol|direction|confidence|reason|horizon_td,1aae10b8d5951fd44f5047352788d43500207e0c0308d60579d99d9053bad614,dcbb52176cbcfcf22abb5cfbae38f70d40bffe76acd4daf61e4eb175eaa8ce16,
2026-07-16T14:58:24Z,pick_ledger.csv,98,pick_date|symbol|view|mom_pct|entry_date|entry_px|exit_date|exit_px|ret_pct|bench_pct|excess_pct|call_excess_pct|hit|settled|dropped,pick_date|symbol|view|mom_pct,f6ed8c65ad99fab31eb4eed88fbec2678eb6548f07f029d264f6c2840b717d8e,5a4fdf36d4dbb06962ab767bd3b27f9d23f876b3e10d16defb60ee0a8b0a642a,
2026-07-16T22:35:13Z,llm_read_log.csv,14,date|stance|text,date|stance|text,ef6bbcd5db7b28b0bffccf7efe669d0d10f2a29fb91e1a35a6f4ddd2e89aca71,ef6bbcd5db7b28b0bffccf7efe669d0d10f2a29fb91e1a35a6f4ddd2e89aca71,
2026-07-16T22:35:13Z,llm_prediction_log.csv,12,pred_date|symbol|direction|confidence|reason|horizon_td|entry_date|entry_px|exit_date|exit_px|ret_pct|bucket|hit|settled|dropped,pred_date|symbol|direction|confidence|reason|horizon_td,fa9e9fc7912ddce674fb0b97e4810af4032d96cc0949c517e9580b24bea3d06e,c1b0bc695968c2137d444fc38c3f27d5bdb4b6ed717e0b9e8afb17b1591f5df0,
2026-07-17T14:31:18Z,autodiscovery_log.csv,1750,date|candidate_id|key|family|verdict|p|recent_p,date|candidate_id|key|family|verdict|p|recent_p,6f0d424ccb8a91a68bd221d5443ad54253a695ea49eec47db78948ada9f5714e,6f0d424ccb8a91a68bd221d5443ad54253a695ea49eec47db78948ada9f5714e,
2026-07-17T14:31:18Z,composite_log.csv,19,date|stance|score,date|stance|score,22962ba6898a02662bffa8cae2499ccae2e4d516b978fbea0c22093048f1a12f,22962ba6898a02662bffa8cae2499ccae2e4d516b978fbea0c22093048f1a12f,
2026-07-17T14:31:18Z,regime_forward_log.csv,18,date|verdict,date|verdict,e3f6a434c912a38565a10f3b210f0bab8e8b043c4e428c423584e8e9e97ec662,e3f6a434c912a38565a10f3b210f0bab8e8b043c4e428c423584e8e9e97ec662,
2026-07-17T14:31:18Z,btc_backtest_log.csv,18,date|verdict|excess_cagr_pp,date|verdict|excess_cagr_pp,8920479ab0288253348e4a5478d350dadb1d057b9099b44bafddce17e0b1a58e,8920479ab0288253348e4a5478d350dadb1d057b9099b44bafddce17e0b1a58e,
2026-07-17T14:31:18Z,llm_prediction_log.csv,13,pred_date|symbol|direction|confidence|reason|horizon_td|entry_date|entry_px|exit_date|exit_px|ret_pct|bucket|hit|settled|dropped,pred_date|symbol|direction|confidence|reason|horizon_td,5a927a16f9337cfbfd0d5fcc4f7139aa80bbccfb1e812d9161ed949859ffbe3d,2446535574e6b5ad2dd8cf2e06f37e3d5fd07e522a9b807fb7ff612ba6fa76cd,
2026-07-17T14:31:18Z,pick_ledger.csv,104,pick_date|symbol|view|mom_pct|entry_date|entry_px|exit_date|exit_px|ret_pct|bench_pct|excess_pct|call_excess_pct|hit|settled|dropped,pick_date|symbol|view|mom_pct,324a3061997aac7af5bb95175b36ba804bb813997912b4c3c481fd45bd30a808,eb7111e5e2b276521eec2768d15d6f80edfd911943c1c95d293acf89d8968d9e,
2026-07-20T15:08:21Z,autodiscovery_log.csv,1898,date|candidate_id|key|family|verdict|p|recent_p,date|candidate_id|key|family|verdict|p|recent_p,6157b79f22b08ce4100ce7c438b4b46e2daa975995933ffc9cb72482a8de9c13,6157b79f22b08ce4100ce7c438b4b46e2daa975995933ffc9cb72482a8de9c13,
2026-07-20T15:08:21Z,composite_log.csv,20,date|stance|score,date|stance|score,54112ad952a8d6a4f681330e3044b21236df92c7e92811fade7d6245a9c21d86,54112ad952a8d6a4f681330e3044b21236df92c7e92811fade7d6245a9c21d86,
2026-07-20T15:08:21Z,regime_forward_log.csv,19,date|verdict,date|verdict,df3574d950eba272145f43aedc0c8d20cb71c2ccde73605c4c6c7bdd90252d8b,df3574d950eba272145f43aedc0c8d20cb71c2ccde73605c4c6c7bdd90252d8b,
2026-07-20T15:08:21Z,btc_backtest_log.csv,19,date|verdict|excess_cagr_pp,date|verdict|excess_cagr_pp,da2cb49973a0b2b6a998611513999a8b98fd89c4818e571d4116017d97ca9c8b,da2cb49973a0b2b6a998611513999a8b98fd89c4818e571d4116017d97ca9c8b,
2026-07-20T15:08:21Z,llm_prediction_log.csv,14,pred_date|symbol|direction|confidence|reason|horizon_td|entry_date|entry_px|exit_date|exit_px|ret_pct|bucket|hit|settled|dropped,pred_date|symbol|direction|confidence|reason|horizon_td,61c9760dfdc3caaddce688295a6f3960902beef70de29ad4cc6963309354b761,2923e9a619b5028d97a4acb6d94a9a4c827c8a3d79fa2e2710a987d855f47fa1,
2026-07-20T15:08:21Z,pick_ledger.csv,110,pick_date|symbol|view|mom_pct|entry_date|entry_px|exit_date|exit_px|ret_pct|bench_pct|excess_pct|call_excess_pct|hit|settled|dropped,pick_date|symbol|view|mom_pct,4a28642d7835180d62a6ab40e8702054030ab8133ef3d1d0406b7b346d2d5910,aa8d3eb6110e2d19b751a898f72c12f0092d7bb54c694f51ee5324515e1b529d,
2026-07-20T15:08:21Z,au_pick_ledger.csv,12,pick_date|symbol|view|mom_pct|entry_date|entry_px|exit_date|exit_px|ret_pct|bench_pct|excess_pct|call_excess_pct|hit|settled|dropped,pick_date|symbol|view|mom_pct,8922df3858cabdc891295f1518d76bf0b50792209df90ffb929b65c13d548d5a,0ef61ccb640e3cfa5f2eeef9517f816c1d547f50a64fa63bd8e49d88c3058f4b,
2026-07-20T22:36:22Z,llm_read_log.csv,15,date|stance|text,date|stance|text,5bfd1acc1ad33d458545ff90bfae47054f9588a76e329749741111c6ccb5720d,5bfd1acc1ad33d458545ff90bfae47054f9588a76e329749741111c6ccb5720d,
2026-07-21T15:02:32Z,autodiscovery_log.csv,2046,date|candidate_id|key|family|verdict|p|recent_p,date|candidate_id|key|family|verdict|p|recent_p,28759e857dcb8185bf923e1db2702a1f0a70e6f3aa6716e279c6be4b527ff8a8,28759e857dcb8185bf923e1db2702a1f0a70e6f3aa6716e279c6be4b527ff8a8,
2026-07-21T15:02:32Z,composite_log.csv,21,date|stance|score,date|stance|score,dff1f9759a354153458f2e19ec955e6894eb39a873973608efa4aeeefad2d4f9,dff1f9759a354153458f2e19ec955e6894eb39a873973608efa4aeeefad2d4f9,
2026-07-21T15:02:32Z,regime_forward_log.csv,20,date|verdict,date|verdict,0e8dbb4829118925d93814a9cbdbd10f424d69487504f7923c8f37195b9f6404,0e8dbb4829118925d93814a9cbdbd10f424d69487504f7923c8f37195b9f6404,
2026-07-21T15:02:32Z,btc_backtest_log.csv,20,date|verdict|excess_cagr_pp,date|verdict|excess_cagr_pp,4bff48955030941a0cd8968ce533b37abdaca167d0d2724823d55de1d1a54665,4bff48955030941a0cd8968ce533b37abdaca167d0d2724823d55de1d1a54665,
2026-07-21T15:02:32Z,llm_read_log.csv,16,date|stance|text,date|stance|text,e90d0f1e9a280d1f5093e7cb8f553106f930457db745a218d156f7e35c0e0863,e90d0f1e9a280d1f5093e7cb8f553106f930457db745a218d156f7e35c0e0863,
2026-07-21T15:02:32Z,ipo_aftermath_log.csv,4,cik|company|ticker|first_trade_date|d1_pct|d5_pct|d20_pct|vs_qqq_d20_pct|alert_lead_days|alert_quality|updated,cik|company|ticker|first_trade_date|d1_pct|d5_pct|d20_pct|vs_qqq_d20_pct|alert_lead_days|alert_quality|updated,241fccb0da69ea9ea5cb47d9e0a54df14a114e57152bc615932dfcef96c19239,241fccb0da69ea9ea5cb47d9e0a54df14a114e57152bc615932dfcef96c19239,
2026-07-21T15:02:32Z,llm_prediction_log.csv,15,pred_date|symbol|direction|confidence|reason|horizon_td|entry_date|entry_px|exit_date|exit_px|ret_pct|bucket|hit|settled|dropped,pred_date|symbol|direction|confidence|reason|horizon_td,69f7bc91d8425058f46959ac171ba4b905d9507bad9eb8d922633035523900d7,a34627d634ba0924d399b4d9b4131a384f9af6596a5dbccaabcf00dc70b8784e,
2026-07-21T15:02:32Z,pick_ledger.csv,116,pick_date|symbol|view|mom_pct|entry_date|entry_px|exit_date|exit_px|ret_pct|bench_pct|excess_pct|call_excess_pct|hit|settled|dropped,pick_date|symbol|view|mom_pct,bd07215454c42b8f45b14858cf5a0a584c00b81505566cde3cb81e280af06457,e11a0c9636b2fb5e8e0834efbf31745d8728e3de079db28125397fc8cd2343ed,
2026-07-21T15:02:32Z,pick_ledger_v2.csv,7,pick_date|symbol|view|mom_pct|entry_date|entry_px|exit_date|exit_px|ret_pct|bench_pct|excess_pct|call_excess_pct|hit|settled|dropped,pick_date|symbol|view|mom_pct,737a09bf14df763cc4f6a8eee723ffaeddc04e741b9b952fd4ae870114d6ed1f,c7b4c44e943448d09f143b9e79a580342d24524e3677ec35127b69199ae1a918,
2026-07-21T15:02:32Z,au_pick_ledger.csv,18,pick_date|symbol|view|mom_pct|entry_date|entry_px|exit_date|exit_px|ret_pct|bench_pct|excess_pct|call_excess_pct|hit|settled|dropped,pick_date|symbol|view|mom_pct,7871ae469e7b58c668e168a42031114383f30ef35b6acf73c6c8fa2f5bbae983,bc9a582fac4fd7d76f16b656c75884aa6032bc47ccc8a9cfe55f9f9f7fea7c55,
2026-07-22T15:02:52Z,autodiscovery_log.csv,2194,date|candidate_id|key|family|verdict|p|recent_p,date|candidate_id|key|family|verdict|p|recent_p,a1c31bf773422368d603bb3aa65729a7c90ed45d793b09166a013c1241c3e26f,a1c31bf773422368d603bb3aa65729a7c90ed45d793b09166a013c1241c3e26f,
2026-07-22T15:02:52Z,composite_log.csv,22,date|stance|score,date|stance|score,45830a7ef9c9109337f4bcc6a9b0d74802ee90ac0461c6eecb2f9e122c158e71,45830a7ef9c9109337f4bcc6a9b0d74802ee90ac0461c6eecb2f9e122c158e71,
2026-07-22T15:02:52Z,regime_forward_log.csv,21,date|verdict,date|verdict,ce4a406c2e8d66f8d0b01d1ab07c54acf7f64da42737f541e84469e1c8dc9be4,ce4a406c2e8d66f8d0b01d1ab07c54acf7f64da42737f541e84469e1c8dc9be4,
2026-07-22T15:02:52Z,btc_backtest_log.csv,21,date|verdict|excess_cagr_pp,date|verdict|excess_cagr_pp,31ccb5001064cad140b7cd3f50f581bc3ef7cce173bd217fd0b9473882f97b09,31ccb5001064cad140b7cd3f50f581bc3ef7cce173bd217fd0b9473882f97b09,
2026-07-22T15:02:52Z,llm_prediction_log.csv,15,pred_date|symbol|direction|confidence|reason|horizon_td|entry_date|entry_px|exit_date|exit_px|ret_pct|bucket|hit|settled|dropped,pred_date|symbol|direction|confidence|reason|horizon_td,fb025910bdf7e9417a1a749f59f55b4d5811411205807a2e9469a95b70d2c8d0,a34627d634ba0924d399b4d9b4131a384f9af6596a5dbccaabcf00dc70b8784e,
2026-07-22T15:02:52Z,pick_ledger.csv,122,pick_date|symbol|view|mom_pct|entry_date|entry_px|exit_date|exit_px|ret_pct|bench_pct|excess_pct|call_excess_pct|hit|settled|dropped,pick_date|symbol|view|mom_pct,68fa4d46669fc47ed03b36cf1604ced8db2410de3b9b6b5464c44bb976942421,dd734bf8f60dc3a0fda732db1d611d7a712d7604c1412cd152df88bc35df23dc,
2026-07-22T15:02:52Z,pick_ledger_v2.csv,13,pick_date|symbol|view|mom_pct|entry_date|entry_px|exit_date|exit_px|ret_pct|bench_pct|excess_pct|call_excess_pct|hit|settled|dropped,pick_date|symbol|view|mom_pct,e3e10a2ac1fd5361a7a6ae70d64ee30a7d19ea33c7dc29a3bd850cd2cc92225e,e17d07c51ca43dc7616ec793eacbca2ce3084f7e0cc26d8e572a5c4d89505ca3,
2026-07-22T15:02:52Z,au_pick_ledger.csv,24,pick_date|symbol|view|mom_pct|entry_date|entry_px|exit_date|exit_px|ret_pct|bench_pct|excess_pct|call_excess_pct|hit|settled|dropped,pick_date|symbol|view|mom_pct,02cef16c55c5a40038e47e47c1836e4a92c14a925df58755ffda04a0499e8329,69376f07835d93352c9b65d4909a51a71081b7e301978256ba84067b02af919b,
2026-07-22T15:02:52Z,insider_signal_log.csv,33,filed_date|ticker|insider|title|txn_date|shares|value|entry_date|entry_px|exit_date|exit_px|fwd_pct|spy_pct|excess_pct|hit|settled|dropped,filed_date|ticker|insider|title|txn_date|shares|value,63d57da03b6de267c3a075bb75eedc51af0a4f5eb3ffab4bb39f6444e1ebfd2e,8f14c603ec0f93793b660070b592887f461394a7648e3e8bc571c3ec47ec90a7,
2026-07-22T22:39:33Z,llm_read_log.csv,17,date|stance|text,date|stance|text,2adca1598c1be49e296c3579e40d9e485a6f34c73e283a5ab9d57c90d00ee9e9,2adca1598c1be49e296c3579e40d9e485a6f34c73e283a5ab9d57c90d00ee9e9,
2026-07-22T22:39:33Z,llm_prediction_log.csv,16,pred_date|symbol|direction|confidence|reason|horizon_td|entry_date|entry_px|exit_date|exit_px|ret_pct|bucket|hit|settled|dropped,pred_date|symbol|direction|confidence|reason|horizon_td,d516ace8010aea4a19d8d1ef258173112443d1f9c6d417a072c7b77291acfaca,ca4f9a514438a87a664584cc4ea59e60660c1d677f944ab77cae82098f5287ef,
2026-07-23T15:07:51Z,autodiscovery_log.csv,2342,date|candidate_id|key|family|verdict|p|recent_p,date|candidate_id|key|family|verdict|p|recent_p,76e46556289cd1e79f20737735fbf2f7c1c91cdc5429c987cf9611d676649465,76e46556289cd1e79f20737735fbf2f7c1c91cdc5429c987cf9611d676649465,
2026-07-23T15:07:51Z,composite_log.csv,23,date|stance|score,date|stance|score,170ed5723083afe423063f5dd746c9129a1b261a5684aecf8f38897faee95e91,170ed5723083afe423063f5dd746c9129a1b261a5684aecf8f38897faee95e91,
2026-07-23T15:07:51Z,regime_forward_log.csv,22,date|verdict,date|verdict,4fb676b291e8954efce9dd938ee428d6556b14b5796bb76a360ae9ff276e5324,4fb676b291e8954efce9dd938ee428d6556b14b5796bb76a360ae9ff276e5324,
2026-07-23T15:07:51Z,btc_backtest_log.csv,22,date|verdict|excess_cagr_pp,date|verdict|excess_cagr_pp,3f5c35c4fa5dd0f6f9625357348465e929a1e07e501e2b97e1324e471620d2e2,3f5c35c4fa5dd0f6f9625357348465e929a1e07e501e2b97e1324e471620d2e2,
2026-07-23T15:07:51Z,downturn_brief_log.csv,1,date|trigger_reason|nasdaq_d1|vix|vxsmh|pushed,date|trigger_reason|nasdaq_d1|vix|vxsmh|pushed,f6d06bd859248bc15eda4049af54ccff3ec91d0a3d180546017226669fc5b35a,f6d06bd859248bc15eda4049af54ccff3ec91d0a3d180546017226669fc5b35a,
2026-07-23T15:07:51Z,llm_prediction_log.csv,17,pred_date|symbol|direction|confidence|reason|horizon_td|entry_date|entry_px|exit_date|exit_px|ret_pct|bucket|hit|settled|dropped,pred_date|symbol|direction|confidence|reason|horizon_td,8ab2f94d9157e38ed3eddfeee7520862ff4236a3180ab94f7317a3c576a20644,be16e0e648803942f410f02ca66600716a514c1c7f8ec8838452dec6fedea83b,
2026-07-23T15:07:51Z,pick_ledger.csv,128,pick_date|symbol|view|mom_pct|entry_date|entry_px|exit_date|exit_px|ret_pct|bench_pct|excess_pct|call_excess_pct|hit|settled|dropped,pick_date|symbol|view|mom_pct,b2a68783d167c4786871bda4196077dc72b232f614e0a80d43b498674e47932f,52bbf26075564844d411633dc8445e66b1c24b4f9e3255c43b17a49bb6d589ad,
2026-07-23T15:07:51Z,pick_ledger_v2.csv,19,pick_date|symbol|view|mom_pct|entry_date|entry_px|exit_date|exit_px|ret_pct|bench_pct|excess_pct|call_excess_pct|hit|settled|dropped,pick_date|symbol|view|mom_pct,a7f17cbe8ec5f74e35231dbee233e35585c70fa5093bed4b09879b904f815d76,1054617867c35b77bc5748f224814b52a55aeb202c8117c2164028158881bd67,
2026-07-23T15:07:51Z,au_pick_ledger.csv,30,pick_date|symbol|view|mom_pct|entry_date|entry_px|exit_date|exit_px|ret_pct|bench_pct|excess_pct|call_excess_pct|hit|settled|dropped,pick_date|symbol|view|mom_pct,7182bb64aee4282108fa85a0ae3de409015248f1dd101c78a0cc10b25bdc3725,b32d276b76b784e1aabf0ce682ad378c1ca8e4037576ea53252e11098db2aea6,
2026-07-23T22:37:06Z,llm_read_log.csv,18,date|stance|text,date|stance|text,a76c5f6e9705933587b37fd3620fabe206c43adb3defd20c93ba95ccd83ea0ce,a76c5f6e9705933587b37fd3620fabe206c43adb3defd20c93ba95ccd83ea0ce,
2026-07-24T05:30:44Z,llm_weekly_log.csv,3,week|stance_trend|text,week|stance_trend|text,9fcb7c0f4ca7242d4f6c7dd85abef91c5f935fe0e9f72e7881558e182fa0897e,9fcb7c0f4ca7242d4f6c7dd85abef91c5f935fe0e9f72e7881558e182fa0897e,recover W28/W29 dropped by multi-workflow git race; restored verbatim from git 95a0408(W28)+dba2a81(W29); no fabrication; user-approved 2026-07-24
2026-07-28T15:19:19Z,autodiscovery_log.csv,2490,date|candidate_id|key|family|verdict|p|recent_p,date|candidate_id|key|family|verdict|p|recent_p,d4b09122532b70bb50c0d9d88362c75cfe7584e1ca2b5915ce4415e9f58a1179,d4b09122532b70bb50c0d9d88362c75cfe7584e1ca2b5915ce4415e9f58a1179,
2026-07-28T15:19:19Z,composite_log.csv,24,date|stance|score,date|stance|score,1ce176993a49a85ad9513fdeb77f55c2b02b6930fb2b3cb0c4a551035e3d0df3,1ce176993a49a85ad9513fdeb77f55c2b02b6930fb2b3cb0c4a551035e3d0df3,
2026-07-28T15:19:19Z,regime_forward_log.csv,23,date|verdict,date|verdict,7ad3344c511452a31b451c1b42cbb70ddd2c7ceda73bed4727277778ac1239ee,7ad3344c511452a31b451c1b42cbb70ddd2c7ceda73bed4727277778ac1239ee,
2026-07-28T15:19:19Z,btc_backtest_log.csv,23,date|verdict|excess_cagr_pp,date|verdict|excess_cagr_pp,ece03ee4085e95440e1f2c07e10c3fa4bb54566265c01766ec285798c01ad44e,ece03ee4085e95440e1f2c07e10c3fa4bb54566265c01766ec285798c01ad44e,
2026-07-28T15:19:19Z,llm_monthly_log.csv,2,month|n_days|text,month|n_days|text,1b3ea5ac443727dbd7507b8a4f6608b162f4cb5b63487e3427738677dea20ef9,1b3ea5ac443727dbd7507b8a4f6608b162f4cb5b63487e3427738677dea20ef9,
2026-07-28T15:19:19Z,llm_prediction_log.csv,18,pred_date|symbol|direction|confidence|reason|horizon_td|entry_date|entry_px|exit_date|exit_px|ret_pct|bucket|hit|settled|dropped,pred_date|symbol|direction|confidence|reason|horizon_td,0109a47bf1c2916a939f7569e8f96d8d96bf597643d4439538017f36aab7a456,be86e0d709b380e3b559205abb60c0585a69275d4af0d8fe394893f4d6a8f5f9,
2026-07-28T15:19:19Z,pick_ledger.csv,134,pick_date|symbol|view|mom_pct|entry_date|entry_px|exit_date|exit_px|ret_pct|bench_pct|excess_pct|call_excess_pct|hit|settled|dropped,pick_date|symbol|view|mom_pct,85abb1330a7489d93086ad33494ae2dbf925bcd9520645e494d5f4568917e15b,6cf71d6934861d0108e2ff95ae953fe90bacbec8feabf804e2b2f80d825ba3a0,
2026-07-28T15:19:19Z,pick_ledger_v2.csv,25,pick_date|symbol|view|mom_pct|entry_date|entry_px|exit_date|exit_px|ret_pct|bench_pct|excess_pct|call_excess_pct|hit|settled|dropped,pick_date|symbol|view|mom_pct,de7586f22d773d30f0c453bb1ef60ff22ae397d31d4f42c206642bbc30ec99c3,2726da280fe30bac5af24755d8268f83d8c150ad5159eeac25295e55362a4dbc,
2026-07-28T15:19:19Z,au_pick_ledger.csv,36,pick_date|symbol|view|mom_pct|entry_date|entry_px|exit_date|exit_px|ret_pct|bench_pct|excess_pct|call_excess_pct|hit|settled|dropped,pick_date|symbol|view|mom_pct,a03fac299b08999c0a43e63c3314a615a0298bd2208ca06da7ed99ddcff0bcaf,c391b27cfc28018dc93be7a6677ba7ae043a27dc9c0241efbc7b37fbfa866105,
2026-07-28T15:19:19Z,insider_signal_log.csv,33,filed_date|ticker|insider|title|txn_date|shares|value|entry_date|entry_px|exit_date|exit_px|fwd_pct|spy_pct|excess_pct|hit|settled|dropped,filed_date|ticker|insider|title|txn_date|shares|value,82be10236f435cd899529eb8ddcff2caa6bddbc8f363cd418bd721124de008bf,8f14c603ec0f93793b660070b592887f461394a7648e3e8bc571c3ec47ec90a7,
2026-07-28T22:39:09Z,llm_read_log.csv,19,date|stance|text,date|stance|text,1dcf82b46820d288815c393f0bf2c3cec44de0f214c4d11e4c7560aa20156c3a,1dcf82b46820d288815c393f0bf2c3cec44de0f214c4d11e4c7560aa20156c3a,
2026-07-28T22:39:09Z,pick_ledger.csv,134,pick_date|symbol|view|mom_pct|entry_date|entry_px|exit_date|exit_px|ret_pct|bench_pct|excess_pct|call_excess_pct|hit|settled|dropped,pick_date|symbol|view|mom_pct,39f872f82c0520aeb5a03d2cf9bb5de9e34ba326df1f0e96888abf9167425f8c,6cf71d6934861d0108e2ff95ae953fe90bacbec8feabf804e2b2f80d825ba3a0,
2026-07-29T15:11:27Z,autodiscovery_log.csv,2638,date|candidate_id|key|family|verdict|p|recent_p,date|candidate_id|key|family|verdict|p|recent_p,0bd8325ea28801a29b95d708f5913af20aab63a5563825ac103813630a8e1b94,0bd8325ea28801a29b95d708f5913af20aab63a5563825ac103813630a8e1b94,
2026-07-29T15:11:27Z,composite_log.csv,25,date|stance|score,date|stance|score,6dc269b3739eab1941c61087ffc7ab110d9d37098e032218d77728d8e3e54a56,6dc269b3739eab1941c61087ffc7ab110d9d37098e032218d77728d8e3e54a56,
2026-07-29T15:11:27Z,regime_forward_log.csv,24,date|verdict,date|verdict,5369fe01a7a690cf2ac26fdbb2c99662c2ead5411da4c8849a3245c159ab70f7,5369fe01a7a690cf2ac26fdbb2c99662c2ead5411da4c8849a3245c159ab70f7,
2026-07-29T15:11:27Z,btc_backtest_log.csv,24,date|verdict|excess_cagr_pp,date|verdict|excess_cagr_pp,14a1fba70fd7cf37e18b37d3d16753bb6f727e1944cf874605725183ffb98589,14a1fba70fd7cf37e18b37d3d16753bb6f727e1944cf874605725183ffb98589,
2026-07-29T15:11:27Z,llm_prediction_log.csv,19,pred_date|symbol|direction|confidence|reason|horizon_td|entry_date|entry_px|exit_date|exit_px|ret_pct|bucket|hit|settled|dropped,pred_date|symbol|direction|confidence|reason|horizon_td,aa09c8e6a076c385dd0d9ab9add0e7176306d2430aa50b92482707c78cf3d2ba,8367c2e62f7bd25042d1f81028cc110ff5284429ad48f8fd40656bf256c71bbf,
2026-07-29T15:11:27Z,pick_ledger.csv,140,pick_date|symbol|view|mom_pct|entry_date|entry_px|exit_date|exit_px|ret_pct|bench_pct|excess_pct|call_excess_pct|hit|settled|dropped,pick_date|symbol|view|mom_pct,e57e1572b768b2159a577567999bf7ae1aa31c3e438ecfb6acb4524f10735c37,2c2c75657d807cd857fc94ad9b32c282e07eff321460ad9fd16b2ae8ee77f9ec,
2026-07-29T15:11:27Z,pick_ledger_v2.csv,31,pick_date|symbol|view|mom_pct|entry_date|entry_px|exit_date|exit_px|ret_pct|bench_pct|excess_pct|call_excess_pct|hit|settled|dropped,pick_date|symbol|view|mom_pct,95728f314af8d2321fa9c2bbf170fd1e6925b0e8e0d00937e067c7d0e9dea590,a30dc4dc64dc227daf99a035e4c549afb895fb5896f29e3c661653f01d998e17,
2026-07-29T15:11:27Z,au_pick_ledger.csv,42,pick_date|symbol|view|mom_pct|entry_date|entry_px|exit_date|exit_px|ret_pct|bench_pct|excess_pct|call_excess_pct|hit|settled|dropped,pick_date|symbol|view|mom_pct,993b458abb33d885a41d43eddb1522db0717d333d3c98686f1db20fa0b3fce7c,d0326efe6e14c9795f197f6465f6e148a58b43581d425e08f8fa24d001252a57,
2026-07-29T15:11:27Z,insider_signal_log.csv,33,filed_date|ticker|insider|title|txn_date|shares|value|entry_date|entry_px|exit_date|exit_px|fwd_pct|spy_pct|excess_pct|hit|settled|dropped,filed_date|ticker|insider|title|txn_date|shares|value,9d0ca299d3ea1f14a9270d39493c2ad9d19819d7f9a2eabcd94311f03420bfbb,8f14c603ec0f93793b660070b592887f461394a7648e3e8bc571c3ec47ec90a7,
2026-07-29T22:34:51Z,llm_read_log.csv,20,date|stance|text,date|stance|text,91af27e9b76212586d8c1a6b6a06e59c813e3c8e4afaee590e4bab1ea27754e4,91af27e9b76212586d8c1a6b6a06e59c813e3c8e4afaee590e4bab1ea27754e4,
2026-07-29T22:34:51Z,downturn_brief_log.csv,2,date|trigger_reason|nasdaq_d1|vix|vxsmh|pushed,date|trigger_reason|nasdaq_d1|vix|vxsmh|pushed,1b7d2b1079074da3521c1ea3bf687c5e88cd6a4517e2c91d876f55ea0c979a17,1b7d2b1079074da3521c1ea3bf687c5e88cd6a4517e2c91d876f55ea0c979a17,
2026-07-29T22:34:51Z,llm_prediction_log.csv,19,pred_date|symbol|direction|confidence|reason|horizon_td|entry_date|entry_px|exit_date|exit_px|ret_pct|bucket|hit|settled|dropped,pred_date|symbol|direction|confidence|reason|horizon_td,afbf524d8eec6392a150354b59c50268f990eda2dde29bdf141a796361d65e34,8367c2e62f7bd25042d1f81028cc110ff5284429ad48f8fd40656bf256c71bbf,
2026-07-29T22:34:51Z,pick_ledger.csv,140,pick_date|symbol|view|mom_pct|entry_date|entry_px|exit_date|exit_px|ret_pct|bench_pct|excess_pct|call_excess_pct|hit|settled|dropped,pick_date|symbol|view|mom_pct,ba8d485bf22603afe4a37d42666d7fe2c80ed016b22a0041b6bf596c1bce7c0a,2c2c75657d807cd857fc94ad9b32c282e07eff321460ad9fd16b2ae8ee77f9ec,
2026-07-30T15:09:30Z,autodiscovery_log.csv,2786,date|candidate_id|key|family|verdict|p|recent_p,date|candidate_id|key|family|verdict|p|recent_p,a598eeda995d6af91f42c8f929d11f6105d0306d9d351aa28cc0509cc3d90718,a598eeda995d6af91f42c8f929d11f6105d0306d9d351aa28cc0509cc3d90718,
2026-07-30T15:09:30Z,composite_log.csv,26,date|stance|score,date|stance|score,9ea27ae137e2b7688855c8d0f9180f390f94092b317c3255684728bdef1a7c38,9ea27ae137e2b7688855c8d0f9180f390f94092b317c3255684728bdef1a7c38,
2026-07-30T15:09:30Z,regime_forward_log.csv,25,date|verdict,date|verdict,037c028099881f5e02309545d7d9f044830f5507284043aaa44c50d0df54805c,037c028099881f5e02309545d7d9f044830f5507284043aaa44c50d0df54805c,
2026-07-30T15:09:30Z,btc_backtest_log.csv,25,date|verdict|excess_cagr_pp,date|verdict|excess_cagr_pp,e46294e3e44dff55631dfbe91b04e4010a1e48f19eb78a8cabb28a2c0f17fc66,e46294e3e44dff55631dfbe91b04e4010a1e48f19eb78a8cabb28a2c0f17fc66,
2026-07-30T15:09:30Z,ipo_aftermath_log.csv,5,cik|company|ticker|first_trade_date|d1_pct|d5_pct|d20_pct|vs_qqq_d20_pct|alert_lead_days|alert_quality|updated,cik|company|ticker|first_trade_date|d1_pct|d5_pct|d20_pct|vs_qqq_d20_pct|alert_lead_days|alert_quality|updated,c0887adbc5418af36c66baf92cac6197ac91f7dd10a31b10ebbc7324ab565c69,c0887adbc5418af36c66baf92cac6197ac91f7dd10a31b10ebbc7324ab565c69,
2026-07-30T15:09:30Z,llm_prediction_log.csv,20,pred_date|symbol|direction|confidence|reason|horizon_td|entry_date|entry_px|exit_date|exit_px|ret_pct|bucket|hit|settled|dropped,pred_date|symbol|direction|confidence|reason|horizon_td,7ce0f33d7addde6d867e5ea41512e81f2621aada352dac3982a15ce9f69ffd6e,86df8aadfe4fb56ffc4ce96778f8f570a8b9f617ecb16c7b3f52b422e4678424,
2026-07-30T15:09:30Z,pick_ledger.csv,146,pick_date|symbol|view|mom_pct|entry_date|entry_px|exit_date|exit_px|ret_pct|bench_pct|excess_pct|call_excess_pct|hit|settled|dropped,pick_date|symbol|view|mom_pct,32bca888b355928a65c1439f2425c6495596ef1b4cbd20052cdf20b7f1481cc4,154e216fb552fffc585ad6c9b298d2d2ccf37a17e080043879abde1ccc9b4b10,
2026-07-30T15:09:30Z,pick_ledger_v2.csv,37,pick_date|symbol|view|mom_pct|entry_date|entry_px|exit_date|exit_px|ret_pct|bench_pct|excess_pct|call_excess_pct|hit|settled|dropped,pick_date|symbol|view|mom_pct,50dbd73d5cf391109eb7f08f07689cf2499b54cc6b363ad471682b4bab97aa3c,81621f559d62c3034546a970a1c9c31b1e905592b5f2685aa264985767810ef3,
2026-07-30T15:09:30Z,au_pick_ledger.csv,48,pick_date|symbol|view|mom_pct|entry_date|entry_px|exit_date|exit_px|ret_pct|bench_pct|excess_pct|call_excess_pct|hit|settled|dropped,pick_date|symbol|view|mom_pct,3be9de40287ff8e71ae84ebe333d079e2b32bb29939982514f261a3526005196,65aebb8fef2920948f71cc2e0cd860567259d533f11e382af948611b7461f54e,
2026-07-30T22:41:32Z,llm_read_log.csv,21,date|stance|text,date|stance|text,4b599061c1509ab0023f87d0ac1c4a8a35d5b4b35f4f15c4c9f8fa1e676bf927,4b599061c1509ab0023f87d0ac1c4a8a35d5b4b35f4f15c4c9f8fa1e676bf927,
2026-07-31T05:18:29Z,insider_signal_log.csv,44,filed_date|ticker|insider|title|txn_date|shares|value|entry_date|entry_px|exit_date|exit_px|fwd_pct|spy_pct|excess_pct|hit|settled|dropped,filed_date|ticker|insider|title|txn_date|shares|value,6b2cb91e6a10d2e71d002a7a87b9a3ca3a0d8a34472de205881d6bf15afd221c,3262c6136d2a219e44b390866a539fe303921e028c522d64eebf1b4613dcd145,
2026-07-31T15:19:24Z,autodiscovery_log.csv,2934,date|candidate_id|key|family|verdict|p|recent_p,date|candidate_id|key|family|verdict|p|recent_p,db0b765ff95f6195ef1fa7c1973fcab8bd71e4d6e824d18c09aca46359ca16b3,db0b765ff95f6195ef1fa7c1973fcab8bd71e4d6e824d18c09aca46359ca16b3,
2026-07-31T15:19:24Z,composite_log.csv,27,date|stance|score,date|stance|score,e51cb7d7e2507f63ed670dd681acfcac07be7f7596696edb7affe6563eb2e4f6,e51cb7d7e2507f63ed670dd681acfcac07be7f7596696edb7affe6563eb2e4f6,
2026-07-31T15:19:24Z,regime_forward_log.csv,26,date|verdict,date|verdict,19b87517831a3cea41654ab2084ddfd60c9e08dc6ba10399a4c73e8f91dd6282,19b87517831a3cea41654ab2084ddfd60c9e08dc6ba10399a4c73e8f91dd6282,
2026-07-31T15:19:24Z,btc_backtest_log.csv,26,date|verdict|excess_cagr_pp,date|verdict|excess_cagr_pp,9884ca141e6a553fa3cbd956595aa740709db45d6716761a8430a6dbffeeb120,9884ca141e6a553fa3cbd956595aa740709db45d6716761a8430a6dbffeeb120,
2026-07-31T15:19:24Z,llm_read_log.csv,22,date|stance|text,date|stance|text,b42daa0f4b5d801cb19319239b85465e699f0f829bd5b659cefd7639209b44ac,b42daa0f4b5d801cb19319239b85465e699f0f829bd5b659cefd7639209b44ac,
2026-07-31T15:19:24Z,llm_prediction_log.csv,21,pred_date|symbol|direction|confidence|reason|horizon_td|entry_date|entry_px|exit_date|exit_px|ret_pct|bucket|hit|settled|dropped,pred_date|symbol|direction|confidence|reason|horizon_td,189d7378446bab2300a29ba64e3d663c1e426b0057333fa6e0fb002deb61d32e,a528c54b6de5f2623ca7ccdfe1db6ef2d9f800d450a69901032dd36ec282a5f6,
2026-07-31T15:19:24Z,pick_ledger.csv,152,pick_date|symbol|view|mom_pct|entry_date|entry_px|exit_date|exit_px|ret_pct|bench_pct|excess_pct|call_excess_pct|hit|settled|dropped,pick_date|symbol|view|mom_pct,9a010f161bead5265c1d9a25e605c6da901941f0ea76556daa4acecd84c0ded1,0b099b8fa841ccd8bdc54c4abcbd66611ed448dd0e75fc1cfd5771ef5a34a5d1,
2026-07-31T15:19:24Z,pick_ledger_v2.csv,43,pick_date|symbol|view|mom_pct|entry_date|entry_px|exit_date|exit_px|ret_pct|bench_pct|excess_pct|call_excess_pct|hit|settled|dropped,pick_date|symbol|view|mom_pct,5db049c7652e7826fda782d2229b336b58ab6c7b430a5d1cd2d235373a860519,933896c6c37e38392d0d7ee5add9162b068c700090c01a6b1b271adb79130f5e,
2026-07-31T15:19:24Z,au_pick_ledger.csv,54,pick_date|symbol|view|mom_pct|entry_date|entry_px|exit_date|exit_px|ret_pct|bench_pct|excess_pct|call_excess_pct|hit|settled|dropped,pick_date|symbol|view|mom_pct,db150a66eb0ae98e30c7d93d8d8ca096f35c458a0df02a27e84d92a69cc1816e,3cac64bba2acb1c8db7ee0430bd9186f1f0393346fcb6b456b8803092fb398fb,
2026-07-31T22:38:03Z,pick_ledger_v2.csv,44,pick_date|symbol|view|mom_pct|entry_date|entry_px|exit_date|exit_px|ret_pct|bench_pct|excess_pct|call_excess_pct|hit|settled|dropped,pick_date|symbol|view|mom_pct,3490e018072b200dcfc1cac3b190cafe88b8bd94b2105f4fd19359da822afd33,8e8951cf3baf2dd6200b4fde1373b04a1f2bfbb018084e481515bfe784b4fa7f,
2026-08-03T15:43:56Z,autodiscovery_log.csv,3082,date|candidate_id|key|family|verdict|p|recent_p,date|candidate_id|key|family|verdict|p|recent_p,a2f6bfc17c69d3a635b0436032c49ba4f64573228a330678e53169757ec52670,a2f6bfc17c69d3a635b0436032c49ba4f64573228a330678e53169757ec52670,
2026-08-03T15:43:56Z,composite_log.csv,28,date|stance|score,date|stance|score,3df39c076b96e8c289889cfcd04b8e82a6a05460b091738bf0bb08a599211a74,3df39c076b96e8c289889cfcd04b8e82a6a05460b091738bf0bb08a599211a74,
2026-08-03T15:43:56Z,regime_forward_log.csv,27,date|verdict,date|verdict,7d05d54d193e5c215f1dd5cbd3b06bcff545de66e846174ba669aa780be2a85b,7d05d54d193e5c215f1dd5cbd3b06bcff545de66e846174ba669aa780be2a85b,
2026-08-03T15:43:56Z,btc_backtest_log.csv,27,date|verdict|excess_cagr_pp,date|verdict|excess_cagr_pp,501fddd6387c8862bbfb09389c3b4a06af898d9185bb9266d9592beea08b53b7,501fddd6387c8862bbfb09389c3b4a06af898d9185bb9266d9592beea08b53b7,
2026-08-03T15:43:56Z,llm_read_log.csv,23,date|stance|text,date|stance|text,8b8be802f095141552e294b5020998d06f1cb88827299c7a4e2576a6e0e3d5a9,8b8be802f095141552e294b5020998d06f1cb88827299c7a4e2576a6e0e3d5a9,
2026-08-03T15:43:56Z,llm_weekly_log.csv,4,week|stance_trend|text,week|stance_trend|text,680b07fd8d9753fa4ba9cf88dd8db3e72619f5ec6542936df777197b7ccc5473,680b07fd8d9753fa4ba9cf88dd8db3e72619f5ec6542936df777197b7ccc5473,
2026-08-03T15:43:56Z,llm_prediction_log.csv,22,pred_date|symbol|direction|confidence|reason|horizon_td|entry_date|entry_px|exit_date|exit_px|ret_pct|bucket|hit|settled|dropped,pred_date|symbol|direction|confidence|reason|horizon_td,2acf9b4afcda06c1be403c8e0d94f110d66322a165caaad3f2970004b4f7f96e,577b136f65b8b6c9c7ed059121c645bdf959c856e607c48f4652d9a04568c3a3,
2026-08-03T15:43:56Z,pick_ledger.csv,158,pick_date|symbol|view|mom_pct|entry_date|entry_px|exit_date|exit_px|ret_pct|bench_pct|excess_pct|call_excess_pct|hit|settled|dropped,pick_date|symbol|view|mom_pct,2a42ec85a83a3cb517a5f460942a2bcda71a7c90fbbca98cb4eb3313da9af706,2db8c2d5808cff4f20abe93d0a1661574a30f83f9a273bd686309106bbc25dc5,
2026-08-03T15:43:56Z,pick_ledger_v2.csv,50,pick_date|symbol|view|mom_pct|entry_date|entry_px|exit_date|exit_px|ret_pct|bench_pct|excess_pct|call_excess_pct|hit|settled|dropped,pick_date|symbol|view|mom_pct,81fac0b072da90234b06311c36e0798c8d1c0623c5c8188a3617f906f146b1f4,66800fc8c6ef336f2b8378f00d9da803f9fb66a36f8d525a7612b94bf2b0fb17,
2026-08-03T15:43:56Z,au_pick_ledger.csv,60,pick_date|symbol|view|mom_pct|entry_date|entry_px|exit_date|exit_px|ret_pct|bench_pct|excess_pct|call_excess_pct|hit|settled|dropped,pick_date|symbol|view|mom_pct,23f6eb5fe819b4186395e89fe184c86ea25dfa090027a29bea8cb834598d6d64,b4f35a2aa90f51a0ee19b91b8024ecfd1ed3d86192f47118f0decf1a0c64b003,
2026-08-03T22:39:57Z,pick_ledger.csv,159,pick_date|symbol|view|mom_pct|entry_date|entry_px|exit_date|exit_px|ret_pct|bench_pct|excess_pct|call_excess_pct|hit|settled|dropped,pick_date|symbol|view|mom_pct,379da8d2fd7a7dc43a1232b0a4baa176dd1803fb570cde8f0aeb6a8079cf0b51,5ab1fcce3d9df38b93b5d91b5324f5097be009787e211434695f20b58e1251c3,
2026-08-04T15:23:17Z,autodiscovery_log.csv,3230,date|candidate_id|key|family|verdict|p|recent_p,date|candidate_id|key|family|verdict|p|recent_p,d3bab1527af79483539072647a32dc99eaf8e5bc9d3faa9899c8f65ce5bb9da1,d3bab1527af79483539072647a32dc99eaf8e5bc9d3faa9899c8f65ce5bb9da1,
2026-08-04T15:23:17Z,composite_log.csv,29,date|stance|score,date|stance|score,150b8678182372718f8564a0d721bb801e290779449221512fd4a3359dec3628,150b8678182372718f8564a0d721bb801e290779449221512fd4a3359dec3628,
2026-08-04T15:23:17Z,regime_forward_log.csv,28,date|verdict,date|verdict,0e05746bf470d28df313018254f45471c31bb3533aeda632400659b3207d791b,0e05746bf470d28df313018254f45471c31bb3533aeda632400659b3207d791b,
2026-08-04T15:23:17Z,btc_backtest_log.csv,28,date|verdict|excess_cagr_pp,date|verdict|excess_cagr_pp,05f20222e5e41f35b3eb3e944cf9d27047740e761a1599dfd8338c7a9898ed40,05f20222e5e41f35b3eb3e944cf9d27047740e761a1599dfd8338c7a9898ed40,
2026-08-04T15:23:17Z,llm_prediction_log.csv,23,pred_date|symbol|direction|confidence|reason|horizon_td|entry_date|entry_px|exit_date|exit_px|ret_pct|bucket|hit|settled|dropped,pred_date|symbol|direction|confidence|reason|horizon_td,b2357ce15eb2cebace897609ca6cfd5b8113de6f40f8b6060f8cd272ec51facd,be483c474b7c33e1eb8242f9fe68e30cb87a4db44694f1311a2e980594392f96,
2026-08-04T15:23:17Z,pick_ledger.csv,165,pick_date|symbol|view|mom_pct|entry_date|entry_px|exit_date|exit_px|ret_pct|bench_pct|excess_pct|call_excess_pct|hit|settled|dropped,pick_date|symbol|view|mom_pct,da0aa74101bd9ffc9b938f38d5b82949c9573472f7354a75719a323ed3b6f5e7,e0e6e93fad24170298cc4aa4df631049d80f38ff50130350d128d5d7e10435db,
2026-08-04T15:23:17Z,pick_ledger_v2.csv,56,pick_date|symbol|view|mom_pct|entry_date|entry_px|exit_date|exit_px|ret_pct|bench_pct|excess_pct|call_excess_pct|hit|settled|dropped,pick_date|symbol|view|mom_pct,1e8c376822e683d2a322b6bb1385d42f8f1607988c07025a7800e68e2a1fcb01,4c575fd4aea28c4bb33da56eb3c2bb75b40fb909dd852f9d0dbd8b3e5345a40b,
2026-08-04T15:23:17Z,au_pick_ledger.csv,66,pick_date|symbol|view|mom_pct|entry_date|entry_px|exit_date|exit_px|ret_pct|bench_pct|excess_pct|call_excess_pct|hit|settled|dropped,pick_date|symbol|view|mom_pct,38f6dd85e378f30d0b31d88c30b29c788f546f9dd7d8ae1e6700e10d0ac2361f,2ba71d6dab9bd166366450216269cd66d7ec42eb9eee0d8d7f2e1f06eed0d019,
2026-08-04T22:41:14Z,llm_read_log.csv,24,date|stance|text,date|stance|text,10796d2057352229765d0c60d88104884f8a360b7802fb418eace431168ab028,10796d2057352229765d0c60d88104884f8a360b7802fb418eace431168ab028,
2026-08-05T15:16:03Z,autodiscovery_log.csv,3378,date|candidate_id|key|family|verdict|p|recent_p,date|candidate_id|key|family|verdict|p|recent_p,621e79f1e43a3b5846fd9ebb654b7d700420d27f05956a6b72ce6e7c5d6817e0,621e79f1e43a3b5846fd9ebb654b7d700420d27f05956a6b72ce6e7c5d6817e0,
2026-08-05T15:16:03Z,composite_log.csv,30,date|stance|score,date|stance|score,f780abdb53a63f0aa38fa5c7fdd480e2d98ad1bfd0beb8751d3dd484bd6b7e98,f780abdb53a63f0aa38fa5c7fdd480e2d98ad1bfd0beb8751d3dd484bd6b7e98,
2026-08-05T15:16:03Z,regime_forward_log.csv,29,date|verdict,date|verdict,d56f733d5f3ba1533372e3e61a79a28e6b5449df7ead67af60f3b6a554a40308,d56f733d5f3ba1533372e3e61a79a28e6b5449df7ead67af60f3b6a554a40308,
2026-08-05T15:16:03Z,btc_backtest_log.csv,29,date|verdict|excess_cagr_pp,date|verdict|excess_cagr_pp,7d52bd520b8f184cde56f431c0834fcc527e82da41b529ab0bf30f00f7083f0c,7d52bd520b8f184cde56f431c0834fcc527e82da41b529ab0bf30f00f7083f0c,
2026-08-05T15:16:03Z,llm_prediction_log.csv,24,pred_date|symbol|direction|confidence|reason|horizon_td|entry_date|entry_px|exit_date|exit_px|ret_pct|bucket|hit|settled|dropped,pred_date|symbol|direction|confidence|reason|horizon_td,cab3dce647c0cd341e7f82146e01eec767f75ca27ca6e4dff12ccd008dbc1722,91e149dfeebc6f2dc5889f2e421a38af579668fe9f547fea4beb2d834429bb46,
2026-08-05T15:16:03Z,pick_ledger.csv,171,pick_date|symbol|view|mom_pct|entry_date|entry_px|exit_date|exit_px|ret_pct|bench_pct|excess_pct|call_excess_pct|hit|settled|dropped,pick_date|symbol|view|mom_pct,b9f542b7246f9731e9dc3edfcd687e58bde4dd8a16fad3fcb6246ffa9be04f4e,4fefc12473c85ecedeb1d05374fc64e8ff611ed1b6d5e4d36187aa406d23d20c,
2026-08-05T15:16:03Z,pick_ledger_v2.csv,62,pick_date|symbol|view|mom_pct|entry_date|entry_px|exit_date|exit_px|ret_pct|bench_pct|excess_pct|call_excess_pct|hit|settled|dropped,pick_date|symbol|view|mom_pct,22ca25348ef2d56fcea8481dff4710c79bd7a6d49ecafc057d66435d04aa1db1,4a92b4b3a70f81c170d6ca543c2aa1bc2de07caa11c6774dd6078b4903128664,
2026-08-05T15:16:03Z,au_pick_ledger.csv,72,pick_date|symbol|view|mom_pct|entry_date|entry_px|exit_date|exit_px|ret_pct|bench_pct|excess_pct|call_excess_pct|hit|settled|dropped,pick_date|symbol|view|mom_pct,dabdadcb31cd127c8d3a5ce1389dfabb3beebcd01ac5d3ef103befbcb5e87eba,d6ea07757674d0f22bb95a16460e638d561e9bb893cd2d1e9395ae0b2355cd6f,
2026-08-05T22:40:35Z,llm_read_log.csv,25,date|stance|text,date|stance|text,5ac4ccdd6a52c3be6864523cf8fd74d0fb690661d41132ca6414f130f3c25d3a,5ac4ccdd6a52c3be6864523cf8fd74d0fb690661d41132ca6414f130f3c25d3a,
2026-08-06T15:16:05Z,autodiscovery_log.csv,3526,date|candidate_id|key|family|verdict|p|recent_p,date|candidate_id|key|family|verdict|p|recent_p,a6fa24a463c8016593104d0bda546b0691cf757c90d4bddf665ffa1f6c9c5c6b,a6fa24a463c8016593104d0bda546b0691cf757c90d4bddf665ffa1f6c9c5c6b,
2026-08-06T15:16:05Z,composite_log.csv,31,date|stance|score,date|stance|score,fd8e93821713d61d87deac3d1c70f2df14c9bd2bcab249333e8ff71a87153d3f,fd8e93821713d61d87deac3d1c70f2df14c9bd2bcab249333e8ff71a87153d3f,
2026-08-06T15:16:05Z,regime_forward_log.csv,30,date|verdict,date|verdict,588b081247302254394f2fc378ff0303a3b38120b9a8c798f5bb0c1ba668e0cd,588b081247302254394f2fc378ff0303a3b38120b9a8c798f5bb0c1ba668e0cd,
2026-08-06T15:16:05Z,btc_backtest_log.csv,30,date|verdict|excess_cagr_pp,date|verdict|excess_cagr_pp,d61fca73ab6a07f948a4a15796e9c1291a3d9cebfeb2485e860a4a303ff2e15a,d61fca73ab6a07f948a4a15796e9c1291a3d9cebfeb2485e860a4a303ff2e15a,
2026-08-06T15:16:05Z,llm_prediction_log.csv,25,pred_date|symbol|direction|confidence|reason|horizon_td|entry_date|entry_px|exit_date|exit_px|ret_pct|bucket|hit|settled|dropped,pred_date|symbol|direction|confidence|reason|horizon_td,44b95a45ca51d051a07fc83ca34b441250eebca3601fd326f356daca539eebd2,7800121f7ae28fed358977af102265d6fe10066743632e0442922a942d85ccc8,
2026-08-06T15:16:05Z,pick_ledger.csv,177,pick_date|symbol|view|mom_pct|entry_date|entry_px|exit_date|exit_px|ret_pct|bench_pct|excess_pct|call_excess_pct|hit|settled|dropped,pick_date|symbol|view|mom_pct,8608bfbf70352acea66cb4bc04713214658b93218112bae973c83828d7f3ebd3,20153135fee8ac5de61fd1ac4004c039b98d042f0b2ab92e3b6f5c4420745bfb,
2026-08-06T15:16:05Z,pick_ledger_v2.csv,68,pick_date|symbol|view|mom_pct|entry_date|entry_px|exit_date|exit_px|ret_pct|bench_pct|excess_pct|call_excess_pct|hit|settled|dropped,pick_date|symbol|view|mom_pct,2cfcfe71c138d5cc19a74b7a762678702ca22bf526646f74f03983f9edf1ce83,fbc59aabaca18f723cbc5e01d4a9641e9547d1675b9c8197c91a5eba7d919050,
2026-08-06T15:16:05Z,au_pick_ledger.csv,78,pick_date|symbol|view|mom_pct|entry_date|entry_px|exit_date|exit_px|ret_pct|bench_pct|excess_pct|call_excess_pct|hit|settled|dropped,pick_date|symbol|view|mom_pct,93a9eeedb2b4bbd5e8ce8f05241b4c7e771dec6a4db73c821b0f11bcbe99095f,410f0cc968075652b0634cc6b8f2ed4491ed143e5ee2aa149e0f475fc9a7b8d2,
2026-08-07T01:10:11Z,autodiscovery_log.csv,3674,date|candidate_id|key|family|verdict|p|recent_p,date|candidate_id|key|family|verdict|p|recent_p,b9619168b223437b4dc6fb256f1cb0e8516c029a3edab489ecad47af3257dba4,b9619168b223437b4dc6fb256f1cb0e8516c029a3edab489ecad47af3257dba4,
2026-08-07T01:10:11Z,composite_log.csv,32,date|stance|score,date|stance|score,5534131b9347fb20b9cca68204ed38076c8843c8ed09498d95afc6c9a21f061b,5534131b9347fb20b9cca68204ed38076c8843c8ed09498d95afc6c9a21f061b,
2026-08-07T01:10:11Z,regime_forward_log.csv,31,date|verdict,date|verdict,e98a1edacc7f1d8b1570b90ae4547993ef832dcc002090969831d9de0e7b8301,e98a1edacc7f1d8b1570b90ae4547993ef832dcc002090969831d9de0e7b8301,
2026-08-07T01:10:11Z,btc_backtest_log.csv,31,date|verdict|excess_cagr_pp,date|verdict|excess_cagr_pp,6961e6b9198cbf49be1eba4b5e1b937d0f2ada7bb2f868e26637d1ce04c791c2,6961e6b9198cbf49be1eba4b5e1b937d0f2ada7bb2f868e26637d1ce04c791c2,
2026-08-07T01:10:11Z,llm_read_log.csv,26,date|stance|text,date|stance|text,2d8745d48042a65d005d01858947f3a0a6c74fc8ae284492d424180bf519244e,2d8745d48042a65d005d01858947f3a0a6c74fc8ae284492d424180bf519244e,
2026-08-07T01:10:11Z,llm_prediction_log.csv,26,pred_date|symbol|direction|confidence|reason|horizon_td|entry_date|entry_px|exit_date|exit_px|ret_pct|bucket|hit|settled|dropped,pred_date|symbol|direction|confidence|reason|horizon_td,0a7db49bb857e06d3ab67f0c7ff53cc1eda4d2a66b4bc33f8fe3b4436cdc8048,890d19175efe82557148fcbcc8de8927d90d988a1a1d4d5e70d7d6436cf5cb0f,
2026-08-07T01:10:11Z,pick_ledger.csv,183,pick_date|symbol|view|mom_pct|entry_date|entry_px|exit_date|exit_px|ret_pct|bench_pct|excess_pct|call_excess_pct|hit|settled|dropped,pick_date|symbol|view|mom_pct,56d3e9924242cb24596283b06f51906b3d4c64fc60213846c958cf7d7ffc3e15,55e04694271c762a1bc813fa5ec30cdd4bc56ef72f784ee1605de134aa3e0fda,
2026-08-07T01:10:11Z,pick_ledger_v2.csv,74,pick_date|symbol|view|mom_pct|entry_date|entry_px|exit_date|exit_px|ret_pct|bench_pct|excess_pct|call_excess_pct|hit|settled|dropped,pick_date|symbol|view|mom_pct,4acfae7df8f4a801c9ed5ede84c89037e893ae22b2665fb72991355feaae801e,047c21f40ebc2a2941fab61df2a6e020e4ec15d9bf9e1d953699d8961fe7c2d0,
2026-08-07T01:10:11Z,au_pick_ledger.csv,84,pick_date|symbol|view|mom_pct|entry_date|entry_px|exit_date|exit_px|ret_pct|bench_pct|excess_pct|call_excess_pct|hit|settled|dropped,pick_date|symbol|view|mom_pct,385ac45ebe499ab4f0b7ddd213656a6abdee6996ff963dd523576aa048ff8e83,b18a1e8ca7d2948ea31adb08226b9ff2f30f6809ae4b256b29a3e8dba8d04b6d,
2026-08-07T14:11:20Z,ipo_aftermath_log.csv,6,cik|company|ticker|first_trade_date|d1_pct|d5_pct|d20_pct|vs_qqq_d20_pct|alert_lead_days|alert_quality|updated,cik|company|ticker|first_trade_date|d1_pct|d5_pct|d20_pct|vs_qqq_d20_pct|alert_lead_days|alert_quality|updated,0fec1ae7fc49b681c3708c086732192a5142c9f75cd802b2a8234cfa23749c02,0fec1ae7fc49b681c3708c086732192a5142c9f75cd802b2a8234cfa23749c02,
2026-08-07T14:11:20Z,llm_prediction_log.csv,26,pred_date|symbol|direction|confidence|reason|horizon_td|entry_date|entry_px|exit_date|exit_px|ret_pct|bucket|hit|settled|dropped,pred_date|symbol|direction|confidence|reason|horizon_td,1e816512e47f096e281b2d3994bf6d9b885bf73fa0dedf2dd5fba311d98068a2,890d19175efe82557148fcbcc8de8927d90d988a1a1d4d5e70d7d6436cf5cb0f,
2026-08-07T14:11:20Z,pick_ledger.csv,184,pick_date|symbol|view|mom_pct|entry_date|entry_px|exit_date|exit_px|ret_pct|bench_pct|excess_pct|call_excess_pct|hit|settled|dropped,pick_date|symbol|view|mom_pct,e920e9e7846306dd5b2ad48398aa011c9d160c6ccc09fb545a0daa918ec88fb0,195f4d023cc61f5dc157422412f660102e86334a7573a529717f79e24886c5cb,
2026-08-07T22:12:26Z,pick_ledger.csv,185,pick_date|symbol|view|mom_pct|entry_date|entry_px|exit_date|exit_px|ret_pct|bench_pct|excess_pct|call_excess_pct|hit|settled|dropped,pick_date|symbol|view|mom_pct,68f162fd1bd05b4419a00e31a5482593d6246bb5eb4e415995940cc220d1540a,2bfa4bcde3ef77a68b75500ce3e28962fc18f580d2da097914db1f4f1167760c,
2026-08-10T14:19:41Z,autodiscovery_log.csv,3822,date|candidate_id|key|family|verdict|p|recent_p,date|candidate_id|key|family|verdict|p|recent_p,176a57a5b4e333c8af35b0c9ca90769719759f574752f07e775959d82d32e16e,176a57a5b4e333c8af35b0c9ca90769719759f574752f07e775959d82d32e16e,
2026-08-10T14:19:41Z,composite_log.csv,33,date|stance|score,date|stance|score,e745e2022c7e1925db6ca20c163a91da7425e0c0e67330f91455d7dd0db176e5,e745e2022c7e1925db6ca20c163a91da7425e0c0e67330f91455d7dd0db176e5,
2026-08-10T14:19:41Z,regime_forward_log.csv,32,date|verdict,date|verdict,f5a7f9a7e656797fce2ce88590c03a4141549580c2a795e4c37c67b3b41ad4f3,f5a7f9a7e656797fce2ce88590c03a4141549580c2a795e4c37c67b3b41ad4f3,
2026-08-10T14:19:41Z,btc_backtest_log.csv,32,date|verdict|excess_cagr_pp,date|verdict|excess_cagr_pp,77ba53edca1e923b9fafa79f1b77f2698f69fc6e91f8fbd6dbe2db072e85eaa3,77ba53edca1e923b9fafa79f1b77f2698f69fc6e91f8fbd6dbe2db072e85eaa3,
2026-08-10T14:19:41Z,llm_read_log.csv,27,date|stance|text,date|stance|text,981b8dbd8bbdf93c402d3f3b32aef8d04a4e74cf5a504c3b772ab1c34f59b4f5,981b8dbd8bbdf93c402d3f3b32aef8d04a4e74cf5a504c3b772ab1c34f59b4f5,
2026-08-10T14:19:41Z,llm_weekly_log.csv,5,week|stance_trend|text,week|stance_trend|text,8ca89f17f3069a83d6952d58dac52ebcd128fe72d2e0efce190cffc0238eb9c4,8ca89f17f3069a83d6952d58dac52ebcd128fe72d2e0efce190cffc0238eb9c4,
2026-08-10T14:19:41Z,llm_prediction_log.csv,27,pred_date|symbol|direction|confidence|reason|horizon_td|entry_date|entry_px|exit_date|exit_px|ret_pct|bucket|hit|settled|dropped,pred_date|symbol|direction|confidence|reason|horizon_td,aa3ce3ef0e8777c8f9be32c09f894f1d6c6b5b6102f4c06832985ad63e3c81a7,43275eca62ff23bcba9c4b1baa1329c3a88d30029771dbd7d99d5911d8f44753,
2026-08-10T14:19:41Z,pick_ledger.csv,191,pick_date|symbol|view|mom_pct|entry_date|entry_px|exit_date|exit_px|ret_pct|bench_pct|excess_pct|call_excess_pct|hit|settled|dropped,pick_date|symbol|view|mom_pct,7928be23cd2a61d312a9166483df6cf92481b3dcdcc1b726f37d77c66f47ce4d,eec905455edcb93dfe425a5d98dda82776e72610d44fc057545e42f5911ff518,
2026-08-10T14:19:41Z,pick_ledger_v2.csv,80,pick_date|symbol|view|mom_pct|entry_date|entry_px|exit_date|exit_px|ret_pct|bench_pct|excess_pct|call_excess_pct|hit|settled|dropped,pick_date|symbol|view|mom_pct,ae32e969de882230502d824674c311202e8ff089be6c0cd9ef8f698882148bf4,a6dee169f5aba7203a542c5cd106a3ce63fdd37407856991f8dd0eae7bd123d6,
2026-08-10T14:19:41Z,au_pick_ledger.csv,90,pick_date|symbol|view|mom_pct|entry_date|entry_px|exit_date|exit_px|ret_pct|bench_pct|excess_pct|call_excess_pct|hit|settled|dropped,pick_date|symbol|view|mom_pct,c939bfb45e782b0bf57c8b5e7f4b18ae0a928435028bda3ba69d87bb57a95636,4345c6f3f4fa8dd751640b01c5d9518d0a8e3266ecebffccd93a8ef54034d342,
2026-08-11T14:19:05Z,autodiscovery_log.csv,3970,date|candidate_id|key|family|verdict|p|recent_p,date|candidate_id|key|family|verdict|p|recent_p,0aca5e4210382a58fc59384dd66abcdc0f7d881fec3a82c6ee1ad4bc3a88bb3f,0aca5e4210382a58fc59384dd66abcdc0f7d881fec3a82c6ee1ad4bc3a88bb3f,
2026-08-11T14:19:05Z,composite_log.csv,34,date|stance|score,date|stance|score,95ce288a57bd6d5adc989735151ceff9b3238b3145e035af4c2ebd5d19660ca6,95ce288a57bd6d5adc989735151ceff9b3238b3145e035af4c2ebd5d19660ca6,
2026-08-11T14:19:05Z,regime_forward_log.csv,33,date|verdict,date|verdict,fda0a774f73d5a619a1842f1ab0dade3c8a1df1aedfac58d9bcd05ba6de5b879,fda0a774f73d5a619a1842f1ab0dade3c8a1df1aedfac58d9bcd05ba6de5b879,
2026-08-11T14:19:05Z,btc_backtest_log.csv,33,date|verdict|excess_cagr_pp,date|verdict|excess_cagr_pp,c212f713b4e546bb77ff09cced5dc8675412063e660a96ebf0c2e315f54a58d2,c212f713b4e546bb77ff09cced5dc8675412063e660a96ebf0c2e315f54a58d2,
2026-08-11T14:19:05Z,llm_read_log.csv,28,date|stance|text,date|stance|text,d5488e0f260d779e2ac3465651c0fd48024e3610853b3589f8b9af31a9d0b6d7,d5488e0f260d779e2ac3465651c0fd48024e3610853b3589f8b9af31a9d0b6d7,
2026-08-11T14:19:05Z,llm_prediction_log.csv,28,pred_date|symbol|direction|confidence|reason|horizon_td|entry_date|entry_px|exit_date|exit_px|ret_pct|bucket|hit|settled|dropped,pred_date|symbol|direction|confidence|reason|horizon_td,f1ef7aea114438049418fdf081c8dad44833abb9edf4ddaeb60c22fb6c22cfa6,77e114f065df44715b945d064629eed369532eee7c14a9e61bb27ed69829f1cc,
2026-08-11T14:19:05Z,pick_ledger.csv,197,pick_date|symbol|view|mom_pct|entry_date|entry_px|exit_date|exit_px|ret_pct|bench_pct|excess_pct|call_excess_pct|hit|settled|dropped,pick_date|symbol|view|mom_pct,ffddba2f517d4dd3dda44fcc97073b0d044149eb974ecd87a3c658efe2281af9,75b199ba92b2d5e481536d75b04e92076a1bd882d82d602a5b43b1892ddc43f4,
2026-08-11T14:19:05Z,pick_ledger_v2.csv,86,pick_date|symbol|view|mom_pct|entry_date|entry_px|exit_date|exit_px|ret_pct|bench_pct|excess_pct|call_excess_pct|hit|settled|dropped,pick_date|symbol|view|mom_pct,37d9184af92a81d2bc5b4a23676d187238f0b7565a212c820fcc2f0a92a34d04,3e3b2f66f39a8345509ddc33f3c7956063e2abafd1e90e00e700126f1188d811,
2026-08-11T14:19:05Z,au_pick_ledger.csv,96,pick_date|symbol|view|mom_pct|entry_date|entry_px|exit_date|exit_px|ret_pct|bench_pct|excess_pct|call_excess_pct|hit|settled|dropped,pick_date|symbol|view|mom_pct,f236f022f4b78062a80a785366d085a9eb749ae211f5abe4ad7347d921dca90f,8d0550e6309444d8820d7907013236b486318e65c91df0577e72406c1facd457,
2026-08-12T14:21:01Z,autodiscovery_log.csv,4118,date|candidate_id|key|family|verdict|p|recent_p,date|candidate_id|key|family|verdict|p|recent_p,422ffdf9eeeecdf6bea4b99019c95d1d37dd1d819413ef58a740b15c3d925d3a,422ffdf9eeeecdf6bea4b99019c95d1d37dd1d819413ef58a740b15c3d925d3a,
2026-08-12T14:21:01Z,composite_log.csv,35,date|stance|score,date|stance|score,9c73cc6169bfe6a030769bfe3f921e254354b7aa1f4707344022d132da0fd35d,9c73cc6169bfe6a030769bfe3f921e254354b7aa1f4707344022d132da0fd35d,
2026-08-12T14:21:01Z,regime_forward_log.csv,34,date|verdict,date|verdict,54c7ab3244dad275a993b01f8fe4a43af09921c75d452aaec0da355cae79ec50,54c7ab3244dad275a993b01f8fe4a43af09921c75d452aaec0da355cae79ec50,
2026-08-12T14:21:01Z,btc_backtest_log.csv,34,date|verdict|excess_cagr_pp,date|verdict|excess_cagr_pp,66feeff9d31f7fd943b0fb2a537d638147e0f535f2e857d2fc4a6f96993ad96e,66feeff9d31f7fd943b0fb2a537d638147e0f535f2e857d2fc4a6f96993ad96e,
2026-08-12T14:21:01Z,llm_read_log.csv,29,date|stance|text,date|stance|text,1f8f069dfe9d63adbfdb1204f1e1356beecb2566e9981caa38ea476c088e9363,1f8f069dfe9d63adbfdb1204f1e1356beecb2566e9981caa38ea476c088e9363,
2026-08-12T14:21:01Z,llm_prediction_log.csv,29,pred_date|symbol|direction|confidence|reason|horizon_td|entry_date|entry_px|exit_date|exit_px|ret_pct|bucket|hit|settled|dropped,pred_date|symbol|direction|confidence|reason|horizon_td,99dd7e97a8b9dac80594151044efb0180cbd5cb3556719644b81138e47f167f7,2a5dbf871166c67974d4b5e958e0ecf4b712855ad0cc1ad3ef58cc9cc5bb07ad,
2026-08-12T14:21:01Z,pick_ledger.csv,203,pick_date|symbol|view|mom_pct|entry_date|entry_px|exit_date|exit_px|ret_pct|bench_pct|excess_pct|call_excess_pct|hit|settled|dropped,pick_date|symbol|view|mom_pct,71bc5cac9272b5ee0a073ed573886d9555e7ee0c8b3ead46871de3333be23472,6b7e54c0c982d405b7e228849b3f92fdac2a0fb367795b9fda8b0d838ae6ec7c,
2026-08-12T14:21:01Z,pick_ledger_v2.csv,92,pick_date|symbol|view|mom_pct|entry_date|entry_px|exit_date|exit_px|ret_pct|bench_pct|excess_pct|call_excess_pct|hit|settled|dropped,pick_date|symbol|view|mom_pct,24d7bf9e0dc2765403dfb7ef616293839f46d72c2043ba8bffeb21a2a5752835,fc1bbe045e8aeba1f996cdcffad4d37cab7373073e4ad608aeaba8e02049fdd8,
2026-08-12T14:21:01Z,au_pick_ledger.csv,102,pick_date|symbol|view|mom_pct|entry_date|entry_px|exit_date|exit_px|ret_pct|bench_pct|excess_pct|call_excess_pct|hit|settled|dropped,pick_date|symbol|view|mom_pct,51565c1a7c8f22ec3c937b61ec3a38809e0a39229a20057387511d9d2ba57371,2b2938d800170194f4760c02f5c919677077079e620cf535fbefb7306413af99,
2026-08-12T22:16:27Z,pick_ledger.csv,204,pick_date|symbol|view|mom_pct|entry_date|entry_px|exit_date|exit_px|ret_pct|bench_pct|excess_pct|call_excess_pct|hit|settled|dropped,pick_date|symbol|view|mom_pct,45c70b204ccca19d82eb5146325edc6cbac47fa13d69b4eec5176c085cd9a217,a73dc54e94357c5c03432177fb2673b3b62cc215a51cf1993392320a145ae49d,
2026-08-13T14:22:40Z,autodiscovery_log.csv,4266,date|candidate_id|key|family|verdict|p|recent_p,date|candidate_id|key|family|verdict|p|recent_p,9f04aeac7d9d124d9f3bbabde30953727dee9516b815aeeeccd1ae370debbb11,9f04aeac7d9d124d9f3bbabde30953727dee9516b815aeeeccd1ae370debbb11,
2026-08-13T14:22:40Z,composite_log.csv,36,date|stance|score,date|stance|score,f53e0876102ba01fcc6b43f9bdbd806f61d86af2c6cc710d7c2d29a4d6002837,f53e0876102ba01fcc6b43f9bdbd806f61d86af2c6cc710d7c2d29a4d6002837,
2026-08-13T14:22:40Z,regime_forward_log.csv,35,date|verdict,date|verdict,de6bf26c634eb801bf17a4ad9a6b98b6835659050fab3f884d6b550beea44961,de6bf26c634eb801bf17a4ad9a6b98b6835659050fab3f884d6b550beea44961,
2026-08-13T14:22:40Z,btc_backtest_log.csv,35,date|verdict|excess_cagr_pp,date|verdict|excess_cagr_pp,d77b737a2421cdde47d4794f55ffb8c699519dcae7967428455c8065082694e4,d77b737a2421cdde47d4794f55ffb8c699519dcae7967428455c8065082694e4,
2026-08-13T14:22:40Z,llm_read_log.csv,30,date|stance|text,date|stance|text,8b921a32dec95b0b25d968dac049b0d8ddd079098e0a963d1ac03d4f444dac84,8b921a32dec95b0b25d968dac049b0d8ddd079098e0a963d1ac03d4f444dac84,
2026-08-13T14:22:40Z,llm_prediction_log.csv,30,pred_date|symbol|direction|confidence|reason|horizon_td|entry_date|entry_px|exit_date|exit_px|ret_pct|bucket|hit|settled|dropped,pred_date|symbol|direction|confidence|reason|horizon_td,6f9472206f824fd907d52dd225b98a71353f39be08e8a5228339852ed3feb806,9b8f2beaaf24fed41ab3971346ada5f4f28a56735b8bf94d18fc73451ed10217,
2026-08-13T14:22:40Z,pick_ledger.csv,210,pick_date|symbol|view|mom_pct|entry_date|entry_px|exit_date|exit_px|ret_pct|bench_pct|excess_pct|call_excess_pct|hit|settled|dropped,pick_date|symbol|view|mom_pct,7084ca8a39af62894ca6b9fc8be0dd4bcc5729c9f0932831621a90ecc47a8bdb,f4cdc8650c65235c6defb1a7319345796d49e0554db43dcad208794706f9e764,
2026-08-13T14:22:41Z,pick_ledger_v2.csv,98,pick_date|symbol|view|mom_pct|entry_date|entry_px|exit_date|exit_px|ret_pct|bench_pct|excess_pct|call_excess_pct|hit|settled|dropped,pick_date|symbol|view|mom_pct,2a70a099034c47e1f8860c8c59ae70cbaa42f4e0b69385390669059e2f5772dd,15cd263e31ee4e6df092bd3b131f5239017d043b06243b62b7ba93dbbb3dee77,
2026-08-13T14:22:41Z,au_pick_ledger.csv,108,pick_date|symbol|view|mom_pct|entry_date|entry_px|exit_date|exit_px|ret_pct|bench_pct|excess_pct|call_excess_pct|hit|settled|dropped,pick_date|symbol|view|mom_pct,b9921f42f3a581783a35bdf6478ab7b350821c51c5ee156fec465045a3b950bf,62049661422ed6e269e7d8523ea737597f35528bd7ac66266b24f7b6059ef16d,
2026-08-14T14:15:56Z,autodiscovery_log.csv,4414,date|candidate_id|key|family|verdict|p|recent_p,date|candidate_id|key|family|verdict|p|recent_p,fd59764bf46341eb4eb1d198b82db824b6a364ff54c84a1646e74c92dcd87d83,fd59764bf46341eb4eb1d198b82db824b6a364ff54c84a1646e74c92dcd87d83,
2026-08-14T14:15:56Z,composite_log.csv,37,date|stance|score,date|stance|score,c23e8ed746797287b170120c5508d28e1eacddadbba3f1c91af41c48adb71349,c23e8ed746797287b170120c5508d28e1eacddadbba3f1c91af41c48adb71349,
2026-08-14T14:15:56Z,regime_forward_log.csv,36,date|verdict,date|verdict,ea7f85e061cdcb6fcd90bfdee149c27b7d712c6a932057a2ba78cacb8bb3fd4e,ea7f85e061cdcb6fcd90bfdee149c27b7d712c6a932057a2ba78cacb8bb3fd4e,
2026-08-14T14:15:56Z,btc_backtest_log.csv,36,date|verdict|excess_cagr_pp,date|verdict|excess_cagr_pp,9f64b727f3ef00617efb4c76598d070476b533ccf83051855de60456a764cda1,9f64b727f3ef00617efb4c76598d070476b533ccf83051855de60456a764cda1,
2026-08-14T14:15:56Z,llm_read_log.csv,31,date|stance|text,date|stance|text,3209de995afc362026a692020b1d83ea17380a7bcf7217cc0d4fd05aefc0f90f,3209de995afc362026a692020b1d83ea17380a7bcf7217cc0d4fd05aefc0f90f,
2026-08-14T14:15:56Z,llm_prediction_log.csv,31,pred_date|symbol|direction|confidence|reason|horizon_td|entry_date|entry_px|exit_date|exit_px|ret_pct|bucket|hit|settled|dropped,pred_date|symbol|direction|confidence|reason|horizon_td,1050723390d0093178033383b04e2d052030c7cb80cd1a6e3e184778f45b5f58,dcf89a7217a535c0c271791a0e3b10a107632284ff10dae9237d0055ba02c526,
2026-08-14T14:15:56Z,pick_ledger.csv,216,pick_date|symbol|view|mom_pct|entry_date|entry_px|exit_date|exit_px|ret_pct|bench_pct|excess_pct|call_excess_pct|hit|settled|dropped,pick_date|symbol|view|mom_pct,4b74694f515f0776a9b3bafc2e8ae0db7d3f4a753245eba27d5ba6d634983b9d,a70a9417ce2c04df11d6e46e26c44eae2e0d3030cd6f566c4abd070b7ad2d7ed,
2026-08-14T14:15:56Z,pick_ledger_v2.csv,104,pick_date|symbol|view|mom_pct|entry_date|entry_px|exit_date|exit_px|ret_pct|bench_pct|excess_pct|call_excess_pct|hit|settled|dropped,pick_date|symbol|view|mom_pct,ccf936c7ac326a3390451b47cf229747ca6f2b8a6693da58a357ec442a4229e4,2a3bead1fb60af847666c60668f39f1d36dbe122ba1bbdb7c77e65e12f5eff9d,
2026-08-14T14:15:56Z,au_pick_ledger.csv,114,pick_date|symbol|view|mom_pct|entry_date|entry_px|exit_date|exit_px|ret_pct|bench_pct|excess_pct|call_excess_pct|hit|settled|dropped,pick_date|symbol|view|mom_pct,fbea6680b127c1981988c43e66ab9f9a912dc2ed7b86f729ba9d2dd20d0fe39e,eb0003289147ba8d2ed6d77a4ed8ac966d12f7334b753a85fa0408c0b5487cd6,
2026-08-14T21:55:35Z,pick_ledger.csv,217,pick_date|symbol|view|mom_pct|entry_date|entry_px|exit_date|exit_px|ret_pct|bench_pct|excess_pct|call_excess_pct|hit|settled|dropped,pick_date|symbol|view|mom_pct,7624fc09a7a4fcebd132b8ffc71f81d07e38b584bc05a47181c79d7d47c9040f,8e0c721ec2cc8f25c0cdade953dfcf822ebe96d0ac53f5107c4d4053db90ff05,
2026-08-17T14:16:06Z,llm_weekly_log.csv,6,week|stance_trend|text,week|stance_trend|text,4fdaf720e9fdb2e6aff430638cb379f654f309d323408fdd3742b69db2b22845,4fdaf720e9fdb2e6aff430638cb379f654f309d323408fdd3742b69db2b22845,
2026-08-17T21:57:30Z,autodiscovery_log.csv,4562,date|candidate_id|key|family|verdict|p|recent_p,date|candidate_id|key|family|verdict|p|recent_p,529b02e58d0919b280596889f70b3c764b4f18fd3f8fcd7d2fab3cb9bb9961dc,529b02e58d0919b280596889f70b3c764b4f18fd3f8fcd7d2fab3cb9bb9961dc,
2026-08-17T21:57:30Z,composite_log.csv,38,date|stance|score,date|stance|score,a3d2752d417ff17e307998f431ccac56f66bb084746175e0f79518c8455949d2,a3d2752d417ff17e307998f431ccac56f66bb084746175e0f79518c8455949d2,
2026-08-17T21:57:30Z,regime_forward_log.csv,37,date|verdict,date|verdict,7db33ea8baa2530ff9c4377a37a71d83f451b54ca5b60643c26cc0ed660bdc22,7db33ea8baa2530ff9c4377a37a71d83f451b54ca5b60643c26cc0ed660bdc22,
2026-08-17T21:57:30Z,btc_backtest_log.csv,37,date|verdict|excess_cagr_pp,date|verdict|excess_cagr_pp,9e27fe8aa07d2eb1acc9642deebada1bb77cabcc20cc7d4be5b605b3e74eb792,9e27fe8aa07d2eb1acc9642deebada1bb77cabcc20cc7d4be5b605b3e74eb792,
2026-08-17T21:57:30Z,llm_read_log.csv,32,date|stance|text,date|stance|text,ffee147e6c058175a8e1d384e5bcdcd88f1b51d3fef61ccd81c5c8e8bf87fe3a,ffee147e6c058175a8e1d384e5bcdcd88f1b51d3fef61ccd81c5c8e8bf87fe3a,
2026-08-17T21:57:30Z,llm_prediction_log.csv,32,pred_date|symbol|direction|confidence|reason|horizon_td|entry_date|entry_px|exit_date|exit_px|ret_pct|bucket|hit|settled|dropped,pred_date|symbol|direction|confidence|reason|horizon_td,a7481037bcf82dd4262b02bfbaf3f756740c1262ce9637fce5e4107163902ff0,f639e8eb3bd94b6fdb7fd6dbaa63719d531c1e03f6ec64fda6f962798fbce27b,
2026-08-17T21:57:30Z,pick_ledger.csv,223,pick_date|symbol|view|mom_pct|entry_date|entry_px|exit_date|exit_px|ret_pct|bench_pct|excess_pct|call_excess_pct|hit|settled|dropped,pick_date|symbol|view|mom_pct,e7fd3b836723f32c28c3cc27006a52636b003377aeddaf180fa4cbffd43fb8d1,9900d5a4b27be5e8607ea111527adb9189b7db53d9f73a9a01a40761b24891c0,
2026-08-17T21:57:30Z,pick_ledger_v2.csv,110,pick_date|symbol|view|mom_pct|entry_date|entry_px|exit_date|exit_px|ret_pct|bench_pct|excess_pct|call_excess_pct|hit|settled|dropped,pick_date|symbol|view|mom_pct,5f5c0c4420aa9974dc10fc136421f4d3c0d2db5c02b921a9ed86fd1865b59781,0c8a425d656df9bf913aa2ea6238a6f02288fd320b5c1d646f2199b4d9018f94,
2026-08-17T21:57:30Z,au_pick_ledger.csv,120,pick_date|symbol|view|mom_pct|entry_date|entry_px|exit_date|exit_px|ret_pct|bench_pct|excess_pct|call_excess_pct|hit|settled|dropped,pick_date|symbol|view|mom_pct,284382750f3b7ccc592c5b80b54169a74bca51d5bfa576cbc5eee764d366554f,5265934c20bac6ad79738411d20fe2c2ee1f5e34b5a8308fa4f66d483320e84c,
2026-08-18T21:55:01Z,autodiscovery_log.csv,4710,date|candidate_id|key|family|verdict|p|recent_p,date|candidate_id|key|family|verdict|p|recent_p,9ace35372cf8bd8a11838b6a0c92f5ef61e56482f1cffbd8630cc9a32e7e0fc7,9ace35372cf8bd8a11838b6a0c92f5ef61e56482f1cffbd8630cc9a32e7e0fc7,
2026-08-18T21:55:01Z,composite_log.csv,39,date|stance|score,date|stance|score,0435b3c0c22c0bb13980cb44ccff4cc2ce4a6c90afe13d051362a990220652a1,0435b3c0c22c0bb13980cb44ccff4cc2ce4a6c90afe13d051362a990220652a1,
2026-08-18T21:55:01Z,regime_forward_log.csv,38,date|verdict,date|verdict,e8ada9cbe2dee1a859d8ca000b5776e1a311482e38a065ecd5309c796bfef6e1,e8ada9cbe2dee1a859d8ca000b5776e1a311482e38a065ecd5309c796bfef6e1,
2026-08-18T21:55:01Z,btc_backtest_log.csv,38,date|verdict|excess_cagr_pp,date|verdict|excess_cagr_pp,d98763038d203cfcb9895456b4bd7cdb25b2b449d95cc97c3e20963f14986f47,d98763038d203cfcb9895456b4bd7cdb25b2b449d95cc97c3e20963f14986f47,
2026-08-18T21:55:01Z,llm_read_log.csv,33,date|stance|text,date|stance|text,b762684f0761919ddfdfce7a57253cae3cc4c7264431876c0f6cc6af6214f07c,b762684f0761919ddfdfce7a57253cae3cc4c7264431876c0f6cc6af6214f07c,
2026-08-18T21:55:01Z,llm_prediction_log.csv,33,pred_date|symbol|direction|confidence|reason|horizon_td|entry_date|entry_px|exit_date|exit_px|ret_pct|bucket|hit|settled|dropped,pred_date|symbol|direction|confidence|reason|horizon_td,75a10b651959c74c93b5a1a1dc39302de17d2f422fbad61447fb59f8662ff8b3,5c630cccc8d93326d8f43cfb29fd0b09156b687872aaea8151b241922889ee0c,
2026-08-18T21:55:01Z,pick_ledger.csv,229,pick_date|symbol|view|mom_pct|entry_date|entry_px|exit_date|exit_px|ret_pct|bench_pct|excess_pct|call_excess_pct|hit|settled|dropped,pick_date|symbol|view|mom_pct,e1d20753fd6a48ebe609b56d6bbbebf7c6f6ae225d352e6bf8850e2c0401e51e,9ecd80514a7b1db0bbbe125b1d44474a3424a18f1116b080653478ee241312f5,
2026-08-18T21:55:01Z,pick_ledger_v2.csv,116,pick_date|symbol|view|mom_pct|entry_date|entry_px|exit_date|exit_px|ret_pct|bench_pct|excess_pct|call_excess_pct|hit|settled|dropped,pick_date|symbol|view|mom_pct,d5f5d84204bbbb0bb57ea41d58f60317cf798ed45738eb8e207dd2a3066fe056,f94f65aaf7a38d57439409b7649cbda96c10f0ae6cdef261d3ac9022f1178178,
2026-08-18T21:55:01Z,au_pick_ledger.csv,126,pick_date|symbol|view|mom_pct|entry_date|entry_px|exit_date|exit_px|ret_pct|bench_pct|excess_pct|call_excess_pct|hit|settled|dropped,pick_date|symbol|view|mom_pct,65f963b5da5c6a16bd05140844a531d8cfd978695afc6641efc10e66c488b1b8,8ab021f7a48527ac8c9af988942b9f8e392197ee54daffd59b13e1edd161c725,
2026-08-19T13:44:07Z,autodiscovery_log.csv,4858,date|candidate_id|key|family|verdict|p|recent_p,date|candidate_id|key|family|verdict|p|recent_p,45a7f1a1d7a8a48f4d429a05a461e9d05c650e62ce6ab0824ea9eef64b54b68e,45a7f1a1d7a8a48f4d429a05a461e9d05c650e62ce6ab0824ea9eef64b54b68e,
2026-08-19T13:44:07Z,composite_log.csv,40,date|stance|score,date|stance|score,744a3200b6a565f5abc0563f029abb1dd10735031c8787b4d469ac9c709f17e7,744a3200b6a565f5abc0563f029abb1dd10735031c8787b4d469ac9c709f17e7,
2026-08-19T13:44:07Z,regime_forward_log.csv,39,date|verdict,date|verdict,a2615d24e0ef6a2fc8907a93ff3bc690add904f307932d1a7abadbd26dd416da,a2615d24e0ef6a2fc8907a93ff3bc690add904f307932d1a7abadbd26dd416da,
2026-08-19T13:44:07Z,btc_backtest_log.csv,39,date|verdict|excess_cagr_pp,date|verdict|excess_cagr_pp,c062f13c42610ecb2291841b4ef477b9e3e15448408a01401f8fd4282154db3c,c062f13c42610ecb2291841b4ef477b9e3e15448408a01401f8fd4282154db3c,
2026-08-19T13:44:07Z,llm_read_log.csv,34,date|stance|text,date|stance|text,6be20d00ec79c8b0b92a046c14992f2c02efe58b943e8481bd47517c30583878,6be20d00ec79c8b0b92a046c14992f2c02efe58b943e8481bd47517c30583878,
2026-08-19T13:44:07Z,llm_prediction_log.csv,34,pred_date|symbol|direction|confidence|reason|horizon_td|entry_date|entry_px|exit_date|exit_px|ret_pct|bucket|hit|settled|dropped,pred_date|symbol|direction|confidence|reason|horizon_td,e3f3e82d39286862bfec2265dd555708d81d1dcf997c25b7d903e406439f3248,5d9c1e261926c2246831c4d76ecbf10f8095b1756b3e570e41c58a28f2d42ad4,
2026-08-19T13:44:07Z,pick_ledger.csv,235,pick_date|symbol|view|mom_pct|entry_date|entry_px|exit_date|exit_px|ret_pct|bench_pct|excess_pct|call_excess_pct|hit|settled|dropped,pick_date|symbol|view|mom_pct,2682ab06cccd99319a733e85e7a09f29ed84fd6e3786fc8c40777ebab12d14b1,622a88a5cf16c76d3c2e66506ff408a15398773d734540c8b378e9f749cb6d07,
2026-08-19T13:44:07Z,pick_ledger_v2.csv,122,pick_date|symbol|view|mom_pct|entry_date|entry_px|exit_date|exit_px|ret_pct|bench_pct|excess_pct|call_excess_pct|hit|settled|dropped,pick_date|symbol|view|mom_pct,1df6dc9acc86dc1792ff35354e3d3b2950eaf252ab53ef4ef2e471b74c0bad25,197311f9329ccd310fb73db7194fb76730040e96a0df4cd267fd0b2d9dd26d3d,
2026-08-19T13:44:07Z,au_pick_ledger.csv,132,pick_date|symbol|view|mom_pct|entry_date|entry_px|exit_date|exit_px|ret_pct|bench_pct|excess_pct|call_excess_pct|hit|settled|dropped,pick_date|symbol|view|mom_pct,3b75de0e0e50b046325072e6b3e7b17f7b5f072fbbce07fd527799a487ee6a1d,508762612521ef34e035371c2713a75e3bb1e67bc4a847156630414f41d53c4b,
2026-08-20T13:44:49Z,autodiscovery_log.csv,5006,date|candidate_id|key|family|verdict|p|recent_p,date|candidate_id|key|family|verdict|p|recent_p,9edc6bfa4c3cdd36c37e73882ae319d7efeb4ef8caf5ac61da5dc6a455638a76,9edc6bfa4c3cdd36c37e73882ae319d7efeb4ef8caf5ac61da5dc6a455638a76,
2026-08-20T13:44:49Z,composite_log.csv,41,date|stance|score,date|stance|score,c9c4688d901e8ad894977cc2f91c104bd0e70635f659a71140e8857107984e02,c9c4688d901e8ad894977cc2f91c104bd0e70635f659a71140e8857107984e02,
2026-08-20T13:44:49Z,regime_forward_log.csv,40,date|verdict,date|verdict,5c51697837a50510ef5f64971df19ac3f87aa792b9f055e46dc76c027e3ff43a,5c51697837a50510ef5f64971df19ac3f87aa792b9f055e46dc76c027e3ff43a,
2026-08-20T13:44:49Z,btc_backtest_log.csv,40,date|verdict|excess_cagr_pp,date|verdict|excess_cagr_pp,6a3563ef496e29789b6cd01072d95416b631698b50ddfd636fe6970848adbff2,6a3563ef496e29789b6cd01072d95416b631698b50ddfd636fe6970848adbff2,
2026-08-20T13:44:49Z,llm_read_log.csv,35,date|stance|text,date|stance|text,c76ff1f9c23e50dc9f281251c8320b1f1bcb9af8e39f528d918a8af4b7d6be23,c76ff1f9c23e50dc9f281251c8320b1f1bcb9af8e39f528d918a8af4b7d6be23,
2026-08-20T13:44:49Z,llm_prediction_log.csv,35,pred_date|symbol|direction|confidence|reason|horizon_td|entry_date|entry_px|exit_date|exit_px|ret_pct|bucket|hit|settled|dropped,pred_date|symbol|direction|confidence|reason|horizon_td,c4e3b5beb8f1c2c8a87683bfe5b576aaf8d8cc921b323cdf0114b337c6cead74,a1f539367166ab4d570d4ba924a117abc3aa1baa6e06bd8d730c5c8f172dc6c6,
2026-08-20T13:44:49Z,pick_ledger.csv,241,pick_date|symbol|view|mom_pct|entry_date|entry_px|exit_date|exit_px|ret_pct|bench_pct|excess_pct|call_excess_pct|hit|settled|dropped,pick_date|symbol|view|mom_pct,79b37ecab6d5f43bc92f826e90cae8d539cdd1c68493ee0c9955bfd79fdcc834,e6f1c0bc2892942aa3d27591865628b4d0a669f1be7c095abe7154c8c7193994,
2026-08-20T13:44:49Z,pick_ledger_v2.csv,128,pick_date|symbol|view|mom_pct|entry_date|entry_px|exit_date|exit_px|ret_pct|bench_pct|excess_pct|call_excess_pct|hit|settled|dropped,pick_date|symbol|view|mom_pct,a5b497d0e79cab4d5b0b244d3e9882446e70193b61a5b4f8d9bfe4a6fbad177e,f069ddc4c0e88261f2a7d82e653c51cdb4d0536864d3009b67bfb6c68bffde8b,
2026-08-20T13:44:49Z,au_pick_ledger.csv,138,pick_date|symbol|view|mom_pct|entry_date|entry_px|exit_date|exit_px|ret_pct|bench_pct|excess_pct|call_excess_pct|hit|settled|dropped,pick_date|symbol|view|mom_pct,54c9b3b87a24033280941d16fca1c5732137fe3e8c460098246f7f8fd7f67a42,c74211210f0296ae9ff03ae85739bd3c711508cc374bf4d42551f876bbdeeb09,
2026-08-20T22:00:30Z,pick_ledger.csv,242,pick_date|symbol|view|mom_pct|entry_date|entry_px|exit_date|exit_px|ret_pct|bench_pct|excess_pct|call_excess_pct|hit|settled|dropped,pick_date|symbol|view|mom_pct,25559a83fc4723e0e6572ca87513fe41ab20040ebddc5fa1d3db98b07b8e5cac,09f4ddf6edd496970fb4a5a39975fb271b6e08198523af9dcb82df35b8778daa,
2026-08-21T16:44:26Z,autodiscovery_log.csv,5154,date|candidate_id|key|family|verdict|p|recent_p,date|candidate_id|key|family|verdict|p|recent_p,dfd1bff07fecc1cb21ab6b494e2c21622238c37cd56920337fedb4b856057b15,dfd1bff07fecc1cb21ab6b494e2c21622238c37cd56920337fedb4b856057b15,
2026-08-21T16:44:26Z,composite_log.csv,42,date|stance|score,date|stance|score,c99981f49b48282b0ae34524aaaf2012d7e0407011798a6103834f94b791a42a,c99981f49b48282b0ae34524aaaf2012d7e0407011798a6103834f94b791a42a,
2026-08-21T16:44:26Z,regime_forward_log.csv,41,date|verdict,date|verdict,e6813c15f95c81d1d279bff97e24535601a9c6e32947e27244d2bc0df9f9ec73,e6813c15f95c81d1d279bff97e24535601a9c6e32947e27244d2bc0df9f9ec73,
2026-08-21T16:44:26Z,btc_backtest_log.csv,41,date|verdict|excess_cagr_pp,date|verdict|excess_cagr_pp,d54d68c4772a59587751a58238b139a8f1afc63482fd64b573b66ff1543ebdac,d54d68c4772a59587751a58238b139a8f1afc63482fd64b573b66ff1543ebdac,
2026-08-21T16:44:26Z,llm_read_log.csv,36,date|stance|text,date|stance|text,62e22e117b0b35584689bd88086b846b13f5da47e1c16fb2c9de7768f3648b23,62e22e117b0b35584689bd88086b846b13f5da47e1c16fb2c9de7768f3648b23,
2026-08-21T16:44:26Z,llm_prediction_log.csv,36,pred_date|symbol|direction|confidence|reason|horizon_td|entry_date|entry_px|exit_date|exit_px|ret_pct|bucket|hit|settled|dropped,pred_date|symbol|direction|confidence|reason|horizon_td,1a0ef6b9faa169332b23f6a44fea2af04c4df84ab14ad30d139039e0ec978e59,451e5a42b6dab54b7b26cd07b3d5179e91385218bc5d6963949cbecf8cdf888a,
2026-08-21T16:44:26Z,pick_ledger.csv,248,pick_date|symbol|view|mom_pct|entry_date|entry_px|exit_date|exit_px|ret_pct|bench_pct|excess_pct|call_excess_pct|hit|settled|dropped,pick_date|symbol|view|mom_pct,8021db6f9f71eddfc6305f108cc41954110c5153bdbcc4c9e87a544c6fc0c85f,1bf08d83b1e14c2d10d0213d9e6a58a10668a88bdf0c6fbab0631539a663bb5b,
2026-08-21T16:44:26Z,pick_ledger_v2.csv,134,pick_date|symbol|view|mom_pct|entry_date|entry_px|exit_date|exit_px|ret_pct|bench_pct|excess_pct|call_excess_pct|hit|settled|dropped,pick_date|symbol|view|mom_pct,d85bf389d9c29a330ad1e58525c53d9c95e350732cd783929c7093c9e1322812,35b0227a76a04c8a8528d3e574ea82d796dd19034428cf778f10a03f6fd8f718,
2026-08-21T16:44:26Z,au_pick_ledger.csv,144,pick_date|symbol|view|mom_pct|entry_date|entry_px|exit_date|exit_px|ret_pct|bench_pct|excess_pct|call_excess_pct|hit|settled|dropped,pick_date|symbol|view|mom_pct,26c13ab759105c09d989a42ed82019798b7494b710897a1fc0bb8a6526869cac,1cb6a72ee3fdc67e9664c3522a1737ca1de36dbb274e857c58b16c6409c5ba2f,
2026-08-24T13:50:11Z,autodiscovery_log.csv,5302,date|candidate_id|key|family|verdict|p|recent_p,date|candidate_id|key|family|verdict|p|recent_p,68b2e56ac6954712f1b24212ea9f8cc9362bf95ac2ae3e2188ccc090bac01ffe,68b2e56ac6954712f1b24212ea9f8cc9362bf95ac2ae3e2188ccc090bac01ffe,
2026-08-24T13:50:12Z,composite_log.csv,43,date|stance|score,date|stance|score,2f82f333df6f4911725b41706ba043261443a314d066af419b93bcddecf1d991,2f82f333df6f4911725b41706ba043261443a314d066af419b93bcddecf1d991,
2026-08-24T13:50:12Z,regime_forward_log.csv,42,date|verdict,date|verdict,5eeafdd2d83f56d05236099889184840973cbd5ae0be9de257c13de9df1afe57,5eeafdd2d83f56d05236099889184840973cbd5ae0be9de257c13de9df1afe57,
2026-08-24T13:50:12Z,btc_backtest_log.csv,42,date|verdict|excess_cagr_pp,date|verdict|excess_cagr_pp,13a11bd87d968405d560114ef9181a4028c6c3ec5fea4178afc85ab3ed0f2564,13a11bd87d968405d560114ef9181a4028c6c3ec5fea4178afc85ab3ed0f2564,
2026-08-24T13:50:12Z,llm_read_log.csv,37,date|stance|text,date|stance|text,896940ba9f1e8748d85e3d359806566b7520dc3230e1721ec91311adaa550a72,896940ba9f1e8748d85e3d359806566b7520dc3230e1721ec91311adaa550a72,
2026-08-24T13:50:12Z,llm_weekly_log.csv,7,week|stance_trend|text,week|stance_trend|text,e8abe4042c67d58bbfc86c640c111e3861a9a43fc13056077f42a6e4120b7140,e8abe4042c67d58bbfc86c640c111e3861a9a43fc13056077f42a6e4120b7140,
2026-08-24T13:50:12Z,llm_prediction_log.csv,37,pred_date|symbol|direction|confidence|reason|horizon_td|entry_date|entry_px|exit_date|exit_px|ret_pct|bucket|hit|settled|dropped,pred_date|symbol|direction|confidence|reason|horizon_td,69f62eb9515a2304bf744552454d780a01abd2a9c4bc6a71146fe38d12fdd68b,bad19b4b3eb88fac19183d03409d1a184ec0d9408e5be849c68f69887ccb5879,
2026-08-24T13:50:12Z,pick_ledger.csv,254,pick_date|symbol|view|mom_pct|entry_date|entry_px|exit_date|exit_px|ret_pct|bench_pct|excess_pct|call_excess_pct|hit|settled|dropped,pick_date|symbol|view|mom_pct,371fe8c4021f6b370f257ac5b6a390dd20fc6fe2cea815d1e795eb17a6158b56,7b7b06d85ad7b99bf602451812472c01e0e29eab63fb20cca01289033da7cf4b,
2026-08-24T13:50:12Z,pick_ledger_v2.csv,140,pick_date|symbol|view|mom_pct|entry_date|entry_px|exit_date|exit_px|ret_pct|bench_pct|excess_pct|call_excess_pct|hit|settled|dropped,pick_date|symbol|view|mom_pct,4a7c6e6effb9890ff1bb76c1ce09f6a2eade27517c34ce2a353bf29e438c3bf2,71892cb72e8d93cefbe6ff624f0379eee9c61c8fb58f3f213004bd58e633a415,
2026-08-24T13:50:12Z,au_pick_ledger.csv,150,pick_date|symbol|view|mom_pct|entry_date|entry_px|exit_date|exit_px|ret_pct|bench_pct|excess_pct|call_excess_pct|hit|settled|dropped,pick_date|symbol|view|mom_pct,ac7d25c789d385a7a98e55e84775178df8f7e669d9e73735769d3ae0be59ff62,6539e1999290dd22623419042dbb947cc39203ef6d14604897c5c4ce4f530741,
2026-08-24T13:50:12Z,insider_signal_log.csv,64,filed_date|ticker|insider|title|txn_date|shares|value|entry_date|entry_px|exit_date|exit_px|fwd_pct|spy_pct|excess_pct|hit|settled|dropped,filed_date|ticker|insider|title|txn_date|shares|value,c4c8ab76eb03eca9e82e9af68181cc5b7aa45403519d6f7467d7751aae8cf235,aee952c6cc5b20444d6765938fed771b20a79b2a9cee927020639460c5c8863f,
2026-08-25T13:49:51Z,autodiscovery_log.csv,5450,date|candidate_id|key|family|verdict|p|recent_p,date|candidate_id|key|family|verdict|p|recent_p,e97384b78f695525bf6c66a8dbfffd436888cede770a474f6d0e2e8dc94b8aa7,e97384b78f695525bf6c66a8dbfffd436888cede770a474f6d0e2e8dc94b8aa7,
2026-08-25T13:49:51Z,composite_log.csv,44,date|stance|score,date|stance|score,d0bbe9ebda15543729ffcaf61e4d6f393feb107aedff2238235b0d54cee21f13,d0bbe9ebda15543729ffcaf61e4d6f393feb107aedff2238235b0d54cee21f13,
2026-08-25T13:49:51Z,regime_forward_log.csv,43,date|verdict,date|verdict,6ec779e20f147021103689dfaebf11370b959fc9718144c62467eff5e1746ccf,6ec779e20f147021103689dfaebf11370b959fc9718144c62467eff5e1746ccf,
2026-08-25T13:49:51Z,btc_backtest_log.csv,43,date|verdict|excess_cagr_pp,date|verdict|excess_cagr_pp,4ef30a640acc809700aa45103b471e7fc46b463a2ed29e07ef7e7b5c209b6266,4ef30a640acc809700aa45103b471e7fc46b463a2ed29e07ef7e7b5c209b6266,
2026-08-25T13:49:51Z,llm_read_log.csv,38,date|stance|text,date|stance|text,ed7787b69e0dc3dc8a198b38c2f0ef8afd0ef94d2f7fd888aebb19e9b83f0db3,ed7787b69e0dc3dc8a198b38c2f0ef8afd0ef94d2f7fd888aebb19e9b83f0db3,
2026-08-25T13:49:51Z,llm_prediction_log.csv,38,pred_date|symbol|direction|confidence|reason|horizon_td|entry_date|entry_px|exit_date|exit_px|ret_pct|bucket|hit|settled|dropped,pred_date|symbol|direction|confidence|reason|horizon_td,4ce21103c1dd068bd483338ab3af9aeaf6a256d9420bdd7e6e34cefaaf5a4605,5fb09ab026ffca09087ff8d242851aaebc4f92cef9c190e28fd2ec50d06cf13a,
2026-08-25T13:49:51Z,pick_ledger.csv,260,pick_date|symbol|view|mom_pct|entry_date|entry_px|exit_date|exit_px|ret_pct|bench_pct|excess_pct|call_excess_pct|hit|settled|dropped,pick_date|symbol|view|mom_pct,40fe4f727cc9d225c22f7b974693f723cbb7a4f2425962fe3e19f0a5bb1defbb,882f0e5efe333a154ead2de349e44c8f6f32b65b328717dccf1ec9096acdb13f,
2026-08-25T13:49:51Z,pick_ledger_v2.csv,146,pick_date|symbol|view|mom_pct|entry_date|entry_px|exit_date|exit_px|ret_pct|bench_pct|excess_pct|call_excess_pct|hit|settled|dropped,pick_date|symbol|view|mom_pct,ee90f06a6939b3628c200fb4290c94233a2de6d9530773d2084d06769a2afc9b,8613b55eff22d6412c092b8f4e662d2b947a7f4392574aab8bd79afb12e46f33,
2026-08-25T13:49:51Z,au_pick_ledger.csv,156,pick_date|symbol|view|mom_pct|entry_date|entry_px|exit_date|exit_px|ret_pct|bench_pct|excess_pct|call_excess_pct|hit|settled|dropped,pick_date|symbol|view|mom_pct,23ad9753feedb6bdeb62ba3f23da93706e4280191437c89039a1563f9e25b7af,cecf0da27e35bc35165c8350cca213a9449d7d4b7b4314305765b0cb1f399a67,
2026-08-26T13:53:44Z,autodiscovery_log.csv,5598,date|candidate_id|key|family|verdict|p|recent_p,date|candidate_id|key|family|verdict|p|recent_p,79aeec8d60206b4c01d60752af17612a6b56dd14058705337655fd4bee003a4c,79aeec8d60206b4c01d60752af17612a6b56dd14058705337655fd4bee003a4c,
2026-08-26T13:53:44Z,composite_log.csv,45,date|stance|score,date|stance|score,a95692a6fd09ee731c02d2cb9d0f2c13832ed4bcccb06c82a4d678dda9f40cc5,a95692a6fd09ee731c02d2cb9d0f2c13832ed4bcccb06c82a4d678dda9f40cc5,
2026-08-26T13:53:44Z,regime_forward_log.csv,44,date|verdict,date|verdict,24be031f61c329c419cfb30b1fa44b60ee2b9f74792a66669d31b5baf046255e,24be031f61c329c419cfb30b1fa44b60ee2b9f74792a66669d31b5baf046255e,
2026-08-26T13:53:44Z,btc_backtest_log.csv,44,date|verdict|excess_cagr_pp,date|verdict|excess_cagr_pp,f896560e6dd9d3174ee5e76ba84d0fae8354792657e383c4df24d3039cf569d5,f896560e6dd9d3174ee5e76ba84d0fae8354792657e383c4df24d3039cf569d5,
2026-08-26T13:53:44Z,llm_read_log.csv,39,date|stance|text,date|stance|text,669808695ceba00fbba5179f61b13e622d4b73515d5015577c56afedd9b57302,669808695ceba00fbba5179f61b13e622d4b73515d5015577c56afedd9b57302,
2026-08-26T13:53:44Z,llm_prediction_log.csv,39,pred_date|symbol|direction|confidence|reason|horizon_td|entry_date|entry_px|exit_date|exit_px|ret_pct|bucket|hit|settled|dropped,pred_date|symbol|direction|confidence|reason|horizon_td,7856c56597cbb2829bfaff44f52a481a34e30d76110b379db8d5862bd7ec6b41,0aabe6f4b98517a4864beb53d161c907130bef6f68f6a8e054c6fa989c1972a6,
2026-08-26T13:53:44Z,pick_ledger.csv,266,pick_date|symbol|view|mom_pct|entry_date|entry_px|exit_date|exit_px|ret_pct|bench_pct|excess_pct|call_excess_pct|hit|settled|dropped,pick_date|symbol|view|mom_pct,c0aa7601f6a627ae8c08f48b2c3fa16bbd8c075d46be14caf23cb722a7f44427,75398e080f99fb1af768bcd5ec0f11a0fd33c2967d4b770693ad75ac14f3a832,
2026-08-26T13:53:44Z,pick_ledger_v2.csv,152,pick_date|symbol|view|mom_pct|entry_date|entry_px|exit_date|exit_px|ret_pct|bench_pct|excess_pct|call_excess_pct|hit|settled|dropped,pick_date|symbol|view|mom_pct,719f8dfe782e4ca550205771fee191faa8524d5a6f3bbe7485c7ee7723f53871,d72b99db317be90b52daf76ba40e10e5b22137d7a7ad84a44f032ab4bbfa2d88,
2026-08-26T13:53:44Z,au_pick_ledger.csv,162,pick_date|symbol|view|mom_pct|entry_date|entry_px|exit_date|exit_px|ret_pct|bench_pct|excess_pct|call_excess_pct|hit|settled|dropped,pick_date|symbol|view|mom_pct,fa1de41d923259004756e1a15347c60f34d990258cf19e35ad6c54390c59836e,74344326e0b8fb64ed7c0f9a6b40920725dff71a717819be934c7a6693831c4b,
2026-08-26T13:53:44Z,insider_signal_log.csv,64,filed_date|ticker|insider|title|txn_date|shares|value|entry_date|entry_px|exit_date|exit_px|fwd_pct|spy_pct|excess_pct|hit|settled|dropped,filed_date|ticker|insider|title|txn_date|shares|value,54e401530982f98e3efe0e42bf4f9b8657d3c7017d5d86f74ca2bfc03bc577ad,aee952c6cc5b20444d6765938fed771b20a79b2a9cee927020639460c5c8863f,
2026-08-27T01:05:10Z,autodiscovery_log.csv,5746,date|candidate_id|key|family|verdict|p|recent_p,date|candidate_id|key|family|verdict|p|recent_p,55b42f532714706b73fb14758616af31536aedc2e5dc77cacc59d5f50420f501,55b42f532714706b73fb14758616af31536aedc2e5dc77cacc59d5f50420f501,
2026-08-27T01:05:10Z,composite_log.csv,46,date|stance|score,date|stance|score,a11020a5212edc4fa634696000074df6e9bb0da3b0fda92b85a4faa0bfdcd100,a11020a5212edc4fa634696000074df6e9bb0da3b0fda92b85a4faa0bfdcd100,
2026-08-27T01:05:10Z,regime_forward_log.csv,45,date|verdict,date|verdict,0bc6140c4f67f325996b87f6da6fe425071ee3067fe5166574e9ed12d66bebf5,0bc6140c4f67f325996b87f6da6fe425071ee3067fe5166574e9ed12d66bebf5,
2026-08-27T01:05:10Z,btc_backtest_log.csv,45,date|verdict|excess_cagr_pp,date|verdict|excess_cagr_pp,c97ddb389dfd9c2a6b7b49adf09dd60902e2afd803425798ee5fb8725ae04063,c97ddb389dfd9c2a6b7b49adf09dd60902e2afd803425798ee5fb8725ae04063,
2026-08-27T01:05:10Z,llm_read_log.csv,40,date|stance|text,date|stance|text,ec5410fc86598715664d1b2be0c9ea4224a0e115ec1c91e15ad4d8947c90d936,ec5410fc86598715664d1b2be0c9ea4224a0e115ec1c91e15ad4d8947c90d936,
2026-08-27T01:05:10Z,llm_prediction_log.csv,40,pred_date|symbol|direction|confidence|reason|horizon_td|entry_date|entry_px|exit_date|exit_px|ret_pct|bucket|hit|settled|dropped,pred_date|symbol|direction|confidence|reason|horizon_td,6ed1166dc321d171809224db6948b9c6411a7aad3e7031040ef5f354bf7f7990,fa9fec52a2146a3008d2cf45e6b229eadf5cf0707f4cc3dd9bbcb2e57c117189,
2026-08-27T01:05:10Z,pick_ledger.csv,272,pick_date|symbol|view|mom_pct|entry_date|entry_px|exit_date|exit_px|ret_pct|bench_pct|excess_pct|call_excess_pct|hit|settled|dropped,pick_date|symbol|view|mom_pct,a8443a6c45e51c2f408a3b407c09a9cdb11828f9ce39a6a6a9c2c6e53ac941a4,2f9101f90e3ec1462e1ac03721a93cd8fb649945ff4ae681e2c68e80a16431e2,
2026-08-27T01:05:10Z,pick_ledger_v2.csv,158,pick_date|symbol|view|mom_pct|entry_date|entry_px|exit_date|exit_px|ret_pct|bench_pct|excess_pct|call_excess_pct|hit|settled|dropped,pick_date|symbol|view|mom_pct,641288aa2efc1a0a444ac28a1fc70c63b9c46006c3ecbe2f149d94444ce743b8,0434f0717b8aceb93175a7b8261a430624d16adc4b7f3e9e848f1b13816ee9ad,
2026-08-27T01:05:10Z,au_pick_ledger.csv,168,pick_date|symbol|view|mom_pct|entry_date|entry_px|exit_date|exit_px|ret_pct|bench_pct|excess_pct|call_excess_pct|hit|settled|dropped,pick_date|symbol|view|mom_pct,313864076d9744af3b035e7e48e90b066ac8dbe4501104d8774701f9cddb87ac,fb2091d5c9505fb00023c48dab2d0df1bbc6eeabb55e59879a45cd18abc3ff65,
2026-08-27T22:50:12Z,llm_prediction_log.csv,40,pred_date|symbol|direction|confidence|reason|horizon_td|entry_date|entry_px|exit_date|exit_px|ret_pct|bucket|hit|settled|dropped,pred_date|symbol|direction|confidence|reason|horizon_td,d4fb06e0941c403b1634072ed2708cbb083b1d2fdc0115fdb1299f03bb52e4a1,fa9fec52a2146a3008d2cf45e6b229eadf5cf0707f4cc3dd9bbcb2e57c117189,
2026-08-27T22:50:12Z,pick_ledger.csv,275,pick_date|symbol|view|mom_pct|entry_date|entry_px|exit_date|exit_px|ret_pct|bench_pct|excess_pct|call_excess_pct|hit|settled|dropped,pick_date|symbol|view|mom_pct,c1ad7a72148c188e66cce74297f8f68607dd03877a49da3e1f7d80e869cfb41d,7063418e42c5259afe4814e0a24b8aefa22e097043fe43bd2112b26c5156d695,
2026-08-27T22:50:12Z,pick_ledger_v2.csv,158,pick_date|symbol|view|mom_pct|entry_date|entry_px|exit_date|exit_px|ret_pct|bench_pct|excess_pct|call_excess_pct|hit|settled|dropped,pick_date|symbol|view|mom_pct,f7ab7fe9133e030c2ee7a24c77377f6f1c4e8251317e6b8b43d3867fa83abbc9,0434f0717b8aceb93175a7b8261a430624d16adc4b7f3e9e848f1b13816ee9ad,
2026-08-28T05:40:51Z,autodiscovery_log.csv,5894,date|candidate_id|key|family|verdict|p|recent_p,date|candidate_id|key|family|verdict|p|recent_p,115c3bd763ec9f7262c61a5fef152b6e3909948d6fe2b13918ecfa2fd08d8e5a,115c3bd763ec9f7262c61a5fef152b6e3909948d6fe2b13918ecfa2fd08d8e5a,
2026-08-28T05:40:51Z,composite_log.csv,47,date|stance|score,date|stance|score,18c1d7e7d7ff16d6f7a2fff7cf0d139ae9643ffd37ed40bfaa45b117414161e8,18c1d7e7d7ff16d6f7a2fff7cf0d139ae9643ffd37ed40bfaa45b117414161e8,
2026-08-28T05:40:51Z,regime_forward_log.csv,46,date|verdict,date|verdict,3d23ef4b135f253e8c4e770c42484a26a1e599bc66ec6727042d839f93d8ff97,3d23ef4b135f253e8c4e770c42484a26a1e599bc66ec6727042d839f93d8ff97,
2026-08-28T05:40:51Z,btc_backtest_log.csv,46,date|verdict|excess_cagr_pp,date|verdict|excess_cagr_pp,daec4f11620ddb5796bc9b797c84c38b01f1f0f02fecf4ac374701820458ef1c,daec4f11620ddb5796bc9b797c84c38b01f1f0f02fecf4ac374701820458ef1c,
2026-08-28T05:40:51Z,llm_read_log.csv,41,date|stance|text,date|stance|text,beba14be309c73a664e269775462ff71a4243723a16c71404fc8bd831c3eeb57,beba14be309c73a664e269775462ff71a4243723a16c71404fc8bd831c3eeb57,
2026-08-28T05:40:51Z,llm_monthly_log.csv,3,month|n_days|text,month|n_days|text,24f130bf870731657b5c6ff9e533ed85e9f5b7a5f7e845d291a55bf3198fbdc2,24f130bf870731657b5c6ff9e533ed85e9f5b7a5f7e845d291a55bf3198fbdc2,
2026-08-28T05:40:51Z,llm_prediction_log.csv,41,pred_date|symbol|direction|confidence|reason|horizon_td|entry_date|entry_px|exit_date|exit_px|ret_pct|bucket|hit|settled|dropped,pred_date|symbol|direction|confidence|reason|horizon_td,650c81555b339c68de0c8f90220bb216795149ccbaa5470df3d2cce4036fd37e,7c35d61317e6ec9db657e5538d0f35b6d63ff592ac7bd17406d4d55edaf0746a,
2026-08-28T05:40:51Z,pick_ledger.csv,281,pick_date|symbol|view|mom_pct|entry_date|entry_px|exit_date|exit_px|ret_pct|bench_pct|excess_pct|call_excess_pct|hit|settled|dropped,pick_date|symbol|view|mom_pct,15f2602b0b19eb4b664cac1c95ff12929824fec93c33505988031b9a1a584e39,e18ee74d5f445dc537098d28521d09393ac97f9552e27dc3598b91829dc549a0,
2026-08-28T05:40:51Z,pick_ledger_v2.csv,164,pick_date|symbol|view|mom_pct|entry_date|entry_px|exit_date|exit_px|ret_pct|bench_pct|excess_pct|call_excess_pct|hit|settled|dropped,pick_date|symbol|view|mom_pct,bd0230533bb42e5c4a65d649c1dd2d20e89966004bad3dda72b429794147ffff,6c73b994f10daadf4a1ada8fb4905b50ec90fed224d69fdc2a748f0bdd29abdc,
2026-08-28T05:40:51Z,au_pick_ledger.csv,174,pick_date|symbol|view|mom_pct|entry_date|entry_px|exit_date|exit_px|ret_pct|bench_pct|excess_pct|call_excess_pct|hit|settled|dropped,pick_date|symbol|view|mom_pct,3584c560f25481eb40f3e53958e081c4445c4380f2932089c7c05da058da0af1,798cc4944b707ea6c58092c673b18084d0cfbba789be4ad398815fc8324356e9,
2026-08-28T22:56:54Z,llm_prediction_log.csv,41,pred_date|symbol|direction|confidence|reason|horizon_td|entry_date|entry_px|exit_date|exit_px|ret_pct|bucket|hit|settled|dropped,pred_date|symbol|direction|confidence|reason|horizon_td,9ca4af63bc79dc4b4afed7eebb2cd4dcaea366275e47ea337a28bacd0a3ab0df,7c35d61317e6ec9db657e5538d0f35b6d63ff592ac7bd17406d4d55edaf0746a,
2026-08-28T22:56:54Z,pick_ledger.csv,282,pick_date|symbol|view|mom_pct|entry_date|entry_px|exit_date|exit_px|ret_pct|bench_pct|excess_pct|call_excess_pct|hit|settled|dropped,pick_date|symbol|view|mom_pct,d97c7001895dab000dc9cdff097b5e43bdf4a61e27d52e30a53730331fef0cbe,401b1f62e2aa7a091dc308e1c5efc6dd6d820d85ddd74639500dcc9c9d5f8264,
2026-08-28T22:56:54Z,pick_ledger_v2.csv,165,pick_date|symbol|view|mom_pct|entry_date|entry_px|exit_date|exit_px|ret_pct|bench_pct|excess_pct|call_excess_pct|hit|settled|dropped,pick_date|symbol|view|mom_pct,5979799809bd1325c2192b0e676eab6a8910d12ad0fdc98a8721c43fbdf61bc4,a22b93647d3463b344122bcdece603465bbfa241b97108ff83c6bef6c5266e42,
2026-08-29T03:22:52Z,autodiscovery_log.csv,6042,date|candidate_id|key|family|verdict|p|recent_p,date|candidate_id|key|family|verdict|p|recent_p,5d2df9140c49c3ebcb7a34774d11aa988dc74c19a79332443d7e4a1f77d0af9d,5d2df9140c49c3ebcb7a34774d11aa988dc74c19a79332443d7e4a1f77d0af9d,
2026-08-29T03:22:52Z,composite_log.csv,48,date|stance|score,date|stance|score,f48281bc130220a60d6c85a1e96e6a16e1c5fdd791d62d6133aa120347a55caa,f48281bc130220a60d6c85a1e96e6a16e1c5fdd791d62d6133aa120347a55caa,
2026-08-29T03:22:52Z,regime_forward_log.csv,47,date|verdict,date|verdict,7ac3bb78046dcc77e0f736c1fbc874b3e1923446dba03c469eb4cf6efbb09a92,7ac3bb78046dcc77e0f736c1fbc874b3e1923446dba03c469eb4cf6efbb09a92,
2026-08-29T03:22:52Z,btc_backtest_log.csv,47,date|verdict|excess_cagr_pp,date|verdict|excess_cagr_pp,5e3d24ffd39f0df47e65f917bb0e9d4933747101ad332854d69ce8795a9ecfbb,5e3d24ffd39f0df47e65f917bb0e9d4933747101ad332854d69ce8795a9ecfbb,
2026-08-29T03:22:52Z,llm_read_log.csv,42,date|stance|text,date|stance|text,dd2b12ed9bf120237035fdf4cedb9ebabc7168f85ef9a6ca41b61076f652df47,dd2b12ed9bf120237035fdf4cedb9ebabc7168f85ef9a6ca41b61076f652df47,
2026-08-29T03:22:52Z,llm_prediction_log.csv,42,pred_date|symbol|direction|confidence|reason|horizon_td|entry_date|entry_px|exit_date|exit_px|ret_pct|bucket|hit|settled|dropped,pred_date|symbol|direction|confidence|reason|horizon_td,625b30cf09f438175ccec0a4c5a3cffe7a7a0309fdf5149336cc4b0c157520ab,d0b49c6b44342fdf452dc40d4a1416728b3a8e71b2ef4086bec765f68ee4e2b9,
2026-08-29T03:22:52Z,pick_ledger.csv,288,pick_date|symbol|view|mom_pct|entry_date|entry_px|exit_date|exit_px|ret_pct|bench_pct|excess_pct|call_excess_pct|hit|settled|dropped,pick_date|symbol|view|mom_pct,79dbbc0345fe7e3408cee9e367e9e0c4ef11e0f4d0d0e5f55c180616087204db,2565beb72641602235891fab31f9667b54b37af2a0c63c0d10d69704eb364f11,
2026-08-29T03:22:52Z,pick_ledger_v2.csv,171,pick_date|symbol|view|mom_pct|entry_date|entry_px|exit_date|exit_px|ret_pct|bench_pct|excess_pct|call_excess_pct|hit|settled|dropped,pick_date|symbol|view|mom_pct,999562be63c590a96dc408d0cfad21331a4168fa89a59439d738db1605454cf3,4076c5fdff958c504283a1014da8774c336dad76c1626531abe4baf1898fe17c,
2026-08-29T03:22:52Z,au_pick_ledger.csv,180,pick_date|symbol|view|mom_pct|entry_date|entry_px|exit_date|exit_px|ret_pct|bench_pct|excess_pct|call_excess_pct|hit|settled|dropped,pick_date|symbol|view|mom_pct,0ad5acead4fffbca0b080635ee1b93791c93865ada5bf716de3703c226ac635a,f85207e8e42161c9d5ac60269fd302c83d0aaf281049ca7150c3dbe6338c8bf8,
2026-08-31T19:27:40Z,autodiscovery_log.csv,6190,date|candidate_id|key|family|verdict|p|recent_p,date|candidate_id|key|family|verdict|p|recent_p,bd66d1bf92cc9a1a0fc0334a6bf6019bbf74c1a67d879f4bc26b1141ba98ac09,bd66d1bf92cc9a1a0fc0334a6bf6019bbf74c1a67d879f4bc26b1141ba98ac09,
2026-08-31T19:27:40Z,composite_log.csv,49,date|stance|score,date|stance|score,9973db1251392b8f6c5ae04b32b6da0e49b0636293e7b4ecf60f16cd9cc46719,9973db1251392b8f6c5ae04b32b6da0e49b0636293e7b4ecf60f16cd9cc46719,
2026-08-31T19:27:40Z,regime_forward_log.csv,48,date|verdict,date|verdict,ce8882d4d2773d0ecfba08ca897548bacc271749c5f07577162243572fc184b7,ce8882d4d2773d0ecfba08ca897548bacc271749c5f07577162243572fc184b7,
2026-08-31T19:27:40Z,btc_backtest_log.csv,48,date|verdict|excess_cagr_pp,date|verdict|excess_cagr_pp,9e6e4ac1c9748f3cd49a76bd1c234bed83867d0fad0b950347f637d83e5c3985,9e6e4ac1c9748f3cd49a76bd1c234bed83867d0fad0b950347f637d83e5c3985,
2026-08-31T19:27:40Z,llm_read_log.csv,43,date|stance|text,date|stance|text,860abf5600cb3a3c10e415451235386b183ba1b0aa8f1e1ac8a8a2c3a3ed3ca6,860abf5600cb3a3c10e415451235386b183ba1b0aa8f1e1ac8a8a2c3a3ed3ca6,
2026-08-31T19:27:40Z,llm_weekly_log.csv,8,week|stance_trend|text,week|stance_trend|text,46084f9347f43ac379e93bfc206657260f95d37b515632253cee04d84a37e0c4,46084f9347f43ac379e93bfc206657260f95d37b515632253cee04d84a37e0c4,
2026-08-31T19:27:40Z,llm_prediction_log.csv,43,pred_date|symbol|direction|confidence|reason|horizon_td|entry_date|entry_px|exit_date|exit_px|ret_pct|bucket|hit|settled|dropped,pred_date|symbol|direction|confidence|reason|horizon_td,61e3ebe35ebc0945eb8e876eecdfa918a755d9d8241add436813d3d4d4c5cf13,75bb0e1ad3286de3dcb6bdd2a05ffd8a9140f6cd7f982ab7da1203dddc8e63da,
2026-08-31T19:27:40Z,pick_ledger.csv,294,pick_date|symbol|view|mom_pct|entry_date|entry_px|exit_date|exit_px|ret_pct|bench_pct|excess_pct|call_excess_pct|hit|settled|dropped,pick_date|symbol|view|mom_pct,2b8aae161aeab71cf31b2a1b1f52299b0bdebcc9be39789949d3ccc4e7d78866,5ff1e52cbcc7563cefc29267491b9851416173e37f6ad8b9b3ca3b6de2b11895,
2026-08-31T19:27:40Z,pick_ledger_v2.csv,177,pick_date|symbol|view|mom_pct|entry_date|entry_px|exit_date|exit_px|ret_pct|bench_pct|excess_pct|call_excess_pct|hit|settled|dropped,pick_date|symbol|view|mom_pct,88492f9429117854f2933ed8077cea5b1030dde8de907cf57c2f4d14d6025ba8,8befb87a54d8ec1247975c528088e4ded07799e34bfa1f5df4b568bedbd1053b,
2026-08-31T19:27:40Z,au_pick_ledger.csv,186,pick_date|symbol|view|mom_pct|entry_date|entry_px|exit_date|exit_px|ret_pct|bench_pct|excess_pct|call_excess_pct|hit|settled|dropped,pick_date|symbol|view|mom_pct,5f7ca6844a7f22c552fff6a308a5a7e9d3a30b92ae6788117c6bf67cb0481d24,73d629627191557dab072334346d8aeabd79b6539f75c1abe4608199ce5b93f5,
2026-08-31T19:27:40Z,insider_signal_log.csv,64,filed_date|ticker|insider|title|txn_date|shares|value|entry_date|entry_px|exit_date|exit_px|fwd_pct|spy_pct|excess_pct|hit|settled|dropped,filed_date|ticker|insider|title|txn_date|shares|value,c171deee3c854e6c9bf131959ba8a68f66953f4f0ef3db044980fb77d1eaf194,aee952c6cc5b20444d6765938fed771b20a79b2a9cee927020639460c5c8863f,
2026-09-01T00:03:19Z,composite_log.csv,50,date|stance|score,date|stance|score,87492f19f5e48f1592c8f8d74da15781f122912cad49654ef748d537b254d9bd,87492f19f5e48f1592c8f8d74da15781f122912cad49654ef748d537b254d9bd,
2026-09-01T00:03:19Z,regime_forward_log.csv,49,date|verdict,date|verdict,95f0d43b77655f6af5587779de5b38a49c81dda37de3c16d6dd4b2a96ef43089,95f0d43b77655f6af5587779de5b38a49c81dda37de3c16d6dd4b2a96ef43089,
2026-09-01T00:03:19Z,btc_backtest_log.csv,49,date|verdict|excess_cagr_pp,date|verdict|excess_cagr_pp,5a28ccd87e0ce582d719ae25321cd7c5cb30c23bacfe43ed2ea8158596d03ecc,5a28ccd87e0ce582d719ae25321cd7c5cb30c23bacfe43ed2ea8158596d03ecc,
2026-09-01T00:03:19Z,llm_read_log.csv,44,date|stance|text,date|stance|text,e23cd844db27968351f6491f491b4627afe7ff0436c51f8ede8abaf7ed2123c2,e23cd844db27968351f6491f491b4627afe7ff0436c51f8ede8abaf7ed2123c2,
2026-09-01T00:03:19Z,llm_prediction_log.csv,44,pred_date|symbol|direction|confidence|reason|horizon_td|entry_date|entry_px|exit_date|exit_px|ret_pct|bucket|hit|settled|dropped,pred_date|symbol|direction|confidence|reason|horizon_td,ca673315e77094edff5b3b6bd1b2d6d8bab359448d1f5ca18e6e5030059ba091,6d91a4877bcb76e8742379fead268d7e51787bd5bc6e516144ee1358f3ffe825,
2026-09-01T00:03:19Z,pick_ledger.csv,300,pick_date|symbol|view|mom_pct|entry_date|entry_px|exit_date|exit_px|ret_pct|bench_pct|excess_pct|call_excess_pct|hit|settled|dropped,pick_date|symbol|view|mom_pct,59c962a06492e0480d8c2a0a015febe8b86f9dada7a601111363908b617f9914,edaf17ab1445e267f76fe9aaae6629a2d538a2856bc68bb917b643ecc088db86,
2026-09-01T00:03:19Z,pick_ledger_v2.csv,183,pick_date|symbol|view|mom_pct|entry_date|entry_px|exit_date|exit_px|ret_pct|bench_pct|excess_pct|call_excess_pct|hit|settled|dropped,pick_date|symbol|view|mom_pct,ea5247006f3c59ab92d774e59b3adcccc303bec0f10e80d5cf3e7f8d5e0b696c,e78fe6ad39c75cc84a55d18c94d73d0808b35ad4c9a7460bfa74bff93b46fd22,
2026-09-01T00:03:19Z,au_pick_ledger.csv,192,pick_date|symbol|view|mom_pct|entry_date|entry_px|exit_date|exit_px|ret_pct|bench_pct|excess_pct|call_excess_pct|hit|settled|dropped,pick_date|symbol|view|mom_pct,b2a756bc0b0b9826c31bf9467810a02feb1c8c17158841c39a76de7c23d1b178,79634ea311f3f191b092940dec4f35f7a63fee89a790acb0a29432bdb75ec633,
2026-09-01T00:49:23Z,autodiscovery_log.csv,6338,date|candidate_id|key|family|verdict|p|recent_p,date|candidate_id|key|family|verdict|p|recent_p,25fd49fbccda0a4470e6fe674c8fe8889281a6a4b54312eb32a998868cacb26b,25fd49fbccda0a4470e6fe674c8fe8889281a6a4b54312eb32a998868cacb26b,
2026-09-01T00:49:23Z,au_pick_ledger.csv,192,pick_date|symbol|view|mom_pct|entry_date|entry_px|exit_date|exit_px|ret_pct|bench_pct|excess_pct|call_excess_pct|hit|settled|dropped,pick_date|symbol|view|mom_pct,dc9ae11b19b640c64ebe84e533af7b1db9a0ade44c163ff3ef10c5d4b336d26c,79634ea311f3f191b092940dec4f35f7a63fee89a790acb0a29432bdb75ec633,
2026-09-01T17:19:38Z,llm_prediction_log.csv,44,pred_date|symbol|direction|confidence|reason|horizon_td|entry_date|entry_px|exit_date|exit_px|ret_pct|bucket|hit|settled|dropped,pred_date|symbol|direction|confidence|reason|horizon_td,c9b447d299a5cf13bc9f8708c86fe38e5f55dcb05f8305bd2ed9a73a5572f98a,6d91a4877bcb76e8742379fead268d7e51787bd5bc6e516144ee1358f3ffe825,
2026-09-01T17:19:38Z,pick_ledger.csv,301,pick_date|symbol|view|mom_pct|entry_date|entry_px|exit_date|exit_px|ret_pct|bench_pct|excess_pct|call_excess_pct|hit|settled|dropped,pick_date|symbol|view|mom_pct,ff94df10c216ef9b2cebb2cff7349a789c9d32799f94b18db80765eff59974e3,36d5e8552a3aebef0f755e58595c5ef7dfcfdf6bd69fe2c47d97377f684bd596,
2026-09-01T17:19:38Z,pick_ledger_v2.csv,183,pick_date|symbol|view|mom_pct|entry_date|entry_px|exit_date|exit_px|ret_pct|bench_pct|excess_pct|call_excess_pct|hit|settled|dropped,pick_date|symbol|view|mom_pct,82d606e899db2ccf52300495aa352699c802edbd08449b3b1a07c00949ce4d72,e78fe6ad39c75cc84a55d18c94d73d0808b35ad4c9a7460bfa74bff93b46fd22,
2026-09-02T04:28:20Z,autodiscovery_log.csv,6486,date|candidate_id|key|family|verdict|p|recent_p,date|candidate_id|key|family|verdict|p|recent_p,7506b4d45e364df15fd4c26a1fdd797c9bb6bdca44c4e6bb09946480ec936f55,7506b4d45e364df15fd4c26a1fdd797c9bb6bdca44c4e6bb09946480ec936f55,
2026-09-02T04:28:20Z,composite_log.csv,51,date|stance|score,date|stance|score,be361a26193199198331ee22573ee4ca8bc2a6be0bd52f481343146a851c4df1,be361a26193199198331ee22573ee4ca8bc2a6be0bd52f481343146a851c4df1,
2026-09-02T04:28:20Z,regime_forward_log.csv,50,date|verdict,date|verdict,1810f4532616c4bc1ddbf6d2eb7af86d300a459a4ab36b633c4b2a2685fc77e4,1810f4532616c4bc1ddbf6d2eb7af86d300a459a4ab36b633c4b2a2685fc77e4,
2026-09-02T04:28:20Z,btc_backtest_log.csv,50,date|verdict|excess_cagr_pp,date|verdict|excess_cagr_pp,7a076895f7708102905d49a0ca45d9a77cc02a2c92e0b3ff1675e05225e6f364,7a076895f7708102905d49a0ca45d9a77cc02a2c92e0b3ff1675e05225e6f364,
2026-09-02T04:28:20Z,llm_prediction_log.csv,45,pred_date|symbol|direction|confidence|reason|horizon_td|entry_date|entry_px|exit_date|exit_px|ret_pct|bucket|hit|settled|dropped,pred_date|symbol|direction|confidence|reason|horizon_td,f3b710098cf3238b66f24ad63d0a9c1ac728c3bbc235f03827c5d068bf2446a4,8a7d42496014c9f0e2e5ebffd8cc65d78bcbc69d43503305d3bdd415c7e9a40e,
2026-09-02T04:28:20Z,pick_ledger.csv,307,pick_date|symbol|view|mom_pct|entry_date|entry_px|exit_date|exit_px|ret_pct|bench_pct|excess_pct|call_excess_pct|hit|settled|dropped,pick_date|symbol|view|mom_pct,d7b38aca2c29a10b36da44a5e6a96c9bd89547d65325d50dcf92cc4f003d9361,d8980c2c21534966224537ac86da7062805420476f323f10f42fa539d75789fa,
2026-09-02T04:28:20Z,pick_ledger_v2.csv,189,pick_date|symbol|view|mom_pct|entry_date|entry_px|exit_date|exit_px|ret_pct|bench_pct|excess_pct|call_excess_pct|hit|settled|dropped,pick_date|symbol|view|mom_pct,f4387baa3b2cc1162561e240283eaf7e09e47520f50327d7825e132df0dbb5cb,0943b730953c0a2f0a6492d775a01df100c5f3ecce3418e1ed7664183deaa1e8,
2026-09-02T04:28:20Z,au_pick_ledger.csv,198,pick_date|symbol|view|mom_pct|entry_date|entry_px|exit_date|exit_px|ret_pct|bench_pct|excess_pct|call_excess_pct|hit|settled|dropped,pick_date|symbol|view|mom_pct,050c94c782a8d4a9f425f40d21fd9a7946e6f72da0ca59b063f3fab4e579b8d8,b82a2294c761b0c1632c8182441606c42bb0d1f9ded1251efdf904b677bca744,
2026-09-02T07:50:13Z,llm_read_log.csv,45,date|stance|text,date|stance|text,ce8d2834d2ac4e15fc6f26bd39bf7dcee45700263a96f72887fd31ce66e4000a,ce8d2834d2ac4e15fc6f26bd39bf7dcee45700263a96f72887fd31ce66e4000a,
2026-09-02T17:06:21Z,llm_prediction_log.csv,45,pred_date|symbol|direction|confidence|reason|horizon_td|entry_date|entry_px|exit_date|exit_px|ret_pct|bucket|hit|settled|dropped,pred_date|symbol|direction|confidence|reason|horizon_td,7d4ca5a1713bd0a076256b4053a0891153c503b49613f5c476abdc5a185e759a,8a7d42496014c9f0e2e5ebffd8cc65d78bcbc69d43503305d3bdd415c7e9a40e,
2026-09-02T17:06:21Z,pick_ledger.csv,309,pick_date|symbol|view|mom_pct|entry_date|entry_px|exit_date|exit_px|ret_pct|bench_pct|excess_pct|call_excess_pct|hit|settled|dropped,pick_date|symbol|view|mom_pct,e08162a0ca1df05bdaeec27e50457d852e52df3544251d61f0a23a46d946593a,ac14ecb227dfa6db19f3cf15d41e348f0a60a5c491ad19eff4cb140f385f2aec,
2026-09-02T17:06:21Z,pick_ledger_v2.csv,189,pick_date|symbol|view|mom_pct|entry_date|entry_px|exit_date|exit_px|ret_pct|bench_pct|excess_pct|call_excess_pct|hit|settled|dropped,pick_date|symbol|view|mom_pct,fd4375c01ed0a04ae22a6d436e4a42b743e2184d3e2008399d0b43717f6a39a1,0943b730953c0a2f0a6492d775a01df100c5f3ecce3418e1ed7664183deaa1e8,
2026-09-02T17:06:21Z,insider_signal_log.csv,64,filed_date|ticker|insider|title|txn_date|shares|value|entry_date|entry_px|exit_date|exit_px|fwd_pct|spy_pct|excess_pct|hit|settled|dropped,filed_date|ticker|insider|title|txn_date|shares|value,c26b6128b26d0fa91a381c12d5d257c83bd1c156f15964a2b211410bd4eba197,aee952c6cc5b20444d6765938fed771b20a79b2a9cee927020639460c5c8863f,
2026-09-03T16:54:13Z,autodiscovery_log.csv,6634,date|candidate_id|key|family|verdict|p|recent_p,date|candidate_id|key|family|verdict|p|recent_p,af55a3c8b7fd14b0d7ab7f35bd4b7cfbb3891c9dc512e9b2d8897b3171286d46,af55a3c8b7fd14b0d7ab7f35bd4b7cfbb3891c9dc512e9b2d8897b3171286d46,
2026-09-03T16:54:13Z,composite_log.csv,52,date|stance|score,date|stance|score,08f64d7c431f39251292cb88b2b83ed2becee6530657663d4c0f4112029c7fc3,08f64d7c431f39251292cb88b2b83ed2becee6530657663d4c0f4112029c7fc3,
2026-09-03T16:54:13Z,regime_forward_log.csv,51,date|verdict,date|verdict,a9b3d78edb5a1de15585da00512482cdad35d9c1fa5213996c80cbfd037c2c60,a9b3d78edb5a1de15585da00512482cdad35d9c1fa5213996c80cbfd037c2c60,
2026-09-03T16:54:13Z,btc_backtest_log.csv,51,date|verdict|excess_cagr_pp,date|verdict|excess_cagr_pp,bb41809dd3e95dae973ada3f25294b891a2268df8c91fd855f9bce0c1dedf385,bb41809dd3e95dae973ada3f25294b891a2268df8c91fd855f9bce0c1dedf385,
2026-09-03T16:54:13Z,llm_read_log.csv,46,date|stance|text,date|stance|text,14b5e15984ec39deb5e6c78d4332ae594505544143003c5147a1a065c337c79f,14b5e15984ec39deb5e6c78d4332ae594505544143003c5147a1a065c337c79f,
2026-09-03T16:54:13Z,llm_prediction_log.csv,46,pred_date|symbol|direction|confidence|reason|horizon_td|entry_date|entry_px|exit_date|exit_px|ret_pct|bucket|hit|settled|dropped,pred_date|symbol|direction|confidence|reason|horizon_td,b15184fe53f52d6ae4e1660bfe2a66a1df0f63742313301ed0c04d3d0a941217,ea2ca0d7019897c87437a16352d835a640f3b56b367573c4827318c3d9ef1362,
2026-09-03T16:54:13Z,pick_ledger.csv,315,pick_date|symbol|view|mom_pct|entry_date|entry_px|exit_date|exit_px|ret_pct|bench_pct|excess_pct|call_excess_pct|hit|settled|dropped,pick_date|symbol|view|mom_pct,6e4f57adbb957512b8d6eaf9eeb1d877278defefb14cb5f35fbe5d42fe6b1b4f,239c1b04a3ed843d984c7e8de37cf712f3b7a043cb307e6c48c60639d9ac8fd1,
2026-09-03T16:54:13Z,pick_ledger_v2.csv,195,pick_date|symbol|view|mom_pct|entry_date|entry_px|exit_date|exit_px|ret_pct|bench_pct|excess_pct|call_excess_pct|hit|settled|dropped,pick_date|symbol|view|mom_pct,3dfc67496eb6fe4fd0e2beb1494b56a1048711044cdb425f982ed94a940fe028,d76150bdf16c9222d69e06ced41931630c2aa1257edb040021ad0d1e4dfddb4a,
2026-09-03T16:54:13Z,au_pick_ledger.csv,204,pick_date|symbol|view|mom_pct|entry_date|entry_px|exit_date|exit_px|ret_pct|bench_pct|excess_pct|call_excess_pct|hit|settled|dropped,pick_date|symbol|view|mom_pct,2db7d3737afbfa1f9b115c5d21cd5edea9b005893526ee215db3b7cf664ca4be,6df747d90917aeeb762b6ccb38abd348cca94910275fe3adc0161ad04f8792d4,
2026-09-03T23:34:31Z,pick_ledger.csv,316,pick_date|symbol|view|mom_pct|entry_date|entry_px|exit_date|exit_px|ret_pct|bench_pct|excess_pct|call_excess_pct|hit|settled|dropped,pick_date|symbol|view|mom_pct,537137a9c186f70871f94e6ce368e4bfdc2cafeb65538aadb2e72f982597e53d,0663d6277452c633fd1dcb30ae9ce1cdefe2df493e98dba9156c00ca91a96089,
2026-09-03T23:34:31Z,pick_ledger_v2.csv,195,pick_date|symbol|view|mom_pct|entry_date|entry_px|exit_date|exit_px|ret_pct|bench_pct|excess_pct|call_excess_pct|hit|settled|dropped,pick_date|symbol|view|mom_pct,dfa64d33e0397adea62b1f60ea014569c4aa541b75777e2f30462005cb1efbe8,d76150bdf16c9222d69e06ced41931630c2aa1257edb040021ad0d1e4dfddb4a,
2026-09-04T00:32:45Z,insider_signal_log.csv,94,filed_date|ticker|insider|title|txn_date|shares|value|entry_date|entry_px|exit_date|exit_px|fwd_pct|spy_pct|excess_pct|hit|settled|dropped,filed_date|ticker|insider|title|txn_date|shares|value,1b89765ba24f4a85f67fd0f6a7e4a3043e802cafa7b22b0c7eda8e08ca69dc91,bb51143f100c9d4555126184c15fbac74f3d53ee0328f6c2327c1e407ef9567d,
2026-09-04T16:49:02Z,autodiscovery_log.csv,6782,date|candidate_id|key|family|verdict|p|recent_p,date|candidate_id|key|family|verdict|p|recent_p,b01392d5225c2e8af92e79fa4bd1a7b8eb13a6d720e0ec4b042afe3cf6b19ae8,b01392d5225c2e8af92e79fa4bd1a7b8eb13a6d720e0ec4b042afe3cf6b19ae8,
2026-09-04T16:49:02Z,composite_log.csv,53,date|stance|score,date|stance|score,843a11b1cf08dba8ab01c31671e3f21936d6e1fb5929ce1bf89749185ec983db,843a11b1cf08dba8ab01c31671e3f21936d6e1fb5929ce1bf89749185ec983db,
2026-09-04T16:49:02Z,regime_forward_log.csv,52,date|verdict,date|verdict,ae6687b8d8ea9c919587f61a3e38fffcf0fbba10f3cacad702da4d1063cd0cca,ae6687b8d8ea9c919587f61a3e38fffcf0fbba10f3cacad702da4d1063cd0cca,
2026-09-04T16:49:02Z,btc_backtest_log.csv,52,date|verdict|excess_cagr_pp,date|verdict|excess_cagr_pp,7dd7173544a9f8508f9970b4972b11be26cebc2377722fefe939e54cd2f1afaa,7dd7173544a9f8508f9970b4972b11be26cebc2377722fefe939e54cd2f1afaa,
2026-09-04T16:49:02Z,llm_prediction_log.csv,47,pred_date|symbol|direction|confidence|reason|horizon_td|entry_date|entry_px|exit_date|exit_px|ret_pct|bucket|hit|settled|dropped,pred_date|symbol|direction|confidence|reason|horizon_td,f294f0f7987e88cbd96f4eb86bea61353cbcd48b97b02d7c9e5240373d3a0e23,a8593bd36b0a2c9e0c557cbb0dcb220a6a7cab0f38c1c7ea5f3befc27bcf1a9f,
2026-09-04T16:49:02Z,pick_ledger.csv,322,pick_date|symbol|view|mom_pct|entry_date|entry_px|exit_date|exit_px|ret_pct|bench_pct|excess_pct|call_excess_pct|hit|settled|dropped,pick_date|symbol|view|mom_pct,ae4a481ac6ade73a5c66758b570fc8d9eb1ce74e8fc79ee9d16781bac5c38b27,49cadb62b2758565d59fabdad89b16e42da9c9d52c9e8b59ed6cefc35aba8e4a,
2026-09-04T16:49:02Z,pick_ledger_v2.csv,201,pick_date|symbol|view|mom_pct|entry_date|entry_px|exit_date|exit_px|ret_pct|bench_pct|excess_pct|call_excess_pct|hit|settled|dropped,pick_date|symbol|view|mom_pct,0dfa313259e088bb4bebbba424a22f5fb3df66be13667f9f32b410f9c619a03f,78de8d936d3d126795d0d4fb9cb512ab82362befce900aece82a61e31a70d4a1,
2026-09-04T16:49:02Z,au_pick_ledger.csv,210,pick_date|symbol|view|mom_pct|entry_date|entry_px|exit_date|exit_px|ret_pct|bench_pct|excess_pct|call_excess_pct|hit|settled|dropped,pick_date|symbol|view|mom_pct,ddd2b9db5dd98381cac8acb3a51e5a218792b85bf92f419411aa96d344306031,1e40cadd8f8a9899b9e3812c4f81f575ad0bfac1d3c814e3ae3b90568749df37,
2026-09-06T12:35:30Z,autodiscovery_log.csv,6930,date|candidate_id|key|family|verdict|p|recent_p,date|candidate_id|key|family|verdict|p|recent_p,62e51d1840dc3807213e59edaeff4f8b28749db31f609ef9b199f260fc35fbeb,62e51d1840dc3807213e59edaeff4f8b28749db31f609ef9b199f260fc35fbeb,
2026-09-06T12:35:30Z,composite_log.csv,54,date|stance|score,date|stance|score,ce5d0f5bbb6ebb2961ab3c08c3782715272e88d0729c88621ce727d214d0e883,ce5d0f5bbb6ebb2961ab3c08c3782715272e88d0729c88621ce727d214d0e883,
2026-09-06T12:35:30Z,regime_forward_log.csv,53,date|verdict,date|verdict,ad1d5f9088ba51d6109e4220ed87373d954cd04e2da140632d604060570d5c0f,ad1d5f9088ba51d6109e4220ed87373d954cd04e2da140632d604060570d5c0f,
2026-09-06T12:35:30Z,btc_backtest_log.csv,53,date|verdict|excess_cagr_pp,date|verdict|excess_cagr_pp,93458d72a428281670553dc7c8f18867aa05d80f5f9b538cab67bb5b9ab2a955,93458d72a428281670553dc7c8f18867aa05d80f5f9b538cab67bb5b9ab2a955,
2026-09-06T12:35:30Z,llm_read_log.csv,47,date|stance|text,date|stance|text,48bc5aba3c6fb556a7a72ce3c40d55d02e0dcb641c0aaae6fe17dc7829964ca6,48bc5aba3c6fb556a7a72ce3c40d55d02e0dcb641c0aaae6fe17dc7829964ca6,
2026-09-06T12:35:30Z,llm_weekly_log.csv,9,week|stance_trend|text,week|stance_trend|text,56cce6cc681f65e5643acb67d0f904e76a39745e24f69d040f7bacdc9ab0249e,56cce6cc681f65e5643acb67d0f904e76a39745e24f69d040f7bacdc9ab0249e,
2026-09-06T12:35:30Z,llm_prediction_log.csv,48,pred_date|symbol|direction|confidence|reason|horizon_td|entry_date|entry_px|exit_date|exit_px|ret_pct|bucket|hit|settled|dropped,pred_date|symbol|direction|confidence|reason|horizon_td,22aa7727572ae74d78bbe56d709ad9bcf66b0c4bf864977cfab1ae76f1bb59eb,bb6c83020fb8cd8481402002f26b853ba70b845c966ef8f2e9d131a20e6402e2,
2026-09-06T12:35:30Z,pick_ledger.csv,328,pick_date|symbol|view|mom_pct|entry_date|entry_px|exit_date|exit_px|ret_pct|bench_pct|excess_pct|call_excess_pct|hit|settled|dropped,pick_date|symbol|view|mom_pct,0285aa9b28d28b9b3e7ba9cec6ff677d73376d51c6d65db3c3546af8dc223663,91e95233a0ed769b34984681a1b5af3f209085a4abd0acf444acb9808afa2e96,
2026-09-06T12:35:30Z,pick_ledger_v2.csv,207,pick_date|symbol|view|mom_pct|entry_date|entry_px|exit_date|exit_px|ret_pct|bench_pct|excess_pct|call_excess_pct|hit|settled|dropped,pick_date|symbol|view|mom_pct,4cdb12ea31f817002d70b899b9f0902745d1d659cd0c2aaa16029c221b3d3e0c,8b227388994bd9eeda4f96fa09e898d005c1a5f4cdd2537ad266bbd69616cbe4,
2026-09-06T12:35:30Z,au_pick_ledger.csv,216,pick_date|symbol|view|mom_pct|entry_date|entry_px|exit_date|exit_px|ret_pct|bench_pct|excess_pct|call_excess_pct|hit|settled|dropped,pick_date|symbol|view|mom_pct,777975da004c78bf4fba622769933d35630fa3659a872d464dd634284139369f,6a442ef09ba700d8b1de11cadd3c50303aa853481d456aa956536e8fb2d4286d,
2026-09-07T00:32:21Z,insider_signal_log.csv,106,filed_date|ticker|insider|title|txn_date|shares|value|entry_date|entry_px|exit_date|exit_px|fwd_pct|spy_pct|excess_pct|hit|settled|dropped,filed_date|ticker|insider|title|txn_date|shares|value,9be015b8ea44e5cb4fb5582b2fa0fc0ca890233d205933e6986a0cac32606cfc,9c8abffbff248cd00b119d42e6a5ef20585b4fee51143853a56dfc3827fb63f2,
2026-09-07T18:10:02Z,autodiscovery_log.csv,7078,date|candidate_id|key|family|verdict|p|recent_p,date|candidate_id|key|family|verdict|p|recent_p,a7edd66f95f7f4f052e1702462145bbe332455f8c7ac63d093e127eddbdab602,a7edd66f95f7f4f052e1702462145bbe332455f8c7ac63d093e127eddbdab602,
2026-09-07T18:10:02Z,composite_log.csv,55,date|stance|score,date|stance|score,19acd8c0b751cc2892347b192fc166b07101ad755789db6c01dc134af91957bf,19acd8c0b751cc2892347b192fc166b07101ad755789db6c01dc134af91957bf,
2026-09-07T18:10:02Z,regime_forward_log.csv,54,date|verdict,date|verdict,a09e2b8de84ec48ecfe49e67353aaa1f8ab87679708bf35570c76e5e95c910da,a09e2b8de84ec48ecfe49e67353aaa1f8ab87679708bf35570c76e5e95c910da,
2026-09-07T18:10:02Z,btc_backtest_log.csv,54,date|verdict|excess_cagr_pp,date|verdict|excess_cagr_pp,22548f221a3eac9a879d478e397cfef6dcb007c48c6e04d2f73dcd5c36d03f91,22548f221a3eac9a879d478e397cfef6dcb007c48c6e04d2f73dcd5c36d03f91,
2026-09-07T18:10:02Z,llm_read_log.csv,48,date|stance|text,date|stance|text,e70f95d50c8987e66b417c8037352c358f165ce368eac6747767faec320eb522,e70f95d50c8987e66b417c8037352c358f165ce368eac6747767faec320eb522,
2026-09-07T18:10:02Z,llm_prediction_log.csv,49,pred_date|symbol|direction|confidence|reason|horizon_td|entry_date|entry_px|exit_date|exit_px|ret_pct|bucket|hit|settled|dropped,pred_date|symbol|direction|confidence|reason|horizon_td,12fc6004cf7f9aeb61b283677a3ccdcddaecb10c157dd0383f882afabc9991ea,038f3d1f2521b5340d03a92ca681941f8f6a8e9e1b72161dfa9a2d943aa71254,
2026-09-07T18:10:02Z,pick_ledger.csv,334,pick_date|symbol|view|mom_pct|entry_date|entry_px|exit_date|exit_px|ret_pct|bench_pct|excess_pct|call_excess_pct|hit|settled|dropped,pick_date|symbol|view|mom_pct,586ffc96ca7ae55e5d4ced534b4828f605bf21a49cf26d8ec622f66783f641bf,50a7dfc0cacd0ff8d6cd17785b2611ba5fcd2bef0acb1e95c4c672f5146601b4,
2026-09-07T18:10:02Z,pick_ledger_v2.csv,213,pick_date|symbol|view|mom_pct|entry_date|entry_px|exit_date|exit_px|ret_pct|bench_pct|excess_pct|call_excess_pct|hit|settled|dropped,pick_date|symbol|view|mom_pct,02b65ba434fd0fb4856cef0c485a9f7594fb8979440de100cf9e0d558bfeb042,e24d640d44b7943a708ddbe891ea7ccff9fc563dc9b9c305633157fdedc1a1f6,
2026-09-07T18:10:02Z,au_pick_ledger.csv,222,pick_date|symbol|view|mom_pct|entry_date|entry_px|exit_date|exit_px|ret_pct|bench_pct|excess_pct|call_excess_pct|hit|settled|dropped,pick_date|symbol|view|mom_pct,ec2a3c90d6cddba4bb4e1f5908427969c7846dcff090ed240572d76f793adbdc,0806dff6cd9cd5799733f0b17af6e99820aebf557bf4045cc6c373d224872aa7,
